text,category,priority
Open drain overflowing near Mohalla 7 homes,Sanitation,Low
No sports facilities in Nagar Panchayat school,Education,Medium
Footover bridge broken near Puram Extension station,Transport,High
Demolition without safety measures in Colony B,Construction,Medium
No drinking water in Puram Extension school,Education,Medium
No dustbin provided in Puram Extension market,Sanitation,High
Electric poles damaged after storm near Ward 12,Electricity,High
No lighting in dark lanes near Village Kalan,Safety,Critical
No footpath for pedestrians on Old Delhi Road,Transport,Medium
Dirty conditions in Puram Extension government hospital,Healthcare,Medium
Building violating height norms in Sector 5,Construction,High
Power outage in Block 3 colony since morning,Electricity,Low
Suspicious activity near ATM in Village Kalan,Safety,Critical
Park gate broken in Block 3,Parks,Low
Illegal parking blocking Hospital Road in Sector 5,Transport,Low
Theft incidents increasing in Puram Extension locality,Safety,High
Road cave-in near Nagar Panchayat drainage line,Road,High
Garbage dump near Ward 12 residential area,Sanitation,Medium
No water supply for past 2 days in Mohalla 7,Water,High
Large pothole on Station Road causing accidents near Zone 4,Road,Low
Street lights not working on Main Bazaar since 5 days,Electricity,Medium
Water supply cut off for 5 days in Zone 4,Water,Critical
Lights flickering in Nagar Panchayat residential area,Electricity,Low
Dirty conditions in Zone 4 government hospital,Healthcare,Critical
Library books damaged in Block 3 school,Education,Medium
Footover bridge broken near Sector 5 station,Transport,Low
Overloaded vehicles causing accidents on NH-8,Transport,Low
Park walls have graffiti in Sector 5,Parks,Low
Government hospital lacks medicines in Block 3,Healthcare,Critical
Scholarship money not distributed in Puram Extension,Education,Low
Bus service not available to Town Area village,Transport,Medium
Stray dogs near garbage dump in Village Kalan,Sanitation,High
Long queues at Mohalla 7 government dispensary,Healthcare,Critical
Encroachment in Block 3 public park area,Parks,Medium
Water tank overflow flooding MG Road,Water,Low
No street lights on dark School Lane lane,Electricity,Medium
No parking facility near Zone 4 market,Transport,Low
No ASHA worker in Nagar Panchayat area since 5 days,Healthcare,Critical
No parking facility near Puram Extension market,Transport,Low
No electricity for 10 days in Colony B,Electricity,Medium
Park walls have graffiti in Nagar Panchayat,Parks,Low
No maintenance of Puram Extension garden since 30 days,Parks,Medium
Garbage dump near Block 3 residential area,Sanitation,Medium
Footover bridge broken near Colony B station,Transport,High
No drinking water in Colony B park,Parks,Low
Footover bridge broken near Colony B station,Transport,High
No toilets in Mohalla 7 government school,Education,Low
Illegal electrical connections spotted in Nagar Panchayat,Electricity,Low
Ambulance service not responding in Mohalla 7,Healthcare,Critical
Street lights not working on Temple Road since 10 days,Electricity,Low
Garbage dump near Ward 12 residential area,Sanitation,High
Unsafe scaffolding near Old Delhi Road,Construction,Low
Garbage burning near Block 3 school,Sanitation,Medium
Park gate broken in Ward 12,Parks,Low
School building in bad condition in Town Area,Education,Low
Children playground dirty and unsafe in Ward 12,Parks,Low
Road encroachment by shops on Old Delhi Road,Road,Medium
Power cut every day in Ward 12 for 21 hours,Electricity,High
Open defecation area near Sector 5 school,Sanitation,Critical
Electricity bill error for Nagar Panchayat residents,Electricity,Low
Theft incidents increasing in Mohalla 7 locality,Safety,High
No water supply for past 14 days in Block 3,Water,Low
No safety net during construction in Colony B,Construction,Medium
Footover bridge broken near Nagar Panchayat station,Transport,Medium
No security guard in Sector 5 park,Parks,Low
No water pressure in building in Zone 4,Water,High
Street lights not working on Ring Road since 2 days,Electricity,High
No doctors available at PHC in Nagar Panchayat for 7 days,Healthcare,High
Waste collection vehicle not coming to Village Kalan,Sanitation,High
Bus routes reduced suddenly in Town Area,Transport,Medium
No bus shelter at Nagar Panchayat bus stop,Transport,Medium
Expired medicines given at Sector 5 clinic,Healthcare,Critical
Ambulance service not responding in Zone 4,Healthcare,High
Playground equipment damaged in Town Area park,Parks,Low
Auto drivers overcharging passengers in Puram Extension,Transport,Low
School building in bad condition in Mohalla 7,Education,Medium
Expired medicines given at Zone 4 clinic,Healthcare,Critical
Drain blocked for 2 days in Colony B,Sanitation,High
Bridge has cracks need urgent repair on Market Street,Road,Medium
Suspicious activity near ATM in Village Kalan,Safety,High
Public toilet not maintained in Village Kalan,Sanitation,Low
Park fountains not working in Nagar Panchayat,Parks,Low
Grass not trimmed in Sector 5 public garden,Parks,Low
Bins not emptied since last week in Sector 5,Sanitation,High
Computer lab non-functional in Mohalla 7 school,Education,High
Dead animals not removed from NH-8,Sanitation,Critical
Garbage burning near Town Area school,Sanitation,High
No footpath for pedestrians on Station Road,Transport,Low
Children playground dirty and unsafe in Mohalla 7,Parks,Low
Untrained teachers in Colony B primary school,Education,High
Suspicious activity near ATM in Sector 5,Safety,Critical
Divider damaged on Ring Road main street,Road,Medium
Bridge has cracks need urgent repair on Hospital Road,Road,Medium
Construction noise during night hours in Mohalla 7,Construction,Medium
Power cut every day in Block 3 for 2 hours,Electricity,High
Leaking water pipe wasting water on School Lane,Water,Low
Medical equipment not working in Village Kalan hospital,Healthcare,High
Rowdy elements troubling residents of Zone 4,Safety,Medium
Dead animals not removed from Old Delhi Road,Sanitation,High
Rowdy elements troubling residents of Mohalla 7,Safety,Medium
Auto drivers overcharging passengers in Puram Extension,Transport,Low
No security guard in Zone 4 park,Parks,Low
Garden lights not working in Ward 12 park,Parks,Low
Unmarked speed breaker causing accidents on Hospital Road,Road,Low
Garden lights not working in Mohalla 7 park,Parks,Low
No ambulance available in Mohalla 7,Healthcare,Critical
Drug dealing happening in Nagar Panchayat park,Safety,High
Street flooding on Old Delhi Road during monsoon,Road,Low
Medical equipment not working in Colony B hospital,Healthcare,High
No bus shelter at Sector 5 bus stop,Transport,High
Bins not emptied since last week in Town Area,Sanitation,Medium
Grass not trimmed in Ward 12 public garden,Parks,Medium
Street harassment near Colony B school daily,Safety,Critical
Road is completely broken near Puram Extension since 30 days,Road,Medium
Encroachment in Zone 4 public park area,Parks,Low
Street harassment near Village Kalan school daily,Safety,Critical
Park fountains not working in Block 3,Parks,Low
Bus routes reduced suddenly in Puram Extension,Transport,Medium
School roof leaking during rain in Puram Extension,Education,Low
Public toilet not maintained in Zone 4,Sanitation,Medium
Road waterlogged after rain near Colony B,Road,Low
No toilets in Sector 5 government school,Education,Low
Police not patrolling Town Area area since 21 days,Safety,High
Sewage overflow on Old Delhi Road street near Ward 12,Sanitation,Medium
Large pothole on Main Bazaar causing accidents near Nagar Panchayat,Road,High
Encroachment in Puram Extension public park area,Parks,Low
Dirty conditions in Village Kalan government hospital,Healthcare,Medium
Illegal construction blocking Station Road in Colony B,Construction,Low
Road dividers removed illegally on School Lane,Transport,Low
No last mile connectivity in Sector 5,Transport,Low
Police not patrolling Village Kalan area since 7 days,Safety,High
Park occupied by illegal vendors in Zone 4,Parks,Medium
No toilets in Ward 12 government school,Education,Low
Unmarked speed breaker causing accidents on Old Delhi Road,Road,Medium
Hospital ward overcrowded in Puram Extension,Healthcare,Critical
Unauthorized extension built in Colony B,Construction,Medium
No water pressure in building in Colony B,Water,Low
Power outage in Puram Extension colony since morning,Electricity,Medium
Road construction debris not cleared near Sector 5,Road,High
Street harassment near Village Kalan school daily,Safety,Medium
Construction debris on footpath on Old Delhi Road,Construction,High
Auto drivers overcharging passengers in Mohalla 7,Transport,Low
Open defecation area near Zone 4 school,Sanitation,Low
Anganwadi center closed for 3 days in Nagar Panchayat,Education,Medium
Water meter showing wrong reading in Village Kalan,Water,Critical
Expired medicines given at Mohalla 7 clinic,Healthcare,Critical
Sewage mixing with drinking water in Town Area,Water,Medium
Building under construction without permit in Mohalla 7,Construction,Medium
No doctors available at PHC in Ward 12 for 30 days,Healthcare,Medium
Security cameras not working in Town Area market,Safety,Critical
Drain blocked for 2 days in Sector 5,Sanitation,High
No road markings visible at night on NH-8,Road,Low
Road construction debris not cleared near Ward 12,Road,Low
Trees fallen in Nagar Panchayat park after storm,Parks,Low
Health worker absent from Block 3 since 21 days,Healthcare,High
Rowdy elements troubling residents of Nagar Panchayat,Safety,Critical
No ASHA worker in Town Area area since 3 days,Healthcare,Medium
E-rickshaw causing traffic jam in Nagar Panchayat,Transport,Low
No ASHA worker in Block 3 area since 30 days,Healthcare,Critical
Drug dealing happening in Sector 5 park,Safety,Critical
Lights flickering in Ward 12 residential area,Electricity,Medium
No lighting in dark lanes near Colony B,Safety,Medium
Open drain overflowing near Mohalla 7 homes,Sanitation,Medium
Medical equipment not working in Puram Extension hospital,Healthcare,Critical
Open defecation area near Town Area school,Sanitation,High
Vaccination camp not organized in Nagar Panchayat,Healthcare,High
No drinking water in Town Area park,Parks,Medium
Illegal parking blocking School Lane in Village Kalan,Transport,High
No last mile connectivity in Zone 4,Transport,Low
Broken road divider on NH-8 is dangerous,Road,High
No electricity for 30 days in Town Area,Electricity,High
Theft incidents increasing in Mohalla 7 locality,Safety,Critical
Government hospital lacks medicines in Zone 4,Healthcare,High
Medical equipment not working in Sector 5 hospital,Healthcare,High
Suspicious activity near ATM in Zone 4,Safety,High
Park fountains not working in Colony B,Parks,Low
E-rickshaw causing traffic jam in Block 3,Transport,Low
Building under construction without permit in Zone 4,Construction,High
No parking facility near Town Area market,Transport,Low
Encroachment in Village Kalan public park area,Parks,Low
Long queues at Zone 4 government dispensary,Healthcare,Critical
Illegal liquor shop operating openly in Ward 12,Safety,Critical
Water supply disrupted since 3 days,Water,High
Rubble dumped on Ring Road by contractor,Construction,High
Water supply cut off for 21 days in Ward 12,Water,Low
No last mile connectivity in Colony B,Transport,Low
Vaccination camp not organized in Colony B,Healthcare,Medium
Unsafe scaffolding near MG Road,Construction,High
Dead animals not removed from Ring Road,Sanitation,Critical
No electricity for 14 days in Puram Extension,Electricity,Low
Hospital building in bad condition in Ward 12,Healthcare,Medium
Park occupied by illegal vendors in Nagar Panchayat,Parks,Medium
Broken road divider on Main Bazaar is dangerous,Road,Medium
Demolition without safety measures in Village Kalan,Construction,High
No toilets in Colony B government school,Education,Low
Illegal water connection in Ward 12,Water,Critical
Water tank overflow flooding Station Road,Water,High
Sewage overflow on Main Bazaar street near Colony B,Sanitation,High
Road dividers removed illegally on Old Delhi Road,Transport,Medium
Unauthorized commercial construction in Colony B,Construction,High
No drinking water in Nagar Panchayat school,Education,Medium
Road is completely broken near Zone 4 since 21 days,Road,Medium
Scholarship money not distributed in Zone 4,Education,Low
Electric box sparking near Sector 5 school,Electricity,Medium
Road waterlogged after rain near Nagar Panchayat,Road,Low
Road is completely broken near Nagar Panchayat since 2 days,Road,High
Park gate broken in Town Area,Parks,Low
Underground water leakage on Temple Road,Water,Critical
Electric meter not working properly in Ward 12,Electricity,Low
Unauthorized commercial construction in Colony B,Construction,Low
Untrained teachers in Mohalla 7 primary school,Education,High
Water meter showing wrong reading in Village Kalan,Water,Low
Water tank overflow flooding Hospital Road,Water,Low
Grass not trimmed in Zone 4 public garden,Parks,Low
Park benches broken and unusable in Sector 5,Parks,Low
Illegal water connection in Ward 12,Water,Low
Construction debris on footpath on MG Road,Construction,Low
Hospital ward overcrowded in Block 3,Healthcare,Critical
Computer lab non-functional in Town Area school,Education,High
No toilets in Village Kalan government school,Education,Low
School missing benches for students in Nagar Panchayat,Education,Low
Trees fallen in Block 3 park after storm,Parks,Low
Park walls have graffiti in Sector 5,Parks,Low
Waste collection vehicle not coming to Nagar Panchayat,Sanitation,High
No toilets in Zone 4 government school,Education,High
No drinking water in Village Kalan school,Education,Low
No ambulance available in Block 3,Healthcare,Critical
Street lights not working on Market Street since 3 days,Electricity,Medium
Traffic signals not working on School Lane,Transport,Medium
Ambulance service not responding in Village Kalan,Healthcare,Medium
No electricity for 5 days in Nagar Panchayat,Electricity,High
Computer lab non-functional in Nagar Panchayat school,Education,High
Night watchman absent from Sector 5,Safety,High
Park fountains not working in Block 3,Parks,Low
Water tanker not arriving on schedule in Zone 4,Water,Critical
School missing benches for students in Block 3,Education,High
No water pressure in building in Ward 12,Water,High
Water tanker not arriving on schedule in Block 3,Water,High
Dirty brown water coming from tap in Zone 4,Water,Medium
Anganwadi center closed for 5 days in Block 3,Education,High
Water meter showing wrong reading in Colony B,Water,Critical
Street flooding on NH-8 during monsoon,Road,High
Dirty brown water coming from tap in Town Area,Water,Medium
No doctors available at PHC in Ward 12 for 10 days,Healthcare,High
No maintenance of Sector 5 garden since 14 days,Parks,Medium
Security cameras not working in Town Area market,Safety,Critical
Dirty brown water coming from tap in Nagar Panchayat,Water,Medium
No specialist doctor in Town Area PHC,Healthcare,High
Construction affecting water supply in Sector 5,Construction,Low
Traffic signals not working on Ring Road,Transport,Medium
No footpath for pedestrians on Main Bazaar,Transport,High
Power outage in Town Area colony since morning,Electricity,Medium
Construction blocking entrance to Village Kalan school,Construction,Low
Unsafe scaffolding near Ring Road,Construction,Medium
No water supply for past 21 days in Mohalla 7,Water,High
Power cut every day in Puram Extension for 5 hours,Electricity,Low
Encroachment in Colony B public park area,Parks,Low
Road encroachment by shops on NH-8,Road,Low
Scholarship money not distributed in Zone 4,Education,Medium
Electricity bill error for Block 3 residents,Electricity,High
Anganwadi center closed for 30 days in Sector 5,Education,Medium
Sewage overflow on Station Road street near Village Kalan,Sanitation,Medium
No water supply for past 2 days in Zone 4,Water,High
Water tank overflow flooding Main Bazaar,Water,Critical
Encroachment in Puram Extension public park area,Parks,Low
No specialist doctor in Nagar Panchayat PHC,Healthcare,Medium
No sports facilities in Zone 4 school,Education,Medium
Computer lab non-functional in Nagar Panchayat school,Education,Medium
Trees fallen in Colony B park after storm,Parks,Low
No security guard in Nagar Panchayat park,Parks,Low
Children playground dirty and unsafe in Nagar Panchayat,Parks,Low
No water supply for past 14 days in Town Area,Water,High
Park gate broken in Block 3,Parks,Low
Potholes causing vehicle damage on Market Street,Road,Medium
No ambulance available in Village Kalan,Healthcare,Medium
Bridge has cracks need urgent repair on MG Road,Road,Medium
No footpath for pedestrians on Hospital Road,Transport,Low
No bus shelter at Puram Extension bus stop,Transport,Low
Theft incidents increasing in Nagar Panchayat locality,Safety,Medium
Electric meter not working properly in Colony B,Electricity,High
Health worker absent from Puram Extension since 5 days,Healthcare,Medium
Street lights not working on MG Road since 21 days,Electricity,Low
Library books damaged in Village Kalan school,Education,High
Water supply cut off for 21 days in Mohalla 7,Water,Critical
Traffic signals not working on Hospital Road,Transport,Low
Garden lights not working in Puram Extension park,Parks,Low
Power cut every day in Puram Extension for 7 hours,Electricity,Low
No ASHA worker in Block 3 area since 3 days,Healthcare,High
Electric meter not working properly in Mohalla 7,Electricity,High
Overloaded vehicles causing accidents on MG Road,Transport,High
Footover bridge broken near Mohalla 7 station,Transport,Low
Street harassment near Nagar Panchayat school daily,Safety,Medium
CCTV cameras not working on MG Road,Transport,Medium
Long queues at Nagar Panchayat government dispensary,Healthcare,Medium
Park fountains not working in Town Area,Parks,Low
Chain snatching incidents in Puram Extension area,Safety,Critical
Divider damaged on Hospital Road main street,Road,High
No bus shelter at Nagar Panchayat bus stop,Transport,Medium
Water pipe burst on NH-8 flooding the street,Water,Critical
No maintenance of Puram Extension garden since 5 days,Parks,Medium
Playground equipment damaged in Block 3 park,Parks,Low
Park benches broken and unusable in Zone 4,Parks,Low
School roof leaking during rain in Town Area,Education,Medium
Open drain overflowing near Sector 5 homes,Sanitation,Medium
Illegal water connection in Colony B,Water,Critical
Electricity bill error for Block 3 residents,Electricity,High
Street flooding on Hospital Road during monsoon,Road,Medium
Garbage burning near Town Area school,Sanitation,High
Park occupied by illegal vendors in Block 3,Parks,Low
Transformer blew up near Village Kalan market,Electricity,Medium
No dustbin provided in Puram Extension market,Sanitation,Low
Street harassment near Colony B school daily,Safety,High
Construction work damaging water pipeline in Village Kalan,Construction,Medium
Illegal construction blocking School Lane in Town Area,Construction,Medium
Power outage in Zone 4 colony since morning,Electricity,Low
Stray dogs near garbage dump in Nagar Panchayat,Sanitation,High
Park gate broken in Village Kalan,Parks,Low
No street lights on dark Ring Road lane,Electricity,Low
Street flooding on NH-8 during monsoon,Road,High
Government hospital lacks medicines in Zone 4,Healthcare,High
School roof leaking during rain in Block 3,Education,High
No drinking water in Nagar Panchayat school,Education,Low
Stray dogs near garbage dump in Sector 5,Sanitation,High
Road construction debris not cleared near Colony B,Road,Medium
No safety net during construction in Sector 5,Construction,High
No ambulance available in Ward 12,Healthcare,High
Mid-day meal not provided in Town Area school,Education,Low
Teachers absent regularly from Sector 5 school,Education,Low
Garbage burning near Village Kalan school,Sanitation,High
No last mile connectivity in Village Kalan,Transport,Low
Illegal electrical connections spotted in Ward 12,Electricity,High
No power supply during festival in Block 3,Electricity,Low
Children playground dirty and unsafe in Sector 5,Parks,Low
Drain blocked for 30 days in Colony B,Sanitation,Medium
No boundary wall in Colony B school,Education,Medium
Unauthorized extension built in Nagar Panchayat,Construction,Low
Traffic signals not working on MG Road,Transport,Low
Rowdy elements troubling residents of Village Kalan,Safety,Medium
School missing benches for students in Block 3,Education,High
Electric meter not working properly in Puram Extension,Electricity,High
Police not patrolling Mohalla 7 area since 21 days,Safety,High
Scholarship money not distributed in Block 3,Education,Low
Water pipeline broken near Sector 5 school,Water,Low
Building violating height norms in Nagar Panchayat,Construction,Medium
Mid-day meal not provided in Puram Extension school,Education,Low
No power supply during festival in Town Area,Electricity,High
No security guard in Colony B park,Parks,Low
Building violating height norms in Block 3,Construction,High
Power cut every day in Village Kalan for 14 hours,Electricity,Low
Divider damaged on MG Road main street,Road,Medium
No water supply for past 7 days in Puram Extension,Water,Low
No lighting in dark lanes near Nagar Panchayat,Safety,Medium
School roof leaking during rain in Nagar Panchayat,Education,High
School missing benches for students in Block 3,Education,High
Garbage not collected for 5 days in Ward 12,Sanitation,Low
Grass not trimmed in Block 3 public garden,Parks,Low
Security cameras not working in Mohalla 7 market,Safety,Medium
Road is completely broken near Block 3 since 3 days,Road,Critical
Water meter showing wrong reading in Nagar Panchayat,Water,Critical
Security cameras not working in Colony B market,Safety,Critical
No parking facility near Nagar Panchayat market,Transport,Medium
Park pathway broken and dangerous in Sector 5,Parks,Low
Divider damaged on MG Road main street,Road,High
Medical equipment not working in Ward 12 hospital,Healthcare,High
No ambulance available in Puram Extension,Healthcare,Critical
Garbage burning near Puram Extension school,Sanitation,Medium
Stray dogs near garbage dump in Village Kalan,Sanitation,High
No last mile connectivity in Mohalla 7,Transport,Medium
Trees fallen in Puram Extension park after storm,Parks,Medium
Street flooding on Hospital Road during monsoon,Road,High
No safety net during construction in Block 3,Construction,High
High voltage wire hanging low on Ring Road,Electricity,High
Building violating height norms in Colony B,Construction,Medium
Electricity bill error for Block 3 residents,Electricity,High
No toilets in Puram Extension government school,Education,High
Bins not emptied since last week in Puram Extension,Sanitation,Medium
Water tank overflow flooding School Lane,Water,Critical
No specialist doctor in Zone 4 PHC,Healthcare,High
Hospital building in bad condition in Colony B,Healthcare,Medium
No ASHA worker in Town Area area since 2 days,Healthcare,High
Road cave-in near Nagar Panchayat drainage line,Road,Low
Long queues at Village Kalan government dispensary,Healthcare,Critical
Illegal construction blocking MG Road in Sector 5,Construction,Low
Electric meter not working properly in Town Area,Electricity,High
Vaccination camp not organized in Village Kalan,Healthcare,Critical
Large pothole on Old Delhi Road causing accidents near Sector 5,Road,High
Street lights not working on Market Street since 2 days,Electricity,Medium
No drinking water in Block 3 park,Parks,Medium
Open drain overflowing near Colony B homes,Sanitation,High
Drain blocked for 14 days in Town Area,Sanitation,Low
Computer lab non-functional in Colony B school,Education,Medium
Garbage not collected for 10 days in Zone 4,Sanitation,High
Theft incidents increasing in Puram Extension locality,Safety,Critical
Blood bank not available in Mohalla 7 hospital,Healthcare,High
Illegal liquor shop operating openly in Sector 5,Safety,Medium
Lights flickering in Sector 5 residential area,Electricity,Low
Electricity bill error for Zone 4 residents,Electricity,Low
Park occupied by illegal vendors in Colony B,Parks,Low
Construction work damaging water pipeline in Town Area,Construction,High
Theft incidents increasing in Mohalla 7 locality,Safety,Medium
Health worker absent from Puram Extension since 14 days,Healthcare,Medium
Illegal weapons spotted near Nagar Panchayat,Safety,Medium
Construction work damaging water pipeline in Puram Extension,Construction,High
Power cut every day in Puram Extension for 21 hours,Electricity,Low
Water supply cut off for 30 days in Nagar Panchayat,Water,Critical
No dustbin provided in Puram Extension market,Sanitation,Medium
Unsafe scaffolding near Old Delhi Road,Construction,High
Stray dogs near garbage dump in Village Kalan,Sanitation,Critical
Children playground dirty and unsafe in Colony B,Parks,Low
School missing benches for students in Block 3,Education,Medium
Construction blocking entrance to Colony B school,Construction,Medium
No power supply during festival in Nagar Panchayat,Electricity,Medium
Street flooding on Ring Road during monsoon,Road,Medium
Transformer blew up near Puram Extension market,Electricity,Low
Teachers absent regularly from Block 3 school,Education,Medium
Street flooding on Ring Road during monsoon,Road,High
No parking facility near Mohalla 7 market,Transport,Low
Grass not trimmed in Mohalla 7 public garden,Parks,Medium
Dirty brown water coming from tap in Zone 4,Water,Medium
E-rickshaw causing traffic jam in Village Kalan,Transport,Low
Waste collection vehicle not coming to Zone 4,Sanitation,High
Medical equipment not working in Town Area hospital,Healthcare,High
Waste collection vehicle not coming to Mohalla 7,Sanitation,Critical
Unauthorized commercial construction in Nagar Panchayat,Construction,Low
Large pothole on Market Street causing accidents near Town Area,Road,Low
No ambulance available in Ward 12,Healthcare,Critical
Traffic signals not working on Hospital Road,Transport,Medium
Untrained teachers in Sector 5 primary school,Education,Low
Hospital building in bad condition in Mohalla 7,Healthcare,Medium
Lights flickering in Town Area residential area,Electricity,High
Public toilet not maintained in Sector 5,Sanitation,Medium
Park walls have graffiti in Colony B,Parks,Low
Demolition without safety measures in Zone 4,Construction,Low
Road construction debris not cleared near Mohalla 7,Road,Low
Demolition without safety measures in Mohalla 7,Construction,Low
Waste collection vehicle not coming to Mohalla 7,Sanitation,High
Road is completely broken near Zone 4 since 21 days,Road,High
No drinking water in Town Area school,Education,Low
Demolition without safety measures in Puram Extension,Construction,Medium
Open defecation area near Town Area school,Sanitation,Medium
Water supply cut off for 2 days in Block 3,Water,Low
Park benches broken and unusable in Ward 12,Parks,Low
Vaccination camp not organized in Ward 12,Healthcare,Critical
Public toilet not maintained in Colony B,Sanitation,Low
E-rickshaw causing traffic jam in Village Kalan,Transport,Medium
Electric meter not working properly in Mohalla 7,Electricity,Medium
Garbage not collected for 21 days in Block 3,Sanitation,Critical
Road encroachment by shops on Station Road,Road,High
No ASHA worker in Sector 5 area since 7 days,Healthcare,Critical
Sewage smell unbearable near Town Area,Sanitation,Critical
Children playground dirty and unsafe in Puram Extension,Parks,Low
Dirty brown water coming from tap in Block 3,Water,High
Playground equipment damaged in Puram Extension park,Parks,Medium
E-rickshaw causing traffic jam in Village Kalan,Transport,Low
School missing benches for students in Mohalla 7,Education,High
Lights flickering in Zone 4 residential area,Electricity,High
Vaccination camp not organized in Sector 5,Healthcare,High
No dustbin provided in Ward 12 market,Sanitation,Medium
Power cut every day in Nagar Panchayat for 3 hours,Electricity,Medium
Long queues at Mohalla 7 government dispensary,Healthcare,High
No parking facility near Sector 5 market,Transport,Medium
Dirty brown water coming from tap in Zone 4,Water,Medium
Grass not trimmed in Zone 4 public garden,Parks,Medium
Water pipe burst on Temple Road flooding the street,Water,Low
No boundary wall in Zone 4 school,Education,High
Building violating height norms in Village Kalan,Construction,Low
No ASHA worker in Ward 12 area since 5 days,Healthcare,Critical
Expired medicines given at Ward 12 clinic,Healthcare,Critical
Electric meter not working properly in Colony B,Electricity,High
Garbage burning near Sector 5 school,Sanitation,High
School has no blackboards in Block 3,Education,Low
Potholes causing vehicle damage on School Lane,Road,High
Stray dogs near garbage dump in Colony B,Sanitation,Medium
Water tank overflow flooding Old Delhi Road,Water,Critical
Stray dogs near garbage dump in Village Kalan,Sanitation,High
Road dividers removed illegally on Station Road,Transport,Medium
Construction dust affecting Mohalla 7 residents,Construction,Low
Park fountains not working in Colony B,Parks,Low
No ambulance available in Ward 12,Healthcare,Medium
School missing benches for students in Mohalla 7,Education,Low
Park occupied by illegal vendors in Puram Extension,Parks,Low
Park gate broken in Ward 12,Parks,Low
No lighting in dark lanes near Mohalla 7,Safety,High
Computer lab non-functional in Zone 4 school,Education,Low
Mid-day meal not provided in Zone 4 school,Education,Medium
Water tank overflow flooding Hospital Road,Water,High
Construction blocking entrance to Sector 5 school,Construction,Low
Suspicious activity near ATM in Block 3,Safety,Critical
Park fountains not working in Zone 4,Parks,Medium
Gambling den operating in Puram Extension,Safety,Critical
No ASHA worker in Colony B area since 3 days,Healthcare,Critical
Children playground dirty and unsafe in Mohalla 7,Parks,Low
Garbage burning near Block 3 school,Sanitation,Critical
Library books damaged in Nagar Panchayat school,Education,High
Water meter showing wrong reading in Puram Extension,Water,Low
Construction work damaging water pipeline in Village Kalan,Construction,Medium
Drug dealing happening in Town Area park,Safety,Medium
Scholarship money not distributed in Colony B,Education,High
Contaminated water supply causing illness in Nagar Panchayat,Water,Medium
High voltage wire hanging low on MG Road,Electricity,Medium
Playground equipment damaged in Ward 12 park,Parks,Low
Electric box sparking near Puram Extension school,Electricity,High
Demolition without safety measures in Village Kalan,Construction,Medium
School has no blackboards in Town Area,Education,Low
Construction work damaging water pipeline in Mohalla 7,Construction,Medium
Construction noise during night hours in Puram Extension,Construction,Medium
Theft incidents increasing in Colony B locality,Safety,Medium
Park benches broken and unusable in Colony B,Parks,Low
Playground equipment damaged in Mohalla 7 park,Parks,Low
No parking facility near Sector 5 market,Transport,Medium
Open defecation area near Town Area school,Sanitation,High
Transformer blew up near Ward 12 market,Electricity,High
No road markings visible at night on Hospital Road,Road,High
Library books damaged in Colony B school,Education,Medium
Expired medicines given at Ward 12 clinic,Healthcare,Critical
Water supply cut off for 2 days in Sector 5,Water,High
No parking facility near Nagar Panchayat market,Transport,Low
CCTV cameras vandalized near Puram Extension,Safety,Critical
No footpath for pedestrians on Hospital Road,Transport,Medium
Sewage mixing with drinking water in Block 3,Water,Critical
Demolition without safety measures in Puram Extension,Construction,Low
Electric poles damaged after storm near Village Kalan,Electricity,Medium
No ASHA worker in Sector 5 area since 2 days,Healthcare,Critical
No parking facility near Zone 4 market,Transport,Low
No maintenance of Mohalla 7 garden since 3 days,Parks,Low
High voltage wire hanging low on NH-8,Electricity,High
Playground equipment damaged in Block 3 park,Parks,Low
Illegal weapons spotted near Village Kalan,Safety,High
Dirty conditions in Puram Extension government hospital,Healthcare,Critical
Bins not emptied since last week in Ward 12,Sanitation,Medium
Bridge has cracks need urgent repair on Main Bazaar,Road,Low
Water tank overflow flooding Main Bazaar,Water,Low
No doctors available at PHC in Zone 4 for 30 days,Healthcare,High
No doctors available at PHC in Colony B for 3 days,Healthcare,Critical
Children playground dirty and unsafe in Block 3,Parks,Medium
Blood bank not available in Mohalla 7 hospital,Healthcare,Critical
Leaking water pipe wasting water on Main Bazaar,Water,Critical
Blood bank not available in Puram Extension hospital,Healthcare,Critical
Ambulance service not responding in Zone 4,Healthcare,Critical
No toilets in Town Area government school,Education,High
No toilets in Mohalla 7 government school,Education,Low
Water supply disrupted since 10 days,Water,High
Long queues at Mohalla 7 government dispensary,Healthcare,Medium
Dirty drain causing disease spread in Colony B,Sanitation,High
Mid-day meal not provided in Puram Extension school,Education,Medium
No water pressure in building in Village Kalan,Water,Low
Park occupied by illegal vendors in Nagar Panchayat,Parks,Low
Park walls have graffiti in Town Area,Parks,Low
Water pipeline broken near Village Kalan school,Water,High
Unsafe scaffolding near Market Street,Construction,High
Construction blocking entrance to Sector 5 school,Construction,Low
Scholarship money not distributed in Zone 4,Education,High
Unmarked speed breaker causing accidents on Market Street,Road,Medium
Electric poles damaged after storm near Block 3,Electricity,Low
Footpath broken and dangerous for walkers near Town Area,Road,High
Road is completely broken near Block 3 since 7 days,Road,Low
Computer lab non-functional in Village Kalan school,Education,Medium
Suspicious activity near ATM in Puram Extension,Safety,Critical
Sewage mixing with drinking water in Block 3,Water,Medium
No drinking water in Block 3 park,Parks,Medium
CCTV cameras not working on NH-8,Transport,Medium
No footpath for pedestrians on Ring Road,Transport,Medium
Traffic signals not working on Hospital Road,Transport,High
Medical equipment not working in Ward 12 hospital,Healthcare,High
E-rickshaw causing traffic jam in Town Area,Transport,Medium
Scholarship money not distributed in Sector 5,Education,Medium
Road cave-in near Zone 4 drainage line,Road,Critical
Bus not stopping at Block 3 stop,Transport,Medium
High voltage wire hanging low on Market Street,Electricity,Medium
Underground water leakage on Hospital Road,Water,Critical
Bus not stopping at Town Area stop,Transport,Medium
Security cameras not working in Sector 5 market,Safety,High
Long queues at Town Area government dispensary,Healthcare,High
No maintenance of Zone 4 garden since 5 days,Parks,Medium
Park benches broken and unusable in Mohalla 7,Parks,Medium
Illegal weapons spotted near Mohalla 7,Safety,High
Street flooding on Hospital Road during monsoon,Road,Critical
Hospital building in bad condition in Mohalla 7,Healthcare,High
Potholes causing vehicle damage on Old Delhi Road,Road,High
No road markings visible at night on Hospital Road,Road,Medium
Anganwadi center closed for 14 days in Puram Extension,Education,Low
Unmarked speed breaker causing accidents on MG Road,Road,Low
Illegal parking blocking MG Road in Mohalla 7,Transport,Medium
Unsafe scaffolding near Temple Road,Construction,High
Dirty conditions in Ward 12 government hospital,Healthcare,Medium
Road encroachment by shops on Ring Road,Road,Medium
School building in bad condition in Zone 4,Education,Low
Medical equipment not working in Puram Extension hospital,Healthcare,Medium
Footpath broken and dangerous for walkers near Nagar Panchayat,Road,Medium
Bins not emptied since last week in Puram Extension,Sanitation,High
Footpath broken and dangerous for walkers near Town Area,Road,Low
Road encroachment by shops on Hospital Road,Road,Critical
School missing benches for students in Village Kalan,Education,High
Construction dust affecting Nagar Panchayat residents,Construction,Medium
Electric poles damaged after storm near Block 3,Electricity,High
Road dividers removed illegally on NH-8,Transport,Low
No doctors available at PHC in Mohalla 7 for 2 days,Healthcare,Critical
Blood bank not available in Block 3 hospital,Healthcare,High
Anganwadi center closed for 30 days in Ward 12,Education,High
Traffic signals not working on Main Bazaar,Transport,Medium
School missing benches for students in Town Area,Education,Medium
Theft incidents increasing in Puram Extension locality,Safety,Critical
Leaking water pipe wasting water on Market Street,Water,High
Trees fallen in Ward 12 park after storm,Parks,Low
Dead animals not removed from Temple Road,Sanitation,High
Bins not emptied since last week in Zone 4,Sanitation,Medium
Dead animals not removed from Main Bazaar,Sanitation,High
Dirty brown water coming from tap in Colony B,Water,High
Construction dust affecting Town Area residents,Construction,Low
No road markings visible at night on Main Bazaar,Road,High
Street flooding on Ring Road during monsoon,Road,Critical
Water tank overflow flooding Station Road,Water,Medium
Rowdy elements troubling residents of Puram Extension,Safety,High
Water pipe burst on Market Street flooding the street,Water,Medium
No water pressure in building in Block 3,Water,High
Gambling den operating in Village Kalan,Safety,Medium
Ambulance service not responding in Village Kalan,Healthcare,Critical
Construction dust affecting Nagar Panchayat residents,Construction,High
No maintenance of Sector 5 garden since 14 days,Parks,Low
CCTV cameras vandalized near Mohalla 7,Safety,Medium
Encroachment in Zone 4 public park area,Parks,Medium
Chain snatching incidents in Sector 5 area,Safety,High
No water pressure in building in Mohalla 7,Water,High
Gambling den operating in Mohalla 7,Safety,Critical
Theft incidents increasing in Ward 12 locality,Safety,Critical
Bridge has cracks need urgent repair on Main Bazaar,Road,Critical
Construction work damaging water pipeline in Colony B,Construction,High
Road cave-in near Zone 4 drainage line,Road,Critical
E-rickshaw causing traffic jam in Block 3,Transport,Low
Illegal construction blocking Hospital Road in Village Kalan,Construction,Low
Garbage burning near Ward 12 school,Sanitation,Medium
No sports facilities in Sector 5 school,Education,High
Illegal parking blocking Old Delhi Road in Colony B,Transport,Low
Park benches broken and unusable in Village Kalan,Parks,Low
Bus routes reduced suddenly in Colony B,Transport,High
Hospital ward overcrowded in Village Kalan,Healthcare,Critical
Water pipe burst on Hospital Road flooding the street,Water,High
Bus service not available to Sector 5 village,Transport,Medium
Park benches broken and unusable in Block 3,Parks,Low
Road waterlogged after rain near Block 3,Road,Critical
Hospital ward overcrowded in Colony B,Healthcare,Critical
No dustbin provided in Puram Extension market,Sanitation,Medium
High voltage wire hanging low on Main Bazaar,Electricity,Low
Construction affecting water supply in Block 3,Construction,Low
Park benches broken and unusable in Village Kalan,Parks,Low
Unauthorized commercial construction in Village Kalan,Construction,Medium
Hospital building in bad condition in Ward 12,Healthcare,Critical
Untrained teachers in Town Area primary school,Education,Low
Electric box sparking near Block 3 school,Electricity,High
Security cameras not working in Ward 12 market,Safety,Critical
School building in bad condition in Village Kalan,Education,Low
Vaccination camp not organized in Nagar Panchayat,Healthcare,Critical
Sewage mixing with drinking water in Zone 4,Water,High
Encroachment in Mohalla 7 public park area,Parks,Low
Garden lights not working in Sector 5 park,Parks,Low
Illegal electrical connections spotted in Zone 4,Electricity,Medium
Library books damaged in Nagar Panchayat school,Education,High
Health worker absent from Village Kalan since 10 days,Healthcare,Critical
Construction dust affecting Block 3 residents,Construction,High
Rubble dumped on Hospital Road by contractor,Construction,Low
No ASHA worker in Block 3 area since 30 days,Healthcare,Medium
Sewage smell unbearable near Village Kalan,Sanitation,Medium
Waste collection vehicle not coming to Town Area,Sanitation,Medium
Underground water leakage on School Lane,Water,Critical
Transformer blew up near Sector 5 market,Electricity,Low
Dirty conditions in Sector 5 government hospital,Healthcare,High
No drinking water in Ward 12 park,Parks,Low
Ambulance service not responding in Sector 5,Healthcare,Medium
Sewage overflow on NH-8 street near Sector 5,Sanitation,Medium
Road waterlogged after rain near Mohalla 7,Road,Critical
Water tanker not arriving on schedule in Village Kalan,Water,Critical
Street lights not working on NH-8 since 21 days,Electricity,High
Open defecation area near Village Kalan school,Sanitation,High
Bus not stopping at Ward 12 stop,Transport,Low
Bus routes reduced suddenly in Puram Extension,Transport,High
Drug dealing happening in Village Kalan park,Safety,Critical
Building under construction without permit in Sector 5,Construction,Medium
Construction affecting water supply in Zone 4,Construction,Medium
No road markings visible at night on Hospital Road,Road,Medium
Lights flickering in Mohalla 7 residential area,Electricity,Medium
CCTV cameras vandalized near Ward 12,Safety,Critical
Street lights not working on MG Road since 3 days,Electricity,Low
No footpath for pedestrians on Main Bazaar,Transport,Low
Government hospital lacks medicines in Puram Extension,Healthcare,Critical
Street lamp broken near bus stop on Hospital Road,Electricity,Low
Electric meter not working properly in Zone 4,Electricity,High
CCTV cameras not working on MG Road,Transport,High
Encroachment in Sector 5 public park area,Parks,Low
No security guard in Mohalla 7 park,Parks,Low
Street harassment near Block 3 school daily,Safety,High
Auto drivers overcharging passengers in Ward 12,Transport,Low
Women safety issues at Block 3 bus stop,Safety,Medium
No parking facility near Village Kalan market,Transport,Medium
Chain snatching incidents in Puram Extension area,Safety,High
Drug dealing happening in Colony B park,Safety,Critical
Government hospital lacks medicines in Nagar Panchayat,Healthcare,High
No doctors available at PHC in Puram Extension for 3 days,Healthcare,High
Electric box sparking near Zone 4 school,Electricity,High
Leaking water pipe wasting water on Ring Road,Water,Critical
Water pipe burst on Station Road flooding the street,Water,High
Street flooding on NH-8 during monsoon,Road,Critical
Park fountains not working in Mohalla 7,Parks,Low
School missing benches for students in Puram Extension,Education,Medium
Night watchman absent from Zone 4,Safety,High
Electric box sparking near Sector 5 school,Electricity,Low
Building under construction without permit in Sector 5,Construction,High
Illegal weapons spotted near Village Kalan,Safety,Critical
Leaking water pipe wasting water on Main Bazaar,Water,High
Contaminated water supply causing illness in Village Kalan,Water,Critical
Police not patrolling Nagar Panchayat area since 10 days,Safety,High
Unsafe scaffolding near Old Delhi Road,Construction,Low
Potholes causing vehicle damage on School Lane,Road,Medium
Street flooding on Old Delhi Road during monsoon,Road,Medium
Scholarship money not distributed in Puram Extension,Education,High
No power supply during festival in Village Kalan,Electricity,High
High voltage wire hanging low on NH-8,Electricity,High
Footpath broken and dangerous for walkers near Mohalla 7,Road,Medium
Bus not stopping at Nagar Panchayat stop,Transport,Low
Scholarship money not distributed in Mohalla 7,Education,High
Gambling den operating in Ward 12,Safety,Medium
Hospital ward overcrowded in Village Kalan,Healthcare,High
Power outage in Puram Extension colony since morning,Electricity,Low
No dustbin provided in Nagar Panchayat market,Sanitation,Critical
Chain snatching incidents in Puram Extension area,Safety,Critical
Leaking water pipe wasting water on Market Street,Water,Critical
Road waterlogged after rain near Ward 12,Road,High
No footpath for pedestrians on Ring Road,Transport,Low
Long queues at Town Area government dispensary,Healthcare,Critical
Waste collection vehicle not coming to Sector 5,Sanitation,Medium
No toilets in Nagar Panchayat government school,Education,High
High voltage wire hanging low on Temple Road,Electricity,Low
Bins not emptied since last week in Village Kalan,Sanitation,Medium
No ASHA worker in Sector 5 area since 3 days,Healthcare,Critical
Ambulance service not responding in Nagar Panchayat,Healthcare,Critical
Untrained teachers in Block 3 primary school,Education,Low
No bus shelter at Village Kalan bus stop,Transport,Low
Hospital building in bad condition in Village Kalan,Healthcare,Medium
Illegal construction blocking NH-8 in Nagar Panchayat,Construction,Low
Trees fallen in Zone 4 park after storm,Parks,Medium
Mid-day meal not provided in Nagar Panchayat school,Education,Low
Sewage overflow on Market Street street near Zone 4,Sanitation,Medium
Bus routes reduced suddenly in Zone 4,Transport,Medium
No security guard in Zone 4 park,Parks,Medium
Park occupied by illegal vendors in Puram Extension,Parks,Medium
Bus routes reduced suddenly in Block 3,Transport,Low
Park fountains not working in Colony B,Parks,Low
Park occupied by illegal vendors in Block 3,Parks,Low
Dirty conditions in Sector 5 government hospital,Healthcare,Critical
Bus not stopping at Nagar Panchayat stop,Transport,Medium
Women safety issues at Zone 4 bus stop,Safety,Critical
Building violating height norms in Town Area,Construction,Medium
No safety net during construction in Nagar Panchayat,Construction,Low
Traffic signals not working on Temple Road,Transport,High
Garden lights not working in Zone 4 park,Parks,Medium
Overloaded vehicles causing accidents on Old Delhi Road,Transport,Medium
Water meter showing wrong reading in Block 3,Water,Low
Building violating height norms in Zone 4,Construction,Medium
Unmarked speed breaker causing accidents on Ring Road,Road,High
Divider damaged on School Lane main street,Road,Low
Power cut every day in Mohalla 7 for 14 hours,Electricity,Medium
Electric poles damaged after storm near Colony B,Electricity,High
Water tank overflow flooding Station Road,Water,Medium
No maintenance of Puram Extension garden since 30 days,Parks,Low
Garbage dump near Town Area residential area,Sanitation,High
Speed breaker damaged on Market Street highway,Road,High
CCTV cameras not working on School Lane,Transport,Medium
E-rickshaw causing traffic jam in Zone 4,Transport,Low
Park walls have graffiti in Mohalla 7,Parks,Low
Ambulance service not responding in Puram Extension,Healthcare,Critical
Hospital building in bad condition in Ward 12,Healthcare,Critical
Medical equipment not working in Puram Extension hospital,Healthcare,High
School building in bad condition in Mohalla 7,Education,High
Power cut every day in Block 3 for 7 hours,Electricity,Medium
Police not patrolling Nagar Panchayat area since 3 days,Safety,High
Water pipeline broken near Nagar Panchayat school,Water,High
Water pipeline broken near Colony B school,Water,Critical
Lights flickering in Zone 4 residential area,Electricity,Low
No parking facility near Nagar Panchayat market,Transport,Medium
Park walls have graffiti in Puram Extension,Parks,Low
Park occupied by illegal vendors in Ward 12,Parks,Low
Lights flickering in Ward 12 residential area,Electricity,Medium
Traffic signals not working on Old Delhi Road,Transport,Low
Open defecation area near Zone 4 school,Sanitation,Medium
Building violating height norms in Nagar Panchayat,Construction,Medium
Stray dogs near garbage dump in Village Kalan,Sanitation,High
Government hospital lacks medicines in Sector 5,Healthcare,High
Unauthorized commercial construction in Colony B,Construction,High
Leaking water pipe wasting water on Ring Road,Water,Critical
No boundary wall in Sector 5 school,Education,High
Dirty brown water coming from tap in Nagar Panchayat,Water,Medium
Water meter showing wrong reading in Colony B,Water,High
No road markings visible at night on Main Bazaar,Road,Medium
Electric box sparking near Nagar Panchayat school,Electricity,High
School has no blackboards in Nagar Panchayat,Education,Low
Park gate broken in Zone 4,Parks,Low
Ambulance service not responding in Sector 5,Healthcare,High
E-rickshaw causing traffic jam in Zone 4,Transport,Medium
Overloaded vehicles causing accidents on Ring Road,Transport,Low
Park walls have graffiti in Zone 4,Parks,Medium
Traffic signals not working on Market Street,Transport,High
Unmarked speed breaker causing accidents on Market Street,Road,Critical
Electric box sparking near Nagar Panchayat school,Electricity,Medium
Grass not trimmed in Zone 4 public garden,Parks,Low
Dead animals not removed from NH-8,Sanitation,Medium
Large pothole on Temple Road causing accidents near Sector 5,Road,Critical
Illegal electrical connections spotted in Colony B,Electricity,High
Unmarked speed breaker causing accidents on Old Delhi Road,Road,High
Encroachment in Village Kalan public park area,Parks,Low
Broken road divider on MG Road is dangerous,Road,Critical
Teachers absent regularly from Ward 12 school,Education,High
Road dividers removed illegally on MG Road,Transport,Low
No specialist doctor in Block 3 PHC,Healthcare,High
Illegal liquor shop operating openly in Puram Extension,Safety,Critical
CCTV cameras not working on NH-8,Transport,Low
Chain snatching incidents in Colony B area,Safety,Critical
CCTV cameras not working on MG Road,Transport,Medium
Dirty drain causing disease spread in Zone 4,Sanitation,Critical
Footover bridge broken near Village Kalan station,Transport,Medium
Garbage dump near Zone 4 residential area,Sanitation,Low
Women safety issues at Sector 5 bus stop,Safety,Critical
Medical equipment not working in Ward 12 hospital,Healthcare,High
Open drain overflowing near Colony B homes,Sanitation,Critical
Trees fallen in Ward 12 park after storm,Parks,Low
Bus service not available to Colony B village,Transport,High
No safety net during construction in Mohalla 7,Construction,Medium
No bus shelter at Mohalla 7 bus stop,Transport,Medium
Gambling den operating in Block 3,Safety,High
Blood bank not available in Colony B hospital,Healthcare,Critical
Expired medicines given at Zone 4 clinic,Healthcare,High
Street harassment near Nagar Panchayat school daily,Safety,Critical
No drinking water in Mohalla 7 school,Education,Medium
Stray dogs near garbage dump in Ward 12,Sanitation,Critical
Bus not stopping at Zone 4 stop,Transport,Medium
Women safety issues at Ward 12 bus stop,Safety,Critical
Bus routes reduced suddenly in Nagar Panchayat,Transport,Low
Bus not stopping at Mohalla 7 stop,Transport,Low
Unmarked speed breaker causing accidents on MG Road,Road,High
Gambling den operating in Zone 4,Safety,High
No last mile connectivity in Town Area,Transport,High
Bus not stopping at Zone 4 stop,Transport,Low
Untrained teachers in Nagar Panchayat primary school,Education,High
No doctors available at PHC in Mohalla 7 for 14 days,Healthcare,Critical
Electric meter not working properly in Block 3,Electricity,Low
School building in bad condition in Sector 5,Education,Medium
No maintenance of Sector 5 garden since 3 days,Parks,Low
No boundary wall in Mohalla 7 school,Education,Medium
No specialist doctor in Village Kalan PHC,Healthcare,Critical
Electric meter not working properly in Town Area,Electricity,Medium
Bridge has cracks need urgent repair on Temple Road,Road,Medium
No street lights on dark Old Delhi Road lane,Electricity,Medium
Drain blocked for 3 days in Mohalla 7,Sanitation,Critical
Street harassment near Nagar Panchayat school daily,Safety,Critical
Dirty conditions in Colony B government hospital,Healthcare,Critical
Water supply cut off for 2 days in Zone 4,Water,Critical
Street lamp broken near bus stop on Temple Road,Electricity,Medium
No parking facility near Village Kalan market,Transport,Medium
CCTV cameras not working on Station Road,Transport,High
Auto drivers overcharging passengers in Block 3,Transport,High
Bins not emptied since last week in Block 3,Sanitation,Critical
Sewage overflow on Hospital Road street near Town Area,Sanitation,Medium
Ambulance service not responding in Town Area,Healthcare,Critical
Electricity bill error for Town Area residents,Electricity,Medium
No toilets in Nagar Panchayat government school,Education,Medium
Unauthorized commercial construction in Ward 12,Construction,Low
Street lamp broken near bus stop on Station Road,Electricity,High
Footpath broken and dangerous for walkers near Block 3,Road,High
No security guard in Sector 5 park,Parks,Medium
Bus not stopping at Mohalla 7 stop,Transport,Low
Street lights not working on Hospital Road since 5 days,Electricity,High
Open drain overflowing near Block 3 homes,Sanitation,High
Park gate broken in Zone 4,Parks,Low
Health worker absent from Mohalla 7 since 10 days,Healthcare,High
Illegal construction blocking Hospital Road in Town Area,Construction,High
Grass not trimmed in Block 3 public garden,Parks,Low
CCTV cameras not working on Main Bazaar,Transport,Low
No dustbin provided in Block 3 market,Sanitation,Low
Hospital ward overcrowded in Block 3,Healthcare,Medium
Drug dealing happening in Colony B park,Safety,Critical
Street flooding on Hospital Road during monsoon,Road,Low
Water pipe burst on Main Bazaar flooding the street,Water,Low
Security cameras not working in Colony B market,Safety,Critical
Gambling den operating in Puram Extension,Safety,High
Park occupied by illegal vendors in Colony B,Parks,Medium
Night watchman absent from Town Area,Safety,Critical
Speed breaker damaged on Market Street highway,Road,High
CCTV cameras not working on Market Street,Transport,High
Water tank overflow flooding Old Delhi Road,Water,Critical
School roof leaking during rain in Mohalla 7,Education,High
Construction dust affecting Nagar Panchayat residents,Construction,High
Illegal construction blocking NH-8 in Nagar Panchayat,Construction,High
No electricity for 5 days in Village Kalan,Electricity,Low
No street lights on dark MG Road lane,Electricity,High
Speed breaker damaged on NH-8 highway,Road,Low
Public toilet not maintained in Village Kalan,Sanitation,Medium
No maintenance of Town Area garden since 21 days,Parks,Medium
Building violating height norms in Block 3,Construction,Low
Hospital building in bad condition in Block 3,Healthcare,High
No boundary wall in Sector 5 school,Education,Low
Auto drivers overcharging passengers in Village Kalan,Transport,Low
Bridge has cracks need urgent repair on Hospital Road,Road,Critical
Building violating height norms in Colony B,Construction,High
School roof leaking during rain in Village Kalan,Education,Low
Construction debris on footpath on Market Street,Construction,Medium
School roof leaking during rain in Mohalla 7,Education,Medium
Dead animals not removed from Temple Road,Sanitation,High
Gambling den operating in Village Kalan,Safety,Medium
Night watchman absent from Town Area,Safety,Medium
Untrained teachers in Village Kalan primary school,Education,High
Construction dust affecting Zone 4 residents,Construction,Medium
Construction affecting water supply in Block 3,Construction,Low
Night watchman absent from Ward 12,Safety,Critical
Untrained teachers in Nagar Panchayat primary school,Education,Medium
Security cameras not working in Block 3 market,Safety,Medium
No power supply during festival in Colony B,Electricity,Medium
Construction noise during night hours in Town Area,Construction,Low
Ambulance service not responding in Mohalla 7,Healthcare,Medium
No dustbin provided in Zone 4 market,Sanitation,Low
No street lights on dark Hospital Road lane,Electricity,High
Overloaded vehicles causing accidents on Hospital Road,Transport,Low
Street harassment near Mohalla 7 school daily,Safety,Critical
Garden lights not working in Mohalla 7 park,Parks,Medium
Grass not trimmed in Colony B public garden,Parks,Medium
School building in bad condition in Sector 5,Education,Low
Illegal construction blocking School Lane in Colony B,Construction,Low
Bus service not available to Colony B village,Transport,Medium
Ambulance service not responding in Town Area,Healthcare,Critical
Encroachment in Nagar Panchayat public park area,Parks,Medium
Street lamp broken near bus stop on School Lane,Electricity,High
Public toilet not maintained in Nagar Panchayat,Sanitation,High
Water supply cut off for 30 days in Ward 12,Water,High
Illegal weapons spotted near Ward 12,Safety,Critical
Overloaded vehicles causing accidents on Station Road,Transport,Low
No last mile connectivity in Mohalla 7,Transport,Medium
Electric poles damaged after storm near Mohalla 7,Electricity,Medium
No water supply for past 21 days in Town Area,Water,High
No electricity for 7 days in Mohalla 7,Electricity,Medium
No drinking water in Colony B school,Education,High
Road cave-in near Block 3 drainage line,Road,Medium
Medical equipment not working in Puram Extension hospital,Healthcare,Critical
Lights flickering in Ward 12 residential area,Electricity,Medium
Waste collection vehicle not coming to Block 3,Sanitation,High
No water pressure in building in Puram Extension,Water,Critical
Medical equipment not working in Ward 12 hospital,Healthcare,High
Illegal electrical connections spotted in Zone 4,Electricity,Low
Expired medicines given at Mohalla 7 clinic,Healthcare,High
Garbage not collected for 2 days in Puram Extension,Sanitation,Medium
No parking facility near Puram Extension market,Transport,High
Road cave-in near Ward 12 drainage line,Road,High
Police not patrolling Ward 12 area since 10 days,Safety,Critical
Construction dust affecting Nagar Panchayat residents,Construction,High
Rowdy elements troubling residents of Village Kalan,Safety,Critical
Park walls have graffiti in Town Area,Parks,Low
No water pressure in building in Block 3,Water,Critical
No last mile connectivity in Block 3,Transport,Low
Grass not trimmed in Mohalla 7 public garden,Parks,Low
Illegal weapons spotted near Ward 12,Safety,Critical
Drug dealing happening in Village Kalan park,Safety,High
Construction affecting water supply in Puram Extension,Construction,Low
Power outage in Village Kalan colony since morning,Electricity,High
Health worker absent from Zone 4 since 30 days,Healthcare,High
Traffic signals not working on Hospital Road,Transport,Low
Anganwadi center closed for 10 days in Mohalla 7,Education,Low
No dustbin provided in Nagar Panchayat market,Sanitation,Low
Water tank overflow flooding NH-8,Water,High
Government hospital lacks medicines in Nagar Panchayat,Healthcare,High
Hospital building in bad condition in Block 3,Healthcare,High
No doctors available at PHC in Mohalla 7 for 3 days,Healthcare,Medium
Park gate broken in Sector 5,Parks,Low
Untrained teachers in Mohalla 7 primary school,Education,High
Sewage overflow on Hospital Road street near Puram Extension,Sanitation,Medium
Water tank overflow flooding Old Delhi Road,Water,Critical
Untrained teachers in Puram Extension primary school,Education,High
Park walls have graffiti in Colony B,Parks,Low
Divider damaged on Temple Road main street,Road,High
Bins not emptied since last week in Nagar Panchayat,Sanitation,Critical
No water pressure in building in Block 3,Water,Critical
Suspicious activity near ATM in Town Area,Safety,Critical
Park fountains not working in Block 3,Parks,Medium
Medical equipment not working in Colony B hospital,Healthcare,Critical
Bus service not available to Puram Extension village,Transport,Low
Vaccination camp not organized in Town Area,Healthcare,Medium
No footpath for pedestrians on Old Delhi Road,Transport,Medium
Illegal construction blocking School Lane in Village Kalan,Construction,Medium
Hospital building in bad condition in Sector 5,Healthcare,High
Construction noise during night hours in Sector 5,Construction,Medium
Theft incidents increasing in Block 3 locality,Safety,Critical
Hospital ward overcrowded in Block 3,Healthcare,High
Electric box sparking near Ward 12 school,Electricity,Low
Anganwadi center closed for 21 days in Mohalla 7,Education,High
Footpath broken and dangerous for walkers near Town Area,Road,High
Unauthorized commercial construction in Mohalla 7,Construction,Low
Electric box sparking near Ward 12 school,Electricity,Medium
No electricity for 7 days in Mohalla 7,Electricity,Medium
Dirty brown water coming from tap in Nagar Panchayat,Water,Medium
Blood bank not available in Ward 12 hospital,Healthcare,Critical
Unauthorized commercial construction in Zone 4,Construction,High
Government hospital lacks medicines in Zone 4,Healthcare,Medium
Water supply disrupted since 7 days,Water,Critical
Construction dust affecting Nagar Panchayat residents,Construction,Medium
Vaccination camp not organized in Ward 12,Healthcare,Critical
No boundary wall in Block 3 school,Education,High
Library books damaged in Puram Extension school,Education,High
No dustbin provided in Mohalla 7 market,Sanitation,High
Electricity bill error for Block 3 residents,Electricity,High
No power supply during festival in Nagar Panchayat,Electricity,Medium
Untrained teachers in Ward 12 primary school,Education,High
Electric poles damaged after storm near Zone 4,Electricity,High
Broken road divider on NH-8 is dangerous,Road,Medium
Construction work damaging water pipeline in Block 3,Construction,High
Contaminated water supply causing illness in Sector 5,Water,Medium
Stray dogs near garbage dump in Village Kalan,Sanitation,Critical
Construction noise during night hours in Colony B,Construction,Medium
Potholes causing vehicle damage on Station Road,Road,High
Building violating height norms in Colony B,Construction,Low
Teachers absent regularly from Town Area school,Education,Medium
Power outage in Zone 4 colony since morning,Electricity,Medium
Stray dogs near garbage dump in Nagar Panchayat,Sanitation,High
Large pothole on MG Road causing accidents near Ward 12,Road,Low
Park occupied by illegal vendors in Ward 12,Parks,Low
Mid-day meal not provided in Village Kalan school,Education,High
Water pipeline broken near Puram Extension school,Water,Medium
No drinking water in Village Kalan park,Parks,Low
Mid-day meal not provided in Block 3 school,Education,High
No street lights on dark Hospital Road lane,Electricity,High
Expired medicines given at Colony B clinic,Healthcare,High
Stray dogs near garbage dump in Ward 12,Sanitation,High
No boundary wall in Town Area school,Education,Medium
Overloaded vehicles causing accidents on Market Street,Transport,Low
Power cut every day in Ward 12 for 5 hours,Electricity,High
Electric poles damaged after storm near Village Kalan,Electricity,Low
No ASHA worker in Town Area area since 21 days,Healthcare,Medium
Grass not trimmed in Colony B public garden,Parks,Medium
Encroachment in Block 3 public park area,Parks,Low
Dirty drain causing disease spread in Ward 12,Sanitation,Medium
High voltage wire hanging low on Main Bazaar,Electricity,High
Unsafe scaffolding near Old Delhi Road,Construction,Medium
Stray dogs near garbage dump in Village Kalan,Sanitation,Medium
Computer lab non-functional in Colony B school,Education,High
Illegal electrical connections spotted in Nagar Panchayat,Electricity,Low
Electricity bill error for Town Area residents,Electricity,Medium
Speed breaker damaged on Market Street highway,Road,High
High voltage wire hanging low on Temple Road,Electricity,Medium
Street lights not working on Market Street since 5 days,Electricity,Medium
No street lights on dark Station Road lane,Electricity,Medium
Water meter showing wrong reading in Nagar Panchayat,Water,Medium
Demolition without safety measures in Sector 5,Construction,High
No dustbin provided in Puram Extension market,Sanitation,High
No ambulance available in Colony B,Healthcare,High
Illegal water connection in Mohalla 7,Water,Critical
No lighting in dark lanes near Colony B,Safety,Critical
Water pipe burst on Main Bazaar flooding the street,Water,High
Medical equipment not working in Colony B hospital,Healthcare,High
CCTV cameras not working on NH-8,Transport,Medium
Library books damaged in Puram Extension school,Education,Medium
Open drain overflowing near Block 3 homes,Sanitation,High
Dirty drain causing disease spread in Town Area,Sanitation,High
No last mile connectivity in Village Kalan,Transport,Low
No boundary wall in Village Kalan school,Education,Low
Dirty conditions in Town Area government hospital,Healthcare,Critical
Water pipeline broken near Village Kalan school,Water,High
Unauthorized extension built in Zone 4,Construction,High
Road construction debris not cleared near Town Area,Road,Medium
Road encroachment by shops on Station Road,Road,Medium
Blood bank not available in Village Kalan hospital,Healthcare,Critical
No toilets in Block 3 government school,Education,Medium
Road dividers removed illegally on Station Road,Transport,Low
Library books damaged in Mohalla 7 school,Education,High
Rubble dumped on Temple Road by contractor,Construction,Medium
Illegal weapons spotted near Ward 12,Safety,High
Speed breaker damaged on MG Road highway,Road,Medium
No street lights on dark Station Road lane,Electricity,Medium
Public toilet not maintained in Puram Extension,Sanitation,Medium
Construction noise during night hours in Block 3,Construction,Medium
Hospital ward overcrowded in Mohalla 7,Healthcare,Critical
Drug dealing happening in Town Area park,Safety,High
Construction blocking entrance to Nagar Panchayat school,Construction,Medium
Untrained teachers in Ward 12 primary school,Education,Medium
CCTV cameras vandalized near Mohalla 7,Safety,Critical
Construction work damaging water pipeline in Sector 5,Construction,Low
Garbage dump near Town Area residential area,Sanitation,High
Illegal water connection in Puram Extension,Water,Critical
Untrained teachers in Block 3 primary school,Education,Medium
Dirty conditions in Mohalla 7 government hospital,Healthcare,Critical
Library books damaged in Mohalla 7 school,Education,Medium
Power cut every day in Ward 12 for 10 hours,Electricity,Low
No ASHA worker in Puram Extension area since 14 days,Healthcare,Critical
Hospital ward overcrowded in Ward 12,Healthcare,Critical
Waste collection vehicle not coming to Village Kalan,Sanitation,High
Park benches broken and unusable in Puram Extension,Parks,Low
Power cut every day in Sector 5 for 3 hours,Electricity,Low
Construction dust affecting Puram Extension residents,Construction,Medium
Open defecation area near Block 3 school,Sanitation,Critical
Road encroachment by shops on Hospital Road,Road,High
Grass not trimmed in Puram Extension public garden,Parks,Low
Bins not emptied since last week in Ward 12,Sanitation,Critical
Garbage burning near Town Area school,Sanitation,Medium
Children playground dirty and unsafe in Sector 5,Parks,Medium
Power outage in Zone 4 colony since morning,Electricity,High
No electricity for 30 days in Colony B,Electricity,Low
High voltage wire hanging low on Temple Road,Electricity,High
Ambulance service not responding in Puram Extension,Healthcare,High
Water supply disrupted since 30 days,Water,Low
Water pipe burst on Market Street flooding the street,Water,Medium
High voltage wire hanging low on Ring Road,Electricity,Medium
No water supply for past 10 days in Zone 4,Water,High
Road cave-in near Ward 12 drainage line,Road,Medium
Park fountains not working in Town Area,Parks,Low
Underground water leakage on Market Street,Water,Low
School roof leaking during rain in Village Kalan,Education,High
Police not patrolling Sector 5 area since 7 days,Safety,High
Construction affecting water supply in Nagar Panchayat,Construction,Low
Divider damaged on Main Bazaar main street,Road,High
Medical equipment not working in Nagar Panchayat hospital,Healthcare,Critical
Street harassment near Nagar Panchayat school daily,Safety,Critical
Grass not trimmed in Mohalla 7 public garden,Parks,Medium
Bins not emptied since last week in Colony B,Sanitation,Low
Road cave-in near Village Kalan drainage line,Road,Critical
Illegal parking blocking Ring Road in Colony B,Transport,Low
Lights flickering in Zone 4 residential area,Electricity,High
Waste collection vehicle not coming to Colony B,Sanitation,Medium
Street lights not working on Old Delhi Road since 10 days,Electricity,High
Overloaded vehicles causing accidents on Temple Road,Transport,High
Park benches broken and unusable in Nagar Panchayat,Parks,Low
Ambulance service not responding in Village Kalan,Healthcare,High
Power outage in Colony B colony since morning,Electricity,Low
Open drain overflowing near Town Area homes,Sanitation,High
No drinking water in Town Area park,Parks,Low
Large pothole on MG Road causing accidents near Mohalla 7,Road,Critical
Street harassment near Village Kalan school daily,Safety,Critical
Chain snatching incidents in Nagar Panchayat area,Safety,Medium
Water tank overflow flooding Ring Road,Water,High
Dirty conditions in Colony B government hospital,Healthcare,Critical
Vaccination camp not organized in Sector 5,Healthcare,Critical
Women safety issues at Zone 4 bus stop,Safety,Critical
Police not patrolling Ward 12 area since 10 days,Safety,High
Open drain overflowing near Sector 5 homes,Sanitation,Low
CCTV cameras not working on NH-8,Transport,Low
Construction blocking entrance to Mohalla 7 school,Construction,Medium
Unauthorized extension built in Puram Extension,Construction,High
Police not patrolling Sector 5 area since 5 days,Safety,Critical
Government hospital lacks medicines in Block 3,Healthcare,High
No water pressure in building in Puram Extension,Water,Critical
Overloaded vehicles causing accidents on School Lane,Transport,Low
Ambulance service not responding in Zone 4,Healthcare,High
Rubble dumped on School Lane by contractor,Construction,Low
Bridge has cracks need urgent repair on Station Road,Road,High
Vaccination camp not organized in Puram Extension,Healthcare,High
Footpath broken and dangerous for walkers near Puram Extension,Road,Medium
Construction debris on footpath on Market Street,Construction,Medium
Park benches broken and unusable in Nagar Panchayat,Parks,Medium
Gambling den operating in Zone 4,Safety,Medium
Untrained teachers in Sector 5 primary school,Education,Medium
Construction debris on footpath on Temple Road,Construction,High
Power outage in Mohalla 7 colony since morning,Electricity,Low
Teachers absent regularly from Zone 4 school,Education,Low
Construction debris on footpath on Main Bazaar,Construction,Low
Electric poles damaged after storm near Puram Extension,Electricity,High
Trees fallen in Town Area park after storm,Parks,Medium
Stray dogs near garbage dump in Town Area,Sanitation,Medium
Government hospital lacks medicines in Mohalla 7,Healthcare,Critical
Illegal liquor shop operating openly in Village Kalan,Safety,Critical
Gambling den operating in Block 3,Safety,Medium
Lights flickering in Nagar Panchayat residential area,Electricity,Low
Scholarship money not distributed in Village Kalan,Education,High
School missing benches for students in Mohalla 7,Education,Low
School has no blackboards in Block 3,Education,High
Medical equipment not working in Village Kalan hospital,Healthcare,Critical
Construction affecting water supply in Town Area,Construction,Low
School has no blackboards in Block 3,Education,Medium
Illegal electrical connections spotted in Sector 5,Electricity,Low
Park fountains not working in Sector 5,Parks,Low
Construction work damaging water pipeline in Ward 12,Construction,High
Garbage dump near Nagar Panchayat residential area,Sanitation,Critical
Rubble dumped on Old Delhi Road by contractor,Construction,Medium
Lights flickering in Puram Extension residential area,Electricity,Low
Garbage not collected for 5 days in Sector 5,Sanitation,High
No safety net during construction in Town Area,Construction,Medium
Park benches broken and unusable in Block 3,Parks,Low
No lighting in dark lanes near Sector 5,Safety,Critical
No lighting in dark lanes near Puram Extension,Safety,Medium
No last mile connectivity in Village Kalan,Transport,Low
Blood bank not available in Sector 5 hospital,Healthcare,Critical
Road dividers removed illegally on Main Bazaar,Transport,Low
Scholarship money not distributed in Nagar Panchayat,Education,Low
Building under construction without permit in Town Area,Construction,Low
Park benches broken and unusable in Colony B,Parks,Medium
No drinking water in Mohalla 7 school,Education,Medium
Construction noise during night hours in Nagar Panchayat,Construction,Low
No boundary wall in Village Kalan school,Education,Medium
No sports facilities in Sector 5 school,Education,Low
Rowdy elements troubling residents of Village Kalan,Safety,Critical
Bus routes reduced suddenly in Ward 12,Transport,Medium
Leaking water pipe wasting water on Hospital Road,Water,Low
Footpath broken and dangerous for walkers near Ward 12,Road,Medium
Long queues at Zone 4 government dispensary,Healthcare,High
Illegal construction blocking Main Bazaar in Puram Extension,Construction,Low
No parking facility near Ward 12 market,Transport,Medium
Broken road divider on Station Road is dangerous,Road,Critical
No doctors available at PHC in Colony B for 14 days,Healthcare,Critical
Theft incidents increasing in Mohalla 7 locality,Safety,Medium
Auto drivers overcharging passengers in Colony B,Transport,Medium
No water supply for past 14 days in Puram Extension,Water,High
Street lamp broken near bus stop on Station Road,Electricity,High
No boundary wall in Mohalla 7 school,Education,Medium
Water pipe burst on Market Street flooding the street,Water,Medium
Street harassment near Village Kalan school daily,Safety,High
Untrained teachers in Zone 4 primary school,Education,High
Traffic signals not working on Old Delhi Road,Transport,Low
Garbage burning near Village Kalan school,Sanitation,Medium
Transformer blew up near Puram Extension market,Electricity,High
No last mile connectivity in Zone 4,Transport,Low
Bus routes reduced suddenly in Colony B,Transport,Low
No drinking water in Village Kalan school,Education,Medium
Vaccination camp not organized in Village Kalan,Healthcare,Critical
Children playground dirty and unsafe in Mohalla 7,Parks,Medium
Ambulance service not responding in Colony B,Healthcare,Medium
No sports facilities in Zone 4 school,Education,Medium
Construction work damaging water pipeline in Sector 5,Construction,Medium
Dirty drain causing disease spread in Nagar Panchayat,Sanitation,Medium
Women safety issues at Mohalla 7 bus stop,Safety,Critical
Broken road divider on Market Street is dangerous,Road,Critical
Trees fallen in Colony B park after storm,Parks,Low
Large pothole on Station Road causing accidents near Block 3,Road,Medium
Park fountains not working in Puram Extension,Parks,Low
Unauthorized extension built in Village Kalan,Construction,Medium
Broken road divider on Market Street is dangerous,Road,Critical
High voltage wire hanging low on MG Road,Electricity,Low
No boundary wall in Block 3 school,Education,Medium
No safety net during construction in Puram Extension,Construction,Low
Road is completely broken near Village Kalan since 14 days,Road,Low
No boundary wall in Village Kalan school,Education,Medium
No bus shelter at Nagar Panchayat bus stop,Transport,Medium
No ambulance available in Village Kalan,Healthcare,Critical
Blood bank not available in Village Kalan hospital,Healthcare,High
Rubble dumped on School Lane by contractor,Construction,Low
CCTV cameras vandalized near Village Kalan,Safety,Critical
Auto drivers overcharging passengers in Block 3,Transport,Low
Sewage mixing with drinking water in Puram Extension,Water,Medium
Park benches broken and unusable in Colony B,Parks,Low
Road construction debris not cleared near Zone 4,Road,High
Illegal electrical connections spotted in Ward 12,Electricity,Medium
No drinking water in Zone 4 park,Parks,Low
Water supply disrupted since 21 days,Water,Critical
Bins not emptied since last week in Village Kalan,Sanitation,High
Construction work damaging water pipeline in Puram Extension,Construction,High
No last mile connectivity in Mohalla 7,Transport,Medium
Park fountains not working in Block 3,Parks,Low
Bins not emptied since last week in Ward 12,Sanitation,Low
No ambulance available in Block 3,Healthcare,Critical
Demolition without safety measures in Colony B,Construction,High
Stray dogs near garbage dump in Puram Extension,Sanitation,Critical
Building under construction without permit in Puram Extension,Construction,High
Street lamp broken near bus stop on Station Road,Electricity,High
Street lights not working on Temple Road since 14 days,Electricity,Medium
Park walls have graffiti in Town Area,Parks,Medium
Unauthorized commercial construction in Puram Extension,Construction,Low
Children playground dirty and unsafe in Sector 5,Parks,Low
Water tanker not arriving on schedule in Zone 4,Water,Low
Garbage dump near Nagar Panchayat residential area,Sanitation,Low
Electricity bill error for Zone 4 residents,Electricity,High
No safety net during construction in Mohalla 7,Construction,Medium
Hospital building in bad condition in Block 3,Healthcare,High
Sewage mixing with drinking water in Zone 4,Water,High
Overloaded vehicles causing accidents on NH-8,Transport,Low
Water tanker not arriving on schedule in Ward 12,Water,High
No power supply during festival in Block 3,Electricity,Medium
Unauthorized commercial construction in Sector 5,Construction,High
Health worker absent from Nagar Panchayat since 30 days,Healthcare,Critical
No ASHA worker in Mohalla 7 area since 3 days,Healthcare,High
Underground water leakage on Hospital Road,Water,High
Night watchman absent from Nagar Panchayat,Safety,High
Street lights not working on Main Bazaar since 10 days,Electricity,High
Footover bridge broken near Nagar Panchayat station,Transport,Medium
Expired medicines given at Nagar Panchayat clinic,Healthcare,High
No boundary wall in Block 3 school,Education,Medium
Water meter showing wrong reading in Ward 12,Water,High
Unsafe scaffolding near MG Road,Construction,Medium
Water supply cut off for 21 days in Sector 5,Water,Critical
Open defecation area near Block 3 school,Sanitation,Critical
Road dividers removed illegally on Market Street,Transport,Low
Illegal weapons spotted near Town Area,Safety,Medium
Blood bank not available in Ward 12 hospital,Healthcare,Critical
No lighting in dark lanes near Village Kalan,Safety,High
Illegal parking blocking NH-8 in Mohalla 7,Transport,Low
Footover bridge broken near Block 3 station,Transport,High
Garden lights not working in Colony B park,Parks,Low
Long queues at Sector 5 government dispensary,Healthcare,High
Bus not stopping at Zone 4 stop,Transport,Low
Playground equipment damaged in Ward 12 park,Parks,Low
CCTV cameras vandalized near Village Kalan,Safety,High
Water pipe burst on Hospital Road flooding the street,Water,High
Gambling den operating in Colony B,Safety,High
Construction blocking entrance to Colony B school,Construction,High
Illegal electrical connections spotted in Sector 5,Electricity,Medium
Electric box sparking near Town Area school,Electricity,Low
Unauthorized extension built in Nagar Panchayat,Construction,High
Dead animals not removed from Hospital Road,Sanitation,High
Anganwadi center closed for 30 days in Town Area,Education,Medium
Lights flickering in Colony B residential area,Electricity,High
Bins not emptied since last week in Zone 4,Sanitation,Medium
Park benches broken and unusable in Nagar Panchayat,Parks,Low
Street harassment near Town Area school daily,Safety,Medium
Stray dogs near garbage dump in Colony B,Sanitation,Medium
Illegal water connection in Colony B,Water,High
School building in bad condition in Ward 12,Education,High
Road cave-in near Colony B drainage line,Road,Medium
Encroachment in Town Area public park area,Parks,Low
Long queues at Sector 5 government dispensary,Healthcare,Critical
Traffic signals not working on Old Delhi Road,Transport,Low
Road waterlogged after rain near Nagar Panchayat,Road,Medium
No parking facility near Colony B market,Transport,Medium
Security cameras not working in Ward 12 market,Safety,Medium
Expired medicines given at Ward 12 clinic,Healthcare,Critical
Traffic signals not working on Old Delhi Road,Transport,Medium
No specialist doctor in Mohalla 7 PHC,Healthcare,High
Footover bridge broken near Block 3 station,Transport,High
Blood bank not available in Mohalla 7 hospital,Healthcare,High
Bus routes reduced suddenly in Ward 12,Transport,High
Building under construction without permit in Block 3,Construction,Medium
Park gate broken in Mohalla 7,Parks,Medium
Blood bank not available in Village Kalan hospital,Healthcare,Critical
Night watchman absent from Block 3,Safety,Medium
No safety net during construction in Village Kalan,Construction,High
Unauthorized extension built in Mohalla 7,Construction,High
No lighting in dark lanes near Zone 4,Safety,High
School missing benches for students in Block 3,Education,High
Construction noise during night hours in Colony B,Construction,High
Open drain overflowing near Puram Extension homes,Sanitation,Critical
No water pressure in building in Town Area,Water,Critical
Playground equipment damaged in Sector 5 park,Parks,Medium
Security cameras not working in Block 3 market,Safety,Medium
No drinking water in Mohalla 7 park,Parks,Medium
Suspicious activity near ATM in Block 3,Safety,Critical
Illegal liquor shop operating openly in Mohalla 7,Safety,High
Park occupied by illegal vendors in Colony B,Parks,Low
Illegal water connection in Village Kalan,Water,Medium
No ASHA worker in Mohalla 7 area since 7 days,Healthcare,Critical
Building under construction without permit in Colony B,Construction,High
Ambulance service not responding in Village Kalan,Healthcare,High
No drinking water in Village Kalan school,Education,High
Rowdy elements troubling residents of Nagar Panchayat,Safety,High
Security cameras not working in Village Kalan market,Safety,Medium
Water meter showing wrong reading in Village Kalan,Water,Medium
Construction work damaging water pipeline in Puram Extension,Construction,Medium
Footover bridge broken near Block 3 station,Transport,Low
No specialist doctor in Town Area PHC,Healthcare,Critical
Hospital ward overcrowded in Village Kalan,Healthcare,High
Computer lab non-functional in Puram Extension school,Education,Low
Night watchman absent from Sector 5,Safety,Critical
Long queues at Town Area government dispensary,Healthcare,Critical
Building under construction without permit in Block 3,Construction,High
Overloaded vehicles causing accidents on Station Road,Transport,Low
Auto drivers overcharging passengers in Zone 4,Transport,Medium
Drug dealing happening in Zone 4 park,Safety,Critical
Auto drivers overcharging passengers in Nagar Panchayat,Transport,High
No street lights on dark Hospital Road lane,Electricity,Medium
Transformer blew up near Zone 4 market,Electricity,Medium
Demolition without safety measures in Zone 4,Construction,Low
Road waterlogged after rain near Block 3,Road,High
Dirty conditions in Puram Extension government hospital,Healthcare,Critical
Waste collection vehicle not coming to Sector 5,Sanitation,Critical
Construction affecting water supply in Puram Extension,Construction,High
Mid-day meal not provided in Colony B school,Education,High
Construction noise during night hours in Nagar Panchayat,Construction,Low
No electricity for 3 days in Puram Extension,Electricity,High
Bus not stopping at Mohalla 7 stop,Transport,Medium
Road encroachment by shops on School Lane,Road,High
Police not patrolling Village Kalan area since 21 days,Safety,Critical
Power cut every day in Town Area for 30 hours,Electricity,Low
Auto drivers overcharging passengers in Colony B,Transport,Medium
Electric meter not working properly in Block 3,Electricity,Low
Construction blocking entrance to Block 3 school,Construction,High
Street harassment near Nagar Panchayat school daily,Safety,Medium
No safety net during construction in Sector 5,Construction,Low
Anganwadi center closed for 5 days in Sector 5,Education,High
School roof leaking during rain in Zone 4,Education,Medium
Garden lights not working in Village Kalan park,Parks,Low
Encroachment in Nagar Panchayat public park area,Parks,Medium
Library books damaged in Colony B school,Education,Low
Street flooding on Hospital Road during monsoon,Road,Low
Water meter showing wrong reading in Town Area,Water,High
Women safety issues at Town Area bus stop,Safety,Medium
Water supply cut off for 10 days in Nagar Panchayat,Water,Low
Auto drivers overcharging passengers in Block 3,Transport,Medium
Lights flickering in Nagar Panchayat residential area,Electricity,Low
Divider damaged on Hospital Road main street,Road,Medium
Computer lab non-functional in Mohalla 7 school,Education,Medium
Divider damaged on NH-8 main street,Road,High
Gambling den operating in Town Area,Safety,High
School building in bad condition in Zone 4,Education,Medium
Medical equipment not working in Block 3 hospital,Healthcare,Critical
No ASHA worker in Ward 12 area since 14 days,Healthcare,Medium
Dirty conditions in Town Area government hospital,Healthcare,Medium
Scholarship money not distributed in Ward 12,Education,High
No water pressure in building in Sector 5,Water,Medium
Suspicious activity near ATM in Block 3,Safety,Critical
No water supply for past 5 days in Block 3,Water,Critical
Government hospital lacks medicines in Village Kalan,Healthcare,High
No water pressure in building in Puram Extension,Water,High
Long queues at Sector 5 government dispensary,Healthcare,Critical
Waste collection vehicle not coming to Block 3,Sanitation,High
No ASHA worker in Block 3 area since 14 days,Healthcare,Critical
Transformer blew up near Town Area market,Electricity,Medium
Blood bank not available in Nagar Panchayat hospital,Healthcare,Critical
No doctors available at PHC in Block 3 for 3 days,Healthcare,Medium
Construction dust affecting Colony B residents,Construction,Low
Grass not trimmed in Ward 12 public garden,Parks,Low
Blood bank not available in Sector 5 hospital,Healthcare,Critical
School building in bad condition in Village Kalan,Education,High
School missing benches for students in Mohalla 7,Education,High
Unmarked speed breaker causing accidents on Old Delhi Road,Road,Critical
Women safety issues at Block 3 bus stop,Safety,Medium
Water tank overflow flooding Temple Road,Water,Critical
Leaking water pipe wasting water on Temple Road,Water,High
Sewage overflow on Hospital Road street near Village Kalan,Sanitation,Low
No doctors available at PHC in Sector 5 for 21 days,Healthcare,High
Blood bank not available in Zone 4 hospital,Healthcare,Critical
Footpath broken and dangerous for walkers near Sector 5,Road,High
Night watchman absent from Mohalla 7,Safety,Medium
No water supply for past 21 days in Puram Extension,Water,High
Open defecation area near Nagar Panchayat school,Sanitation,Critical
Ambulance service not responding in Ward 12,Healthcare,Critical
Women safety issues at Nagar Panchayat bus stop,Safety,Medium
Road cave-in near Colony B drainage line,Road,Medium
High voltage wire hanging low on NH-8,Electricity,Medium
Dead animals not removed from Station Road,Sanitation,Critical
Sewage mixing with drinking water in Ward 12,Water,High
School roof leaking during rain in Colony B,Education,Medium
Bus not stopping at Puram Extension stop,Transport,High
Park gate broken in Zone 4,Parks,Low
Illegal electrical connections spotted in Village Kalan,Electricity,Low
School missing benches for students in Nagar Panchayat,Education,Medium
Untrained teachers in Zone 4 primary school,Education,Low
Water tanker not arriving on schedule in Village Kalan,Water,Medium
Sewage smell unbearable near Town Area,Sanitation,Medium
Teachers absent regularly from Mohalla 7 school,Education,Low
Ambulance service not responding in Town Area,Healthcare,Critical
Potholes causing vehicle damage on School Lane,Road,Low
Scholarship money not distributed in Mohalla 7,Education,High
Grass not trimmed in Zone 4 public garden,Parks,Low
Road dividers removed illegally on NH-8,Transport,Medium
No ambulance available in Mohalla 7,Healthcare,Medium
Dirty conditions in Village Kalan government hospital,Healthcare,Medium
Open drain overflowing near Nagar Panchayat homes,Sanitation,High
Electricity bill error for Sector 5 residents,Electricity,Medium
Power cut every day in Nagar Panchayat for 3 hours,Electricity,Medium
Police not patrolling Ward 12 area since 3 days,Safety,High
No bus shelter at Puram Extension bus stop,Transport,Low
Construction affecting water supply in Puram Extension,Construction,High
No footpath for pedestrians on Station Road,Transport,Medium
Speed breaker damaged on Station Road highway,Road,Medium
Street lights not working on Market Street since 2 days,Electricity,Low
School building in bad condition in Nagar Panchayat,Education,High
No sports facilities in Village Kalan school,Education,Low
Blood bank not available in Block 3 hospital,Healthcare,High
Bus routes reduced suddenly in Town Area,Transport,Medium
Underground water leakage on Station Road,Water,Low
Children playground dirty and unsafe in Zone 4,Parks,Low
No security guard in Puram Extension park,Parks,Medium
Open defecation area near Nagar Panchayat school,Sanitation,Medium
Illegal construction blocking School Lane in Sector 5,Construction,Medium
Library books damaged in Zone 4 school,Education,Medium
No safety net during construction in Sector 5,Construction,Medium
Water tanker not arriving on schedule in Zone 4,Water,Low
Electric box sparking near Village Kalan school,Electricity,Medium
Sewage mixing with drinking water in Block 3,Water,Critical
Scholarship money not distributed in Sector 5,Education,Low
Mid-day meal not provided in Puram Extension school,Education,Medium
Bus not stopping at Sector 5 stop,Transport,Low
Drain blocked for 21 days in Puram Extension,Sanitation,High
Park walls have graffiti in Puram Extension,Parks,Low
Anganwadi center closed for 14 days in Ward 12,Education,Low
Drain blocked for 3 days in Puram Extension,Sanitation,Low
CCTV cameras vandalized near Town Area,Safety,Critical
Road construction debris not cleared near Sector 5,Road,Medium
Police not patrolling Colony B area since 14 days,Safety,High
Footpath broken and dangerous for walkers near Village Kalan,Road,Medium
No drinking water in Block 3 park,Parks,Low
CCTV cameras not working on Ring Road,Transport,Low
Garbage dump near Block 3 residential area,Sanitation,Low
No boundary wall in Mohalla 7 school,Education,High
Water pipeline broken near Zone 4 school,Water,High
Grass not trimmed in Sector 5 public garden,Parks,Low
Speed breaker damaged on Ring Road highway,Road,Critical
Untrained teachers in Mohalla 7 primary school,Education,Low
Park pathway broken and dangerous in Mohalla 7,Parks,Medium
Expired medicines given at Town Area clinic,Healthcare,Critical
Water supply disrupted since 3 days,Water,High
Transformer blew up near Nagar Panchayat market,Electricity,Medium
Power outage in Puram Extension colony since morning,Electricity,Low
Unmarked speed breaker causing accidents on Old Delhi Road,Road,Low
Water supply cut off for 21 days in Zone 4,Water,Critical
CCTV cameras not working on Temple Road,Transport,Medium
Illegal liquor shop operating openly in Ward 12,Safety,Critical
Expired medicines given at Ward 12 clinic,Healthcare,Critical
Children playground dirty and unsafe in Colony B,Parks,Low
Sewage mixing with drinking water in Zone 4,Water,High
Illegal weapons spotted near Block 3,Safety,High
Water supply cut off for 14 days in Nagar Panchayat,Water,Medium
Garbage dump near Sector 5 residential area,Sanitation,High
Night watchman absent from Mohalla 7,Safety,High
Park pathway broken and dangerous in Town Area,Parks,Low
No road markings visible at night on Hospital Road,Road,Medium
Auto drivers overcharging passengers in Village Kalan,Transport,Medium
Public toilet not maintained in Ward 12,Sanitation,High
Sewage overflow on Temple Road street near Zone 4,Sanitation,High
Security cameras not working in Colony B market,Safety,Critical
Untrained teachers in Village Kalan primary school,Education,Medium
Grass not trimmed in Mohalla 7 public garden,Parks,Low
Road cave-in near Town Area drainage line,Road,Low
Grass not trimmed in Town Area public garden,Parks,Medium
Chain snatching incidents in Mohalla 7 area,Safety,Medium
Leaking water pipe wasting water on Station Road,Water,High
Unmarked speed breaker causing accidents on School Lane,Road,Low
Construction affecting water supply in Mohalla 7,Construction,Low
Construction debris on footpath on Hospital Road,Construction,High
E-rickshaw causing traffic jam in Colony B,Transport,Medium
School missing benches for students in Village Kalan,Education,Low
Electric box sparking near Colony B school,Electricity,Medium
E-rickshaw causing traffic jam in Block 3,Transport,Low
Public toilet not maintained in Colony B,Sanitation,High
Water pipeline broken near Colony B school,Water,Critical
Park occupied by illegal vendors in Colony B,Parks,Low
Anganwadi center closed for 14 days in Colony B,Education,Medium
Lights flickering in Nagar Panchayat residential area,Electricity,Medium
Water supply cut off for 10 days in Ward 12,Water,High
Bus service not available to Nagar Panchayat village,Transport,Medium
Hospital building in bad condition in Puram Extension,Healthcare,High
No parking facility near Puram Extension market,Transport,Low
No electricity for 30 days in Block 3,Electricity,High
Gambling den operating in Sector 5,Safety,High
Open drain overflowing near Colony B homes,Sanitation,High
Water tanker not arriving on schedule in Block 3,Water,Low
Footpath broken and dangerous for walkers near Nagar Panchayat,Road,Medium
Park gate broken in Mohalla 7,Parks,Medium
Road construction debris not cleared near Colony B,Road,Medium
Illegal liquor shop operating openly in Zone 4,Safety,Critical
No doctors available at PHC in Colony B for 30 days,Healthcare,High
Water pipeline broken near Town Area school,Water,Critical
Auto drivers overcharging passengers in Nagar Panchayat,Transport,High
Footpath broken and dangerous for walkers near Puram Extension,Road,Critical
Medical equipment not working in Village Kalan hospital,Healthcare,High
Unauthorized extension built in Sector 5,Construction,Medium
Electricity bill error for Mohalla 7 residents,Electricity,Low
No dustbin provided in Ward 12 market,Sanitation,Medium
Road is completely broken near Sector 5 since 10 days,Road,High
Divider damaged on Ring Road main street,Road,Medium
Security cameras not working in Block 3 market,Safety,Medium
Waste collection vehicle not coming to Nagar Panchayat,Sanitation,Low
Water supply cut off for 10 days in Town Area,Water,Low
Contaminated water supply causing illness in Village Kalan,Water,Critical
No drinking water in Puram Extension park,Parks,Low
No parking facility near Village Kalan market,Transport,High
Unmarked speed breaker causing accidents on Station Road,Road,Medium
Park benches broken and unusable in Ward 12,Parks,Low
Garbage burning near Town Area school,Sanitation,High
Road encroachment by shops on MG Road,Road,High
Vaccination camp not organized in Sector 5,Healthcare,Critical
Illegal parking blocking Old Delhi Road in Block 3,Transport,High
No safety net during construction in Zone 4,Construction,Low
Children playground dirty and unsafe in Town Area,Parks,Medium
Park benches broken and unusable in Village Kalan,Parks,Medium
No last mile connectivity in Village Kalan,Transport,Low
Dead animals not removed from Station Road,Sanitation,Medium
Medical equipment not working in Mohalla 7 hospital,Healthcare,High
School building in bad condition in Puram Extension,Education,Low
Water pipeline broken near Town Area school,Water,Low
Footpath broken and dangerous for walkers near Town Area,Road,Low
Water tanker not arriving on schedule in Mohalla 7,Water,High
Park benches broken and unusable in Block 3,Parks,Low
Underground water leakage on Main Bazaar,Water,High
Garbage burning near Village Kalan school,Sanitation,High
School roof leaking during rain in Colony B,Education,High
Dirty brown water coming from tap in Ward 12,Water,High
Police not patrolling Colony B area since 2 days,Safety,Medium
Grass not trimmed in Colony B public garden,Parks,Low
Construction debris on footpath on MG Road,Construction,Medium
Bus routes reduced suddenly in Village Kalan,Transport,Medium
No safety net during construction in Town Area,Construction,Medium
Suspicious activity near ATM in Town Area,Safety,Medium
Hospital building in bad condition in Zone 4,Healthcare,Critical
Bus routes reduced suddenly in Block 3,Transport,Low
Power cut every day in Block 3 for 10 hours,Electricity,Low
Footover bridge broken near Zone 4 station,Transport,Low
Open defecation area near Town Area school,Sanitation,Critical
Divider damaged on NH-8 main street,Road,Critical
Bus not stopping at Colony B stop,Transport,Medium
No specialist doctor in Puram Extension PHC,Healthcare,High
Water supply disrupted since 2 days,Water,Critical
No dustbin provided in Mohalla 7 market,Sanitation,Critical
Building violating height norms in Mohalla 7,Construction,Medium
Unauthorized commercial construction in Mohalla 7,Construction,Low
Construction noise during night hours in Mohalla 7,Construction,High
Power outage in Nagar Panchayat colony since morning,Electricity,Medium
Park fountains not working in Town Area,Parks,Low
Unsafe scaffolding near MG Road,Construction,Medium
Dirty conditions in Colony B government hospital,Healthcare,Critical
Road is completely broken near Mohalla 7 since 10 days,Road,High
Street lights not working on Temple Road since 10 days,Electricity,Medium
Hospital building in bad condition in Town Area,Healthcare,Medium
No ambulance available in Village Kalan,Healthcare,High
Women safety issues at Puram Extension bus stop,Safety,Medium
Park occupied by illegal vendors in Block 3,Parks,Low
No water pressure in building in Mohalla 7,Water,High
CCTV cameras not working on Temple Road,Transport,Medium
Health worker absent from Zone 4 since 14 days,Healthcare,High
Unauthorized extension built in Zone 4,Construction,Low
Demolition without safety measures in Village Kalan,Construction,Low
Theft incidents increasing in Sector 5 locality,Safety,Medium
Library books damaged in Zone 4 school,Education,High
Street flooding on School Lane during monsoon,Road,Medium
Computer lab non-functional in Block 3 school,Education,High
Road is completely broken near Zone 4 since 7 days,Road,High
CCTV cameras not working on Old Delhi Road,Transport,Low
Hospital ward overcrowded in Ward 12,Healthcare,Medium
Electricity bill error for Town Area residents,Electricity,Low
Construction affecting water supply in Zone 4,Construction,Low
No road markings visible at night on Old Delhi Road,Road,Low
Street flooding on NH-8 during monsoon,Road,Medium
Anganwadi center closed for 14 days in Ward 12,Education,Low
Power outage in Block 3 colony since morning,Electricity,Low
Auto drivers overcharging passengers in Sector 5,Transport,Low
No drinking water in Mohalla 7 park,Parks,Low
CCTV cameras not working on Ring Road,Transport,High
Potholes causing vehicle damage on Temple Road,Road,Low
Sewage mixing with drinking water in Town Area,Water,Medium
Dead animals not removed from Market Street,Sanitation,High
No ambulance available in Puram Extension,Healthcare,High
Unsafe scaffolding near NH-8,Construction,High
Illegal liquor shop operating openly in Sector 5,Safety,High
No water supply for past 10 days in Village Kalan,Water,Low
Stray dogs near garbage dump in Zone 4,Sanitation,Medium
Contaminated water supply causing illness in Zone 4,Water,High
Construction debris on footpath on NH-8,Construction,Medium
No bus shelter at Colony B bus stop,Transport,Medium
Street harassment near Puram Extension school daily,Safety,Critical
No security guard in Village Kalan park,Parks,Low
Children playground dirty and unsafe in Ward 12,Parks,Low
No power supply during festival in Nagar Panchayat,Electricity,High
Medical equipment not working in Puram Extension hospital,Healthcare,Critical
Park benches broken and unusable in Colony B,Parks,Medium
Playground equipment damaged in Nagar Panchayat park,Parks,Medium
Illegal liquor shop operating openly in Puram Extension,Safety,High
Building under construction without permit in Block 3,Construction,Low
Electricity bill error for Zone 4 residents,Electricity,Medium
No drinking water in Town Area school,Education,High
Stray dogs near garbage dump in Town Area,Sanitation,Critical
No power supply during festival in Colony B,Electricity,Medium
Unsafe scaffolding near Market Street,Construction,Medium
Anganwadi center closed for 2 days in Colony B,Education,Medium
Demolition without safety measures in Nagar Panchayat,Construction,Low
High voltage wire hanging low on Hospital Road,Electricity,Low
Street lamp broken near bus stop on Station Road,Electricity,Medium
Electric poles damaged after storm near Puram Extension,Electricity,Medium
No street lights on dark Market Street lane,Electricity,Medium
Speed breaker damaged on Ring Road highway,Road,Critical
Bridge has cracks need urgent repair on Station Road,Road,Low
Divider damaged on Ring Road main street,Road,Medium
Road construction debris not cleared near Village Kalan,Road,Medium
Transformer blew up near Town Area market,Electricity,High
Underground water leakage on Temple Road,Water,Critical
Blood bank not available in Puram Extension hospital,Healthcare,Critical
Unauthorized commercial construction in Block 3,Construction,High
Medical equipment not working in Block 3 hospital,Healthcare,Critical
Road waterlogged after rain near Colony B,Road,Critical
Park benches broken and unusable in Town Area,Parks,Low
Electric box sparking near Ward 12 school,Electricity,Medium
Road cave-in near Village Kalan drainage line,Road,Medium
No doctors available at PHC in Block 3 for 2 days,Healthcare,High
Sewage overflow on MG Road street near Block 3,Sanitation,High
No parking facility near Sector 5 market,Transport,Low
Bus routes reduced suddenly in Puram Extension,Transport,High
CCTV cameras not working on Station Road,Transport,High
Health worker absent from Town Area since 7 days,Healthcare,Critical
Road is completely broken near Nagar Panchayat since 5 days,Road,High
No street lights on dark MG Road lane,Electricity,High
Chain snatching incidents in Zone 4 area,Safety,Critical
Park walls have graffiti in Ward 12,Parks,Low
Illegal water connection in Mohalla 7,Water,High
Chain snatching incidents in Colony B area,Safety,Critical
No drinking water in Puram Extension school,Education,Low
Street harassment near Village Kalan school daily,Safety,Medium
School missing benches for students in Colony B,Education,High
Construction noise during night hours in Nagar Panchayat,Construction,Low
Construction debris on footpath on Hospital Road,Construction,Medium
E-rickshaw causing traffic jam in Ward 12,Transport,Low
Unsafe scaffolding near Ring Road,Construction,High
Scholarship money not distributed in Town Area,Education,High
Footpath broken and dangerous for walkers near Ward 12,Road,Medium
Mid-day meal not provided in Colony B school,Education,High
Unsafe scaffolding near Main Bazaar,Construction,Medium
No boundary wall in Mohalla 7 school,Education,Medium
Park fountains not working in Zone 4,Parks,Medium
Street harassment near Village Kalan school daily,Safety,Medium
Vaccination camp not organized in Sector 5,Healthcare,High
E-rickshaw causing traffic jam in Nagar Panchayat,Transport,Medium
No drinking water in Mohalla 7 park,Parks,Low
Transformer blew up near Block 3 market,Electricity,Low
No electricity for 5 days in Block 3,Electricity,Medium
Illegal water connection in Mohalla 7,Water,Medium
No road markings visible at night on School Lane,Road,High
Rowdy elements troubling residents of Nagar Panchayat,Safety,Critical
Street lamp broken near bus stop on MG Road,Electricity,Medium
No dustbin provided in Mohalla 7 market,Sanitation,High
CCTV cameras not working on Station Road,Transport,High
Sewage overflow on Market Street street near Puram Extension,Sanitation,Low
Underground water leakage on Ring Road,Water,High
Illegal construction blocking NH-8 in Zone 4,Construction,High
Street harassment near Sector 5 school daily,Safety,Critical
Park fountains not working in Block 3,Parks,Low
Bins not emptied since last week in Mohalla 7,Sanitation,High
Blood bank not available in Colony B hospital,Healthcare,High
No lighting in dark lanes near Mohalla 7,Safety,Critical
Water pipeline broken near Town Area school,Water,High
No water supply for past 21 days in Sector 5,Water,High
High voltage wire hanging low on Hospital Road,Electricity,Low
Construction dust affecting Puram Extension residents,Construction,Low
Electric box sparking near Block 3 school,Electricity,High
No footpath for pedestrians on Main Bazaar,Transport,Low
Teachers absent regularly from Puram Extension school,Education,Low
Garbage not collected for 14 days in Mohalla 7,Sanitation,High
Rowdy elements troubling residents of Town Area,Safety,Medium
Garbage burning near Village Kalan school,Sanitation,High
Rowdy elements troubling residents of Block 3,Safety,Critical
No footpath for pedestrians on Ring Road,Transport,Low
Open defecation area near Colony B school,Sanitation,Low
No power supply during festival in Ward 12,Electricity,High
Park pathway broken and dangerous in Block 3,Parks,Medium
No footpath for pedestrians on Ring Road,Transport,Low
Library books damaged in Village Kalan school,Education,Low
Auto drivers overcharging passengers in Village Kalan,Transport,Low
Illegal construction blocking MG Road in Nagar Panchayat,Construction,Medium
Computer lab non-functional in Colony B school,Education,Low
Playground equipment damaged in Puram Extension park,Parks,Medium
Expired medicines given at Ward 12 clinic,Healthcare,Medium
Footpath broken and dangerous for walkers near Mohalla 7,Road,Low
Bridge has cracks need urgent repair on Main Bazaar,Road,Medium
No safety net during construction in Colony B,Construction,Medium
Medical equipment not working in Zone 4 hospital,Healthcare,High
Illegal weapons spotted near Village Kalan,Safety,Critical
No doctors available at PHC in Town Area for 5 days,Healthcare,High
Leaking water pipe wasting water on Hospital Road,Water,Low
Night watchman absent from Block 3,Safety,High
Road cave-in near Town Area drainage line,Road,High
Building violating height norms in Colony B,Construction,High
No toilets in Block 3 government school,Education,Low
Illegal water connection in Zone 4,Water,High
Water pipe burst on Station Road flooding the street,Water,High
Teachers absent regularly from Nagar Panchayat school,Education,Medium
Open drain overflowing near Colony B homes,Sanitation,High
Water pipe burst on School Lane flooding the street,Water,Medium
Speed breaker damaged on Station Road highway,Road,High
Broken road divider on Main Bazaar is dangerous,Road,Medium
Water pipe burst on Station Road flooding the street,Water,High
Sewage mixing with drinking water in Sector 5,Water,Low
Footover bridge broken near Zone 4 station,Transport,Medium
Dead animals not removed from MG Road,Sanitation,Critical
Water pipe burst on Main Bazaar flooding the street,Water,Medium
Theft incidents increasing in Nagar Panchayat locality,Safety,Medium
Electricity bill error for Nagar Panchayat residents,Electricity,Low
No water supply for past 2 days in Mohalla 7,Water,Low
Construction blocking entrance to Village Kalan school,Construction,Medium
No ASHA worker in Block 3 area since 21 days,Healthcare,Medium
Blood bank not available in Town Area hospital,Healthcare,Critical
Suspicious activity near ATM in Mohalla 7,Safety,Medium
No drinking water in Puram Extension park,Parks,Low
No lighting in dark lanes near Town Area,Safety,Critical
Teachers absent regularly from Block 3 school,Education,Medium
No street lights on dark MG Road lane,Electricity,High
Garbage not collected for 3 days in Town Area,Sanitation,Critical
Unauthorized commercial construction in Nagar Panchayat,Construction,High
No power supply during festival in Ward 12,Electricity,Medium
No street lights on dark Main Bazaar lane,Electricity,Medium
Construction blocking entrance to Puram Extension school,Construction,Medium
Road construction debris not cleared near Nagar Panchayat,Road,Critical
Water tank overflow flooding Temple Road,Water,Critical
Ambulance service not responding in Zone 4,Healthcare,Medium
Dirty conditions in Village Kalan government hospital,Healthcare,High
Electricity bill error for Block 3 residents,Electricity,High
Road construction debris not cleared near Town Area,Road,Medium
Auto drivers overcharging passengers in Block 3,Transport,Medium
Road encroachment by shops on Temple Road,Road,Medium
School roof leaking during rain in Colony B,Education,High
Rubble dumped on Market Street by contractor,Construction,Low
Electric meter not working properly in Block 3,Electricity,High
Health worker absent from Zone 4 since 7 days,Healthcare,Critical
Government hospital lacks medicines in Zone 4,Healthcare,High
School has no blackboards in Village Kalan,Education,Medium
Water pipe burst on Temple Road flooding the street,Water,High
Construction work damaging water pipeline in Nagar Panchayat,Construction,Medium
Ambulance service not responding in Mohalla 7,Healthcare,High
CCTV cameras not working on NH-8,Transport,Medium
Sewage smell unbearable near Town Area,Sanitation,High
No water supply for past 21 days in Village Kalan,Water,High
Dirty drain causing disease spread in Sector 5,Sanitation,Medium
E-rickshaw causing traffic jam in Colony B,Transport,Low
Drug dealing happening in Zone 4 park,Safety,High
Women safety issues at Colony B bus stop,Safety,Medium
Contaminated water supply causing illness in Puram Extension,Water,Low
Security cameras not working in Town Area market,Safety,High
School missing benches for students in Zone 4,Education,Medium
Illegal parking blocking NH-8 in Town Area,Transport,Low
Footpath broken and dangerous for walkers near Puram Extension,Road,Medium
Park walls have graffiti in Zone 4,Parks,Medium
Hospital building in bad condition in Block 3,Healthcare,Medium
Sewage mixing with drinking water in Colony B,Water,High
No parking facility near Puram Extension market,Transport,Medium
Traffic signals not working on NH-8,Transport,Low
No doctors available at PHC in Town Area for 14 days,Healthcare,Critical
Dead animals not removed from Ring Road,Sanitation,Low
Bridge has cracks need urgent repair on School Lane,Road,High
Auto drivers overcharging passengers in Puram Extension,Transport,Medium
No dustbin provided in Nagar Panchayat market,Sanitation,High
Theft incidents increasing in Mohalla 7 locality,Safety,High
Demolition without safety measures in Puram Extension,Construction,Low
Sewage mixing with drinking water in Sector 5,Water,High
Dirty drain causing disease spread in Puram Extension,Sanitation,High
Children playground dirty and unsafe in Puram Extension,Parks,Medium
Long queues at Zone 4 government dispensary,Healthcare,High
Speed breaker damaged on MG Road highway,Road,Medium
Park occupied by illegal vendors in Zone 4,Parks,Low
Rowdy elements troubling residents of Ward 12,Safety,Critical
Bus service not available to Ward 12 village,Transport,Low
No road markings visible at night on NH-8,Road,Critical
Building violating height norms in Zone 4,Construction,High
Building violating height norms in Nagar Panchayat,Construction,Medium
Police not patrolling Nagar Panchayat area since 21 days,Safety,Medium
Bins not emptied since last week in Zone 4,Sanitation,Critical
No specialist doctor in Sector 5 PHC,Healthcare,Critical
No footpath for pedestrians on MG Road,Transport,High
No dustbin provided in Nagar Panchayat market,Sanitation,High
Suspicious activity near ATM in Ward 12,Safety,High
No security guard in Sector 5 park,Parks,Medium
Underground water leakage on Old Delhi Road,Water,High
No water pressure in building in Village Kalan,Water,Critical
Drain blocked for 5 days in Village Kalan,Sanitation,Medium
Water tanker not arriving on schedule in Ward 12,Water,High
Demolition without safety measures in Town Area,Construction,Low
Open defecation area near Village Kalan school,Sanitation,Medium
No dustbin provided in Mohalla 7 market,Sanitation,Medium
Water meter showing wrong reading in Block 3,Water,Critical
Road encroachment by shops on Station Road,Road,High
Building violating height norms in Ward 12,Construction,Medium
Illegal weapons spotted near Block 3,Safety,Critical
Electric box sparking near Zone 4 school,Electricity,Low
Park fountains not working in Ward 12,Parks,Medium
Illegal weapons spotted near Nagar Panchayat,Safety,Critical
Playground equipment damaged in Puram Extension park,Parks,Low
Computer lab non-functional in Sector 5 school,Education,High
No toilets in Town Area government school,Education,High
Trees fallen in Colony B park after storm,Parks,Low
Building violating height norms in Zone 4,Construction,High
Street harassment near Nagar Panchayat school daily,Safety,Medium
Security cameras not working in Ward 12 market,Safety,Medium
Hospital ward overcrowded in Town Area,Healthcare,Medium
Security cameras not working in Sector 5 market,Safety,Medium
Garden lights not working in Puram Extension park,Parks,Medium
Transformer blew up near Block 3 market,Electricity,High
Speed breaker damaged on Hospital Road highway,Road,Medium
Construction blocking entrance to Mohalla 7 school,Construction,Medium
Grass not trimmed in Block 3 public garden,Parks,Low
Anganwadi center closed for 3 days in Colony B,Education,Low
Water pipeline broken near Village Kalan school,Water,Medium
Hospital ward overcrowded in Nagar Panchayat,Healthcare,High
Illegal weapons spotted near Nagar Panchayat,Safety,High
Computer lab non-functional in Town Area school,Education,Low
Leaking water pipe wasting water on Temple Road,Water,Medium
Underground water leakage on Station Road,Water,High
Health worker absent from Colony B since 30 days,Healthcare,Critical
Broken road divider on Old Delhi Road is dangerous,Road,Medium
Long queues at Village Kalan government dispensary,Healthcare,Medium
High voltage wire hanging low on Hospital Road,Electricity,Medium
No water pressure in building in Block 3,Water,Low
Encroachment in Puram Extension public park area,Parks,Medium
Chain snatching incidents in Puram Extension area,Safety,High
No parking facility near Mohalla 7 market,Transport,Medium
No electricity for 14 days in Ward 12,Electricity,Low
Footover bridge broken near Puram Extension station,Transport,Low
Rubble dumped on School Lane by contractor,Construction,Low
Public toilet not maintained in Block 3,Sanitation,Low
Hospital building in bad condition in Nagar Panchayat,Healthcare,High
Construction work damaging water pipeline in Town Area,Construction,Medium
Underground water leakage on Market Street,Water,Critical
Library books damaged in Zone 4 school,Education,Medium
Night watchman absent from Nagar Panchayat,Safety,Critical
School missing benches for students in Puram Extension,Education,Medium
No water supply for past 3 days in Village Kalan,Water,Medium
Ambulance service not responding in Colony B,Healthcare,Critical
Electricity bill error for Colony B residents,Electricity,High
Expired medicines given at Village Kalan clinic,Healthcare,Critical
Road cave-in near Puram Extension drainage line,Road,Medium
Construction affecting water supply in Zone 4,Construction,Low
Leaking water pipe wasting water on MG Road,Water,Critical
No bus shelter at Block 3 bus stop,Transport,High
No maintenance of Town Area garden since 10 days,Parks,Low
Children playground dirty and unsafe in Block 3,Parks,Medium
Power outage in Puram Extension colony since morning,Electricity,Low
Street flooding on Market Street during monsoon,Road,Low
No safety net during construction in Zone 4,Construction,Low
Road is completely broken near Mohalla 7 since 30 days,Road,Critical
Garden lights not working in Puram Extension park,Parks,Low
Construction noise during night hours in Sector 5,Construction,Medium
No drinking water in Nagar Panchayat school,Education,Medium
Children playground dirty and unsafe in Ward 12,Parks,Low
School has no blackboards in Block 3,Education,Medium
Illegal parking blocking MG Road in Sector 5,Transport,Low
Night watchman absent from Block 3,Safety,Medium
Leaking water pipe wasting water on Ring Road,Water,Critical
Theft incidents increasing in Colony B locality,Safety,Critical
Blood bank not available in Town Area hospital,Healthcare,Critical
Expired medicines given at Mohalla 7 clinic,Healthcare,Critical
Illegal weapons spotted near Block 3,Safety,Medium
Night watchman absent from Puram Extension,Safety,Medium
Anganwadi center closed for 14 days in Town Area,Education,High
Illegal electrical connections spotted in Nagar Panchayat,Electricity,Medium
Bridge has cracks need urgent repair on MG Road,Road,Medium
Road construction debris not cleared near Block 3,Road,Medium
Dirty brown water coming from tap in Village Kalan,Water,High
Road cave-in near Mohalla 7 drainage line,Road,Critical
Demolition without safety measures in Village Kalan,Construction,Medium
Grass not trimmed in Block 3 public garden,Parks,Low
CCTV cameras not working on Temple Road,Transport,High
Building violating height norms in Town Area,Construction,Medium
No last mile connectivity in Sector 5,Transport,High
Gambling den operating in Colony B,Safety,High
Health worker absent from Puram Extension since 5 days,Healthcare,Critical
Grass not trimmed in Zone 4 public garden,Parks,Medium
Street lights not working on Station Road since 5 days,Electricity,Medium
Expired medicines given at Mohalla 7 clinic,Healthcare,Critical
Hospital building in bad condition in Mohalla 7,Healthcare,Critical
Road is completely broken near Mohalla 7 since 14 days,Road,Medium
Open defecation area near Zone 4 school,Sanitation,Medium
Government hospital lacks medicines in Town Area,Healthcare,Critical
Unmarked speed breaker causing accidents on Temple Road,Road,Medium
Unauthorized commercial construction in Mohalla 7,Construction,Low
High voltage wire hanging low on Main Bazaar,Electricity,High
Transformer blew up near Sector 5 market,Electricity,Medium
Building under construction without permit in Sector 5,Construction,High
Open drain overflowing near Sector 5 homes,Sanitation,High
School missing benches for students in Ward 12,Education,Medium
Park pathway broken and dangerous in Puram Extension,Parks,Medium
Power outage in Block 3 colony since morning,Electricity,Medium
No street lights on dark Old Delhi Road lane,Electricity,Medium
Footpath broken and dangerous for walkers near Block 3,Road,Critical
No ASHA worker in Puram Extension area since 2 days,Healthcare,Medium
Teachers absent regularly from Village Kalan school,Education,Medium
Power cut every day in Ward 12 for 3 hours,Electricity,Low
No safety net during construction in Block 3,Construction,High
E-rickshaw causing traffic jam in Zone 4,Transport,Medium
Unmarked speed breaker causing accidents on Market Street,Road,Low
No water pressure in building in Zone 4,Water,Critical
Night watchman absent from Sector 5,Safety,Critical
No ASHA worker in Mohalla 7 area since 30 days,Healthcare,Critical
Illegal water connection in Town Area,Water,Critical
Grass not trimmed in Block 3 public garden,Parks,Low
Government hospital lacks medicines in Block 3,Healthcare,Critical
Expired medicines given at Sector 5 clinic,Healthcare,High
Broken road divider on Station Road is dangerous,Road,High
School has no blackboards in Zone 4,Education,High
Encroachment in Town Area public park area,Parks,Low
Road encroachment by shops on Old Delhi Road,Road,High
Anganwadi center closed for 10 days in Ward 12,Education,Medium
Drug dealing happening in Ward 12 park,Safety,High
Demolition without safety measures in Sector 5,Construction,Medium
No road markings visible at night on Station Road,Road,Medium
Illegal water connection in Sector 5,Water,Critical
Hospital building in bad condition in Puram Extension,Healthcare,High
Traffic signals not working on Market Street,Transport,Low
Medical equipment not working in Puram Extension hospital,Healthcare,Critical
Bridge has cracks need urgent repair on School Lane,Road,High
Auto drivers overcharging passengers in Sector 5,Transport,Low
Illegal water connection in Nagar Panchayat,Water,High
Garden lights not working in Sector 5 park,Parks,Low
Rubble dumped on Ring Road by contractor,Construction,Low
Unsafe scaffolding near Hospital Road,Construction,Medium
Night watchman absent from Sector 5,Safety,Critical
Blood bank not available in Village Kalan hospital,Healthcare,Critical
Grass not trimmed in Town Area public garden,Parks,Low
Broken road divider on Main Bazaar is dangerous,Road,Low
Rubble dumped on Main Bazaar by contractor,Construction,High
No parking facility near Puram Extension market,Transport,High
No lighting in dark lanes near Town Area,Safety,High
Unauthorized extension built in Sector 5,Construction,Low
Park benches broken and unusable in Ward 12,Parks,Medium
Sewage smell unbearable near Colony B,Sanitation,Critical
Divider damaged on Market Street main street,Road,Low
Illegal weapons spotted near Colony B,Safety,Critical
Street flooding on Hospital Road during monsoon,Road,High
Street harassment near Sector 5 school daily,Safety,Medium
Encroachment in Mohalla 7 public park area,Parks,Low
School roof leaking during rain in Zone 4,Education,High
Contaminated water supply causing illness in Mohalla 7,Water,Low
Hospital building in bad condition in Nagar Panchayat,Healthcare,Critical
Hospital ward overcrowded in Block 3,Healthcare,High
Ambulance service not responding in Town Area,Healthcare,Medium
Women safety issues at Nagar Panchayat bus stop,Safety,Medium
Water pipe burst on Ring Road flooding the street,Water,High
Unsafe scaffolding near School Lane,Construction,Low
Security cameras not working in Town Area market,Safety,Medium
E-rickshaw causing traffic jam in Colony B,Transport,Low
Bus routes reduced suddenly in Block 3,Transport,Medium
Anganwadi center closed for 14 days in Puram Extension,Education,Low
Construction affecting water supply in Mohalla 7,Construction,Medium
Open drain overflowing near Ward 12 homes,Sanitation,High
No boundary wall in Puram Extension school,Education,High
Construction work damaging water pipeline in Block 3,Construction,High
Trees fallen in Zone 4 park after storm,Parks,Medium
Water supply disrupted since 3 days,Water,Critical
Construction debris on footpath on MG Road,Construction,Medium
Building violating height norms in Colony B,Construction,Medium
Construction affecting water supply in Puram Extension,Construction,Low
Auto drivers overcharging passengers in Ward 12,Transport,Low
Ambulance service not responding in Zone 4,Healthcare,Critical
Transformer blew up near Town Area market,Electricity,Low
Electric poles damaged after storm near Nagar Panchayat,Electricity,High
E-rickshaw causing traffic jam in Sector 5,Transport,Medium
Bus service not available to Puram Extension village,Transport,High
Gambling den operating in Sector 5,Safety,High
Water supply disrupted since 14 days,Water,Medium
Water tanker not arriving on schedule in Village Kalan,Water,High
No road markings visible at night on Ring Road,Road,Critical
No drinking water in Town Area school,Education,Low
Dirty conditions in Block 3 government hospital,Healthcare,Medium
Chain snatching incidents in Ward 12 area,Safety,High
Bridge has cracks need urgent repair on NH-8,Road,Low
Garbage burning near Puram Extension school,Sanitation,High
High voltage wire hanging low on Old Delhi Road,Electricity,High
Garbage burning near Colony B school,Sanitation,Medium
No road markings visible at night on Temple Road,Road,Medium
No sports facilities in Nagar Panchayat school,Education,Low
No parking facility near Town Area market,Transport,Low
Open drain overflowing near Zone 4 homes,Sanitation,Medium
Trees fallen in Colony B park after storm,Parks,Low
Street lights not working on Hospital Road since 14 days,Electricity,Medium
Open defecation area near Sector 5 school,Sanitation,Critical
Road encroachment by shops on Market Street,Road,Low
Stray dogs near garbage dump in Town Area,Sanitation,Medium
Park gate broken in Sector 5,Parks,Medium
Medical equipment not working in Town Area hospital,Healthcare,Critical
Transformer blew up near Town Area market,Electricity,Low
Street harassment near Colony B school daily,Safety,Medium
Water supply disrupted since 5 days,Water,Low
Water tank overflow flooding School Lane,Water,Low
No electricity for 7 days in Puram Extension,Electricity,High
Construction noise during night hours in Nagar Panchayat,Construction,High
Dirty brown water coming from tap in Village Kalan,Water,Medium
Traffic signals not working on Hospital Road,Transport,Medium
Children playground dirty and unsafe in Nagar Panchayat,Parks,Low
No drinking water in Sector 5 park,Parks,Low
Park occupied by illegal vendors in Colony B,Parks,Low
Blood bank not available in Colony B hospital,Healthcare,Medium
Building violating height norms in Block 3,Construction,Medium
Power cut every day in Village Kalan for 10 hours,Electricity,Medium
Street flooding on Market Street during monsoon,Road,High
Expired medicines given at Zone 4 clinic,Healthcare,Critical
Illegal parking blocking School Lane in Block 3,Transport,Low
Trees fallen in Colony B park after storm,Parks,Low
Women safety issues at Village Kalan bus stop,Safety,Medium
E-rickshaw causing traffic jam in Mohalla 7,Transport,Low
Road dividers removed illegally on School Lane,Transport,Low
Footpath broken and dangerous for walkers near Puram Extension,Road,High
Divider damaged on Old Delhi Road main street,Road,Medium
Underground water leakage on Ring Road,Water,Critical
Contaminated water supply causing illness in Block 3,Water,Low
Suspicious activity near ATM in Village Kalan,Safety,High
Expired medicines given at Zone 4 clinic,Healthcare,Critical
Power cut every day in Nagar Panchayat for 30 hours,Electricity,Low
Gambling den operating in Zone 4,Safety,Critical
Street lights not working on Main Bazaar since 14 days,Electricity,High
Medical equipment not working in Nagar Panchayat hospital,Healthcare,High
Park occupied by illegal vendors in Town Area,Parks,Low
Large pothole on Main Bazaar causing accidents near Colony B,Road,High
Road encroachment by shops on Main Bazaar,Road,High
No ambulance available in Block 3,Healthcare,High
Sewage overflow on Main Bazaar street near Mohalla 7,Sanitation,High
Encroachment in Town Area public park area,Parks,Low
Sewage mixing with drinking water in Town Area,Water,Critical
Park benches broken and unusable in Sector 5,Parks,Low
School has no blackboards in Block 3,Education,Low
Gambling den operating in Zone 4,Safety,Medium
No drinking water in Colony B park,Parks,Low
Potholes causing vehicle damage on Temple Road,Road,High
Illegal construction blocking Station Road in Zone 4,Construction,High
Vaccination camp not organized in Mohalla 7,Healthcare,Medium
Scholarship money not distributed in Nagar Panchayat,Education,Low
Construction blocking entrance to Town Area school,Construction,Medium
Ambulance service not responding in Village Kalan,Healthcare,Medium
Park benches broken and unusable in Village Kalan,Parks,Low
No ASHA worker in Sector 5 area since 21 days,Healthcare,Critical
Garbage not collected for 14 days in Mohalla 7,Sanitation,High
Garbage not collected for 30 days in Town Area,Sanitation,Low
Bridge has cracks need urgent repair on Market Street,Road,Low
Illegal weapons spotted near Sector 5,Safety,High
Street harassment near Town Area school daily,Safety,Critical
Broken road divider on Temple Road is dangerous,Road,Low
No last mile connectivity in Colony B,Transport,Low
Library books damaged in Block 3 school,Education,Medium
Waste collection vehicle not coming to Sector 5,Sanitation,Low
No specialist doctor in Colony B PHC,Healthcare,High
Security cameras not working in Block 3 market,Safety,Critical
Illegal weapons spotted near Village Kalan,Safety,Critical
No last mile connectivity in Block 3,Transport,Low
Construction noise during night hours in Village Kalan,Construction,Medium
Mid-day meal not provided in Ward 12 school,Education,High
Dirty brown water coming from tap in Colony B,Water,Low
Water tank overflow flooding Ring Road,Water,Critical
Water supply cut off for 7 days in Puram Extension,Water,High
Waste collection vehicle not coming to Village Kalan,Sanitation,Low
Lights flickering in Mohalla 7 residential area,Electricity,Low
Teachers absent regularly from Nagar Panchayat school,Education,Low
Construction dust affecting Puram Extension residents,Construction,Medium
No power supply during festival in Zone 4,Electricity,Medium
Underground water leakage on Old Delhi Road,Water,High
Bus routes reduced suddenly in Town Area,Transport,Medium
Construction blocking entrance to Zone 4 school,Construction,Low
Water pipeline broken near Village Kalan school,Water,Low
Long queues at Ward 12 government dispensary,Healthcare,High
No ASHA worker in Ward 12 area since 14 days,Healthcare,Critical
Speed breaker damaged on NH-8 highway,Road,Medium
No bus shelter at Nagar Panchayat bus stop,Transport,Low
Drain blocked for 14 days in Block 3,Sanitation,Critical
Traffic signals not working on Temple Road,Transport,Low
Encroachment in Sector 5 public park area,Parks,Low
Encroachment in Colony B public park area,Parks,Medium
Road encroachment by shops on Old Delhi Road,Road,High
Construction noise during night hours in Puram Extension,Construction,Low
Open defecation area near Ward 12 school,Sanitation,Medium
Waste collection vehicle not coming to Sector 5,Sanitation,High
Leaking water pipe wasting water on School Lane,Water,Critical
Hospital building in bad condition in Zone 4,Healthcare,High
Street flooding on Main Bazaar during monsoon,Road,Critical
Dirty brown water coming from tap in Mohalla 7,Water,High
Water tank overflow flooding NH-8,Water,High
No lighting in dark lanes near Village Kalan,Safety,Critical
Broken road divider on MG Road is dangerous,Road,High
No footpath for pedestrians on Main Bazaar,Transport,Low
Road construction debris not cleared near Ward 12,Road,High
No street lights on dark School Lane lane,Electricity,Medium
Construction work damaging water pipeline in Block 3,Construction,High
Electricity bill error for Ward 12 residents,Electricity,Low
Building under construction without permit in Sector 5,Construction,Medium
Vaccination camp not organized in Town Area,Healthcare,Medium
Chain snatching incidents in Ward 12 area,Safety,Medium
Untrained teachers in Town Area primary school,Education,High
Footpath broken and dangerous for walkers near Zone 4,Road,Critical
Drug dealing happening in Mohalla 7 park,Safety,High
Construction noise during night hours in Colony B,Construction,Medium
Auto drivers overcharging passengers in Zone 4,Transport,High
Park fountains not working in Zone 4,Parks,Low
No security guard in Mohalla 7 park,Parks,Low
No drinking water in Puram Extension park,Parks,Low
Construction noise during night hours in Town Area,Construction,Medium
No power supply during festival in Sector 5,Electricity,Low
Dead animals not removed from NH-8,Sanitation,Medium
No doctors available at PHC in Block 3 for 3 days,Healthcare,Medium
Street lights not working on Ring Road since 10 days,Electricity,Medium
Construction debris on footpath on Old Delhi Road,Construction,Low
Overloaded vehicles causing accidents on Market Street,Transport,Low
Park fountains not working in Village Kalan,Parks,Low
Unauthorized extension built in Ward 12,Construction,Low
Construction blocking entrance to Village Kalan school,Construction,Low
Bus not stopping at Nagar Panchayat stop,Transport,Low
Road construction debris not cleared near Sector 5,Road,Low
Park benches broken and unusable in Ward 12,Parks,Low
Construction noise during night hours in Town Area,Construction,Low
Theft incidents increasing in Mohalla 7 locality,Safety,High
Large pothole on Hospital Road causing accidents near Mohalla 7,Road,Medium
Library books damaged in Nagar Panchayat school,Education,Medium
No toilets in Town Area government school,Education,High
Children playground dirty and unsafe in Sector 5,Parks,Medium
High voltage wire hanging low on Market Street,Electricity,Low
No boundary wall in Zone 4 school,Education,Low
Unmarked speed breaker causing accidents on Main Bazaar,Road,Low
High voltage wire hanging low on Old Delhi Road,Electricity,Low
Water supply cut off for 7 days in Nagar Panchayat,Water,Low
Underground water leakage on Main Bazaar,Water,Low
Dead animals not removed from Temple Road,Sanitation,Medium
Rubble dumped on Ring Road by contractor,Construction,Medium
Electric poles damaged after storm near Sector 5,Electricity,High
Construction work damaging water pipeline in Mohalla 7,Construction,High
No dustbin provided in Village Kalan market,Sanitation,Medium
Auto drivers overcharging passengers in Nagar Panchayat,Transport,Medium
Illegal parking blocking Main Bazaar in Mohalla 7,Transport,High
Health worker absent from Puram Extension since 30 days,Healthcare,Critical
Dead animals not removed from Ring Road,Sanitation,High
Garbage not collected for 14 days in Village Kalan,Sanitation,Low
No last mile connectivity in Ward 12,Transport,Medium
No road markings visible at night on School Lane,Road,Medium
No drinking water in Town Area school,Education,Low
Suspicious activity near ATM in Puram Extension,Safety,Medium
No boundary wall in Ward 12 school,Education,Low
Stray dogs near garbage dump in Village Kalan,Sanitation,High
Rowdy elements troubling residents of Nagar Panchayat,Safety,Medium
Garbage not collected for 5 days in Sector 5,Sanitation,Medium
Speed breaker damaged on NH-8 highway,Road,Critical
Road dividers removed illegally on Main Bazaar,Transport,Low
Untrained teachers in Ward 12 primary school,Education,Low
Overloaded vehicles causing accidents on Market Street,Transport,Low
Street flooding on NH-8 during monsoon,Road,High
No street lights on dark School Lane lane,Electricity,Low
No boundary wall in Mohalla 7 school,Education,High
Illegal construction blocking School Lane in Nagar Panchayat,Construction,High
Construction affecting water supply in Block 3,Construction,High
Illegal electrical connections spotted in Puram Extension,Electricity,High
Street harassment near Sector 5 school daily,Safety,High
No security guard in Sector 5 park,Parks,Medium
Illegal parking blocking NH-8 in Block 3,Transport,Medium
Large pothole on MG Road causing accidents near Zone 4,Road,Low
Stray dogs near garbage dump in Ward 12,Sanitation,High
Traffic signals not working on Hospital Road,Transport,Low
Construction dust affecting Puram Extension residents,Construction,Medium
Waste collection vehicle not coming to Ward 12,Sanitation,Critical
Auto drivers overcharging passengers in Colony B,Transport,Medium
Library books damaged in Mohalla 7 school,Education,Medium
Construction noise during night hours in Puram Extension,Construction,Low
Rubble dumped on Market Street by contractor,Construction,High
No safety net during construction in Village Kalan,Construction,Low
Bus routes reduced suddenly in Village Kalan,Transport,Medium
Sewage mixing with drinking water in Colony B,Water,High
Unmarked speed breaker causing accidents on Main Bazaar,Road,Critical
No maintenance of Zone 4 garden since 10 days,Parks,Low
Illegal water connection in Ward 12,Water,Medium
Broken road divider on School Lane is dangerous,Road,Medium
No bus shelter at Puram Extension bus stop,Transport,Low
Drug dealing happening in Village Kalan park,Safety,Medium
Road construction debris not cleared near Village Kalan,Road,High
Park walls have graffiti in Village Kalan,Parks,Medium
Ambulance service not responding in Puram Extension,Healthcare,High
Theft incidents increasing in Nagar Panchayat locality,Safety,Critical
Park benches broken and unusable in Block 3,Parks,Low
Park occupied by illegal vendors in Mohalla 7,Parks,Medium
No ASHA worker in Ward 12 area since 2 days,Healthcare,Critical
School building in bad condition in Town Area,Education,Medium
Road is completely broken near Colony B since 30 days,Road,Medium
Mid-day meal not provided in Village Kalan school,Education,High
Power outage in Sector 5 colony since morning,Electricity,High
Footover bridge broken near Town Area station,Transport,High
No safety net during construction in Mohalla 7,Construction,High
Grass not trimmed in Nagar Panchayat public garden,Parks,Low
Scholarship money not distributed in Nagar Panchayat,Education,Low
Bus routes reduced suddenly in Village Kalan,Transport,Low
Water pipe burst on Main Bazaar flooding the street,Water,Critical
Bus not stopping at Ward 12 stop,Transport,Low
Street lamp broken near bus stop on Main Bazaar,Electricity,Low
Theft incidents increasing in Nagar Panchayat locality,Safety,Critical
Electric meter not working properly in Nagar Panchayat,Electricity,High
Gambling den operating in Mohalla 7,Safety,Medium
Transformer blew up near Puram Extension market,Electricity,Low
Construction dust affecting Puram Extension residents,Construction,Low
Illegal electrical connections spotted in Ward 12,Electricity,Low
Leaking water pipe wasting water on Main Bazaar,Water,High
Children playground dirty and unsafe in Puram Extension,Parks,Low
No power supply during festival in Ward 12,Electricity,High
Mid-day meal not provided in Town Area school,Education,Medium
Rowdy elements troubling residents of Block 3,Safety,Critical
No sports facilities in Sector 5 school,Education,Low
Bins not emptied since last week in Village Kalan,Sanitation,Medium
Sewage smell unbearable near Ward 12,Sanitation,Medium
Traffic signals not working on Main Bazaar,Transport,High
Teachers absent regularly from Sector 5 school,Education,High
No security guard in Puram Extension park,Parks,Medium
Power outage in Colony B colony since morning,Electricity,High
Bus routes reduced suddenly in Mohalla 7,Transport,High
Construction debris on footpath on School Lane,Construction,Medium
Footpath broken and dangerous for walkers near Mohalla 7,Road,High
Contaminated water supply causing illness in Block 3,Water,High
Playground equipment damaged in Zone 4 park,Parks,Low
Children playground dirty and unsafe in Nagar Panchayat,Parks,Medium
Garbage burning near Mohalla 7 school,Sanitation,High
No safety net during construction in Mohalla 7,Construction,Medium
Untrained teachers in Block 3 primary school,Education,Medium
No water pressure in building in Sector 5,Water,High
Unauthorized commercial construction in Sector 5,Construction,High
No safety net during construction in Colony B,Construction,High
Street flooding on Main Bazaar during monsoon,Road,Medium
Construction debris on footpath on Hospital Road,Construction,High
No sports facilities in Ward 12 school,Education,High
CCTV cameras vandalized near Ward 12,Safety,High
Construction dust affecting Ward 12 residents,Construction,Low
Health worker absent from Village Kalan since 3 days,Healthcare,Critical
Lights flickering in Ward 12 residential area,Electricity,Low
Park walls have graffiti in Sector 5,Parks,Medium
Health worker absent from Puram Extension since 2 days,Healthcare,Critical
Night watchman absent from Colony B,Safety,Critical
Road construction debris not cleared near Puram Extension,Road,Medium
CCTV cameras not working on MG Road,Transport,Medium
Ambulance service not responding in Zone 4,Healthcare,High
No toilets in Mohalla 7 government school,Education,Low
Construction debris on footpath on MG Road,Construction,Low
Water supply cut off for 10 days in Block 3,Water,Critical
Blood bank not available in Town Area hospital,Healthcare,Critical
Transformer blew up near Town Area market,Electricity,Low
Sewage smell unbearable near Sector 5,Sanitation,High
Playground equipment damaged in Colony B park,Parks,Low
Sewage overflow on Main Bazaar street near Village Kalan,Sanitation,High
CCTV cameras vandalized near Colony B,Safety,High
Rowdy elements troubling residents of Mohalla 7,Safety,Medium
Building violating height norms in Sector 5,Construction,Medium
Construction affecting water supply in Ward 12,Construction,Low
No lighting in dark lanes near Ward 12,Safety,High
Illegal weapons spotted near Town Area,Safety,Critical
No parking facility near Zone 4 market,Transport,Low
Chain snatching incidents in Town Area area,Safety,Critical
Chain snatching incidents in Village Kalan area,Safety,High
Water tank overflow flooding Temple Road,Water,High
Suspicious activity near ATM in Zone 4,Safety,Medium
Park benches broken and unusable in Zone 4,Parks,Low
No power supply during festival in Mohalla 7,Electricity,Low
Park gate broken in Village Kalan,Parks,Low
Street flooding on Hospital Road during monsoon,Road,High
No lighting in dark lanes near Nagar Panchayat,Safety,Medium
Power cut every day in Nagar Panchayat for 5 hours,Electricity,Medium
Road cave-in near Mohalla 7 drainage line,Road,Medium
Water supply cut off for 21 days in Sector 5,Water,Medium
CCTV cameras not working on Station Road,Transport,Low
Dirty conditions in Colony B government hospital,Healthcare,High
No maintenance of Nagar Panchayat garden since 10 days,Parks,Medium
Open defecation area near Zone 4 school,Sanitation,Medium
Waste collection vehicle not coming to Nagar Panchayat,Sanitation,High
Footpath broken and dangerous for walkers near Town Area,Road,Low
Lights flickering in Ward 12 residential area,Electricity,Low
Power cut every day in Mohalla 7 for 21 hours,Electricity,Medium
Unmarked speed breaker causing accidents on School Lane,Road,Low
Mid-day meal not provided in Nagar Panchayat school,Education,High
Park pathway broken and dangerous in Mohalla 7,Parks,Low
School building in bad condition in Sector 5,Education,Medium
No footpath for pedestrians on Temple Road,Transport,Medium
Water supply disrupted since 7 days,Water,Critical
Building violating height norms in Ward 12,Construction,High
Bridge has cracks need urgent repair on MG Road,Road,Low
Water pipe burst on NH-8 flooding the street,Water,Critical
Illegal liquor shop operating openly in Town Area,Safety,Medium
School has no blackboards in Puram Extension,Education,High
No footpath for pedestrians on MG Road,Transport,Low
CCTV cameras not working on Hospital Road,Transport,Low
Street harassment near Sector 5 school daily,Safety,Medium
High voltage wire hanging low on School Lane,Electricity,High
Dirty conditions in Village Kalan government hospital,Healthcare,Critical
Speed breaker damaged on Market Street highway,Road,Critical
Illegal construction blocking NH-8 in Colony B,Construction,Low
Women safety issues at Block 3 bus stop,Safety,Medium
Building violating height norms in Village Kalan,Construction,Medium
High voltage wire hanging low on Ring Road,Electricity,Medium
Trees fallen in Zone 4 park after storm,Parks,Low
Electric meter not working properly in Sector 5,Electricity,High
Health worker absent from Village Kalan since 21 days,Healthcare,High
Garbage burning near Colony B school,Sanitation,Medium
Bus not stopping at Town Area stop,Transport,Medium
Sewage mixing with drinking water in Colony B,Water,Low
Demolition without safety measures in Mohalla 7,Construction,Low
Construction affecting water supply in Ward 12,Construction,High
School missing benches for students in Town Area,Education,High
Night watchman absent from Town Area,Safety,Medium
Illegal weapons spotted near Block 3,Safety,Medium
No ASHA worker in Zone 4 area since 30 days,Healthcare,Critical
Garbage dump near Block 3 residential area,Sanitation,High
Computer lab non-functional in Village Kalan school,Education,Low
Library books damaged in Nagar Panchayat school,Education,Medium
Underground water leakage on Main Bazaar,Water,Critical
Construction blocking entrance to Puram Extension school,Construction,Medium
Women safety issues at Nagar Panchayat bus stop,Safety,Critical
Leaking water pipe wasting water on Temple Road,Water,Low
Park fountains not working in Village Kalan,Parks,Low
Unsafe scaffolding near School Lane,Construction,Low
No water supply for past 5 days in Town Area,Water,High
Water pipeline broken near Nagar Panchayat school,Water,High
Waste collection vehicle not coming to Mohalla 7,Sanitation,Medium
Illegal weapons spotted near Block 3,Safety,Critical
No parking facility near Town Area market,Transport,Low
Park pathway broken and dangerous in Puram Extension,Parks,Low
Public toilet not maintained in Village Kalan,Sanitation,High
No dustbin provided in Block 3 market,Sanitation,Medium
Construction work damaging water pipeline in Ward 12,Construction,Medium
Vaccination camp not organized in Sector 5,Healthcare,Critical
Water pipe burst on School Lane flooding the street,Water,Critical
Women safety issues at Colony B bus stop,Safety,Critical
Waste collection vehicle not coming to Sector 5,Sanitation,Low
School missing benches for students in Block 3,Education,Medium
Playground equipment damaged in Sector 5 park,Parks,Low
Dead animals not removed from Station Road,Sanitation,High
Rowdy elements troubling residents of Block 3,Safety,Critical
Auto drivers overcharging passengers in Zone 4,Transport,Low
Library books damaged in Town Area school,Education,Low
Park benches broken and unusable in Block 3,Parks,Low
School has no blackboards in Village Kalan,Education,Low
No water supply for past 7 days in Puram Extension,Water,High
Drug dealing happening in Ward 12 park,Safety,High
Street harassment near Village Kalan school daily,Safety,High
Lights flickering in Sector 5 residential area,Electricity,Medium
Vaccination camp not organized in Sector 5,Healthcare,Critical
Trees fallen in Village Kalan park after storm,Parks,Medium
Leaking water pipe wasting water on Temple Road,Water,High
Unmarked speed breaker causing accidents on School Lane,Road,Medium
Unauthorized extension built in Ward 12,Construction,Low
Construction affecting water supply in Puram Extension,Construction,Low
Computer lab non-functional in Colony B school,Education,Low
Drain blocked for 2 days in Zone 4,Sanitation,Low
Park gate broken in Village Kalan,Parks,Medium
Dead animals not removed from Main Bazaar,Sanitation,High
No road markings visible at night on Old Delhi Road,Road,Medium
Construction work damaging water pipeline in Town Area,Construction,Medium
Water supply cut off for 3 days in Town Area,Water,Medium
Water pipe burst on School Lane flooding the street,Water,Low
Park occupied by illegal vendors in Ward 12,Parks,Medium
Water supply disrupted since 3 days,Water,Medium
Construction dust affecting Puram Extension residents,Construction,High
Theft incidents increasing in Town Area locality,Safety,Medium
No power supply during festival in Nagar Panchayat,Electricity,Medium
Sewage smell unbearable near Colony B,Sanitation,High
No safety net during construction in Colony B,Construction,High
Unsafe scaffolding near NH-8,Construction,Low
Security cameras not working in Nagar Panchayat market,Safety,Critical
Dead animals not removed from MG Road,Sanitation,Medium
Women safety issues at Ward 12 bus stop,Safety,Medium
Electric box sparking near Block 3 school,Electricity,High
Road construction debris not cleared near Village Kalan,Road,Critical
Water pipeline broken near Colony B school,Water,Critical
Park gate broken in Town Area,Parks,Low
Police not patrolling Village Kalan area since 7 days,Safety,Critical
No power supply during festival in Village Kalan,Electricity,Medium
Trees fallen in Town Area park after storm,Parks,Medium
No water supply for past 14 days in Nagar Panchayat,Water,High
Dirty conditions in Town Area government hospital,Healthcare,Critical
Government hospital lacks medicines in Block 3,Healthcare,High
Illegal construction blocking Ring Road in Village Kalan,Construction,Medium
Open defecation area near Town Area school,Sanitation,High
Illegal weapons spotted near Nagar Panchayat,Safety,Critical
Potholes causing vehicle damage on NH-8,Road,Medium
Theft incidents increasing in Mohalla 7 locality,Safety,Medium
Construction work damaging water pipeline in Block 3,Construction,High
Hospital ward overcrowded in Block 3,Healthcare,Critical
No drinking water in Town Area park,Parks,Low
No safety net during construction in Block 3,Construction,High
High voltage wire hanging low on NH-8,Electricity,High
Unmarked speed breaker causing accidents on Temple Road,Road,Medium
No power supply during festival in Colony B,Electricity,High
Water pipe burst on Old Delhi Road flooding the street,Water,High
Electricity bill error for Ward 12 residents,Electricity,Low
Sewage smell unbearable near Mohalla 7,Sanitation,High
Contaminated water supply causing illness in Block 3,Water,High
Road dividers removed illegally on MG Road,Transport,Medium
Building under construction without permit in Puram Extension,Construction,Medium
Footpath broken and dangerous for walkers near Puram Extension,Road,Medium
No ambulance available in Block 3,Healthcare,High
No doctors available at PHC in Colony B for 3 days,Healthcare,High
Street lights not working on School Lane since 30 days,Electricity,High
Dirty conditions in Ward 12 government hospital,Healthcare,High
No footpath for pedestrians on School Lane,Transport,Low
Medical equipment not working in Village Kalan hospital,Healthcare,Medium
Rowdy elements troubling residents of Village Kalan,Safety,Medium
Building violating height norms in Village Kalan,Construction,High
Encroachment in Mohalla 7 public park area,Parks,Low
Ambulance service not responding in Colony B,Healthcare,Critical
Rubble dumped on Hospital Road by contractor,Construction,Medium
Electricity bill error for Block 3 residents,Electricity,Low
Park benches broken and unusable in Colony B,Parks,Medium
Garbage not collected for 21 days in Town Area,Sanitation,Critical
Dirty brown water coming from tap in Town Area,Water,Critical
Untrained teachers in Ward 12 primary school,Education,Low
Potholes causing vehicle damage on Main Bazaar,Road,High
No sports facilities in Puram Extension school,Education,Medium
Scholarship money not distributed in Nagar Panchayat,Education,Medium
Suspicious activity near ATM in Nagar Panchayat,Safety,Critical
Garbage not collected for 10 days in Mohalla 7,Sanitation,Critical
Leaking water pipe wasting water on NH-8,Water,Medium
Sewage overflow on MG Road street near Colony B,Sanitation,High
Unsafe scaffolding near Old Delhi Road,Construction,Medium
Park occupied by illegal vendors in Nagar Panchayat,Parks,Medium
Park occupied by illegal vendors in Ward 12,Parks,Low
High voltage wire hanging low on Market Street,Electricity,High
No maintenance of Puram Extension garden since 21 days,Parks,Low
Health worker absent from Sector 5 since 14 days,Healthcare,Critical
Park occupied by illegal vendors in Mohalla 7,Parks,Medium
Blood bank not available in Sector 5 hospital,Healthcare,Critical
Playground equipment damaged in Sector 5 park,Parks,Medium
CCTV cameras vandalized near Sector 5,Safety,Critical
High voltage wire hanging low on Station Road,Electricity,Medium
Electricity bill error for Town Area residents,Electricity,High
No drinking water in Village Kalan school,Education,High
No dustbin provided in Block 3 market,Sanitation,Critical
Rowdy elements troubling residents of Town Area,Safety,Critical
Electric meter not working properly in Nagar Panchayat,Electricity,High
Health worker absent from Puram Extension since 14 days,Healthcare,Medium
No boundary wall in Colony B school,Education,High
Street lights not working on Hospital Road since 14 days,Electricity,Medium
Transformer blew up near Nagar Panchayat market,Electricity,High
Water supply cut off for 30 days in Town Area,Water,High
Waste collection vehicle not coming to Puram Extension,Sanitation,Medium
Water tanker not arriving on schedule in Mohalla 7,Water,Low
No road markings visible at night on Market Street,Road,High
Stray dogs near garbage dump in Village Kalan,Sanitation,Medium
Ambulance service not responding in Puram Extension,Healthcare,Critical
Underground water leakage on Temple Road,Water,Low
Garden lights not working in Village Kalan park,Parks,Low
Water supply disrupted since 30 days,Water,Critical
Building under construction without permit in Ward 12,Construction,Medium
Road is completely broken near Sector 5 since 7 days,Road,High
Theft incidents increasing in Block 3 locality,Safety,High
Footover bridge broken near Colony B station,Transport,Medium
Mid-day meal not provided in Puram Extension school,Education,Medium
Open defecation area near Town Area school,Sanitation,Low
Building under construction without permit in Puram Extension,Construction,Medium
Garbage dump near Ward 12 residential area,Sanitation,Medium
Encroachment in Nagar Panchayat public park area,Parks,Low
Divider damaged on NH-8 main street,Road,Low
Construction noise during night hours in Zone 4,Construction,High
Playground equipment damaged in Ward 12 park,Parks,Medium
Construction blocking entrance to Nagar Panchayat school,Construction,Medium
Street harassment near Village Kalan school daily,Safety,Medium
No doctors available at PHC in Sector 5 for 7 days,Healthcare,High
Blood bank not available in Nagar Panchayat hospital,Healthcare,Medium
Bus not stopping at Zone 4 stop,Transport,High
Park occupied by illegal vendors in Colony B,Parks,Low
No ASHA worker in Block 3 area since 21 days,Healthcare,High
Large pothole on Market Street causing accidents near Nagar Panchayat,Road,Medium
Playground equipment damaged in Ward 12 park,Parks,Low
Park pathway broken and dangerous in Ward 12,Parks,Low
Contaminated water supply causing illness in Puram Extension,Water,Critical
Road dividers removed illegally on Temple Road,Transport,Medium
Ambulance service not responding in Sector 5,Healthcare,High
Theft incidents increasing in Colony B locality,Safety,High
Building under construction without permit in Puram Extension,Construction,Low
Road dividers removed illegally on School Lane,Transport,Medium
Bus not stopping at Mohalla 7 stop,Transport,Low
Ambulance service not responding in Colony B,Healthcare,Critical
Construction noise during night hours in Village Kalan,Construction,Low
No ASHA worker in Block 3 area since 2 days,Healthcare,Critical
Playground equipment damaged in Zone 4 park,Parks,Low
No safety net during construction in Colony B,Construction,High
Building violating height norms in Puram Extension,Construction,High
Unauthorized extension built in Nagar Panchayat,Construction,High
Water meter showing wrong reading in Mohalla 7,Water,High
No parking facility near Zone 4 market,Transport,Low
No specialist doctor in Colony B PHC,Healthcare,Critical
Auto drivers overcharging passengers in Zone 4,Transport,Low
Underground water leakage on Temple Road,Water,High
Police not patrolling Ward 12 area since 3 days,Safety,Critical
Underground water leakage on Hospital Road,Water,High
Vaccination camp not organized in Nagar Panchayat,Healthcare,Critical
Sewage mixing with drinking water in Colony B,Water,Critical
Sewage smell unbearable near Puram Extension,Sanitation,Medium
School building in bad condition in Village Kalan,Education,Medium
Building violating height norms in Puram Extension,Construction,High
Broken road divider on Ring Road is dangerous,Road,Medium
CCTV cameras vandalized near Ward 12,Safety,Critical
Drug dealing happening in Colony B park,Safety,High
No road markings visible at night on Station Road,Road,Medium
Overloaded vehicles causing accidents on Main Bazaar,Transport,Medium
Unmarked speed breaker causing accidents on Temple Road,Road,Low
Bins not emptied since last week in Sector 5,Sanitation,Medium
No safety net during construction in Village Kalan,Construction,Medium
Mid-day meal not provided in Ward 12 school,Education,Medium
Sewage overflow on NH-8 street near Town Area,Sanitation,Low
Sewage mixing with drinking water in Block 3,Water,Medium
Rowdy elements troubling residents of Block 3,Safety,High
Ambulance service not responding in Block 3,Healthcare,Critical
Bus service not available to Block 3 village,Transport,Low
Road waterlogged after rain near Mohalla 7,Road,Low
Building violating height norms in Town Area,Construction,Low
Encroachment in Mohalla 7 public park area,Parks,Low
No security guard in Mohalla 7 park,Parks,Medium
No road markings visible at night on Station Road,Road,High
No drinking water in Sector 5 school,Education,Low
Construction debris on footpath on Station Road,Construction,High
Theft incidents increasing in Village Kalan locality,Safety,Medium
School missing benches for students in Ward 12,Education,High
Encroachment in Ward 12 public park area,Parks,Low
Electric poles damaged after storm near Puram Extension,Electricity,Low
Dead animals not removed from School Lane,Sanitation,Low
No toilets in Ward 12 government school,Education,Low
Construction noise during night hours in Ward 12,Construction,High
Night watchman absent from Sector 5,Safety,High
Chain snatching incidents in Nagar Panchayat area,Safety,Critical
No power supply during festival in Town Area,Electricity,Medium
Road is completely broken near Zone 4 since 21 days,Road,Medium
Rubble dumped on Station Road by contractor,Construction,Medium
Construction affecting water supply in Colony B,Construction,Medium
No footpath for pedestrians on Market Street,Transport,Medium
Garbage burning near Puram Extension school,Sanitation,Medium
Footpath broken and dangerous for walkers near Zone 4,Road,Critical
Unauthorized extension built in Colony B,Construction,Low
Garbage burning near Nagar Panchayat school,Sanitation,Medium
Park occupied by illegal vendors in Ward 12,Parks,Medium
Large pothole on Hospital Road causing accidents near Mohalla 7,Road,High
Construction blocking entrance to Colony B school,Construction,High
Sewage smell unbearable near Puram Extension,Sanitation,Critical
School has no blackboards in Mohalla 7,Education,Low
Health worker absent from Mohalla 7 since 5 days,Healthcare,Critical
Road is completely broken near Ward 12 since 3 days,Road,Medium
No street lights on dark NH-8 lane,Electricity,Low
Illegal parking blocking Main Bazaar in Block 3,Transport,Low
Street harassment near Sector 5 school daily,Safety,Critical
CCTV cameras vandalized near Ward 12,Safety,Medium
Scholarship money not distributed in Ward 12,Education,Low
Building under construction without permit in Zone 4,Construction,Low
Library books damaged in Mohalla 7 school,Education,High
Construction affecting water supply in Zone 4,Construction,Low
No bus shelter at Puram Extension bus stop,Transport,High
Power cut every day in Puram Extension for 2 hours,Electricity,High
Hospital ward overcrowded in Nagar Panchayat,Healthcare,High
Road is completely broken near Mohalla 7 since 10 days,Road,Critical
Sewage mixing with drinking water in Nagar Panchayat,Water,High
No dustbin provided in Sector 5 market,Sanitation,High
Anganwadi center closed for 5 days in Mohalla 7,Education,High
No power supply during festival in Town Area,Electricity,Medium
Bus service not available to Town Area village,Transport,Low
Construction debris on footpath on MG Road,Construction,Medium
Trees fallen in Nagar Panchayat park after storm,Parks,Low
No lighting in dark lanes near Nagar Panchayat,Safety,Medium
Dead animals not removed from School Lane,Sanitation,Medium
Teachers absent regularly from Village Kalan school,Education,High
Dirty drain causing disease spread in Village Kalan,Sanitation,Low
Dirty conditions in Block 3 government hospital,Healthcare,Medium
Long queues at Puram Extension government dispensary,Healthcare,Critical
CCTV cameras vandalized near Block 3,Safety,High
Electric poles damaged after storm near Puram Extension,Electricity,Low
No power supply during festival in Zone 4,Electricity,Medium
Divider damaged on Market Street main street,Road,High
Large pothole on NH-8 causing accidents near Ward 12,Road,Medium
Unauthorized commercial construction in Village Kalan,Construction,Low
School has no blackboards in Nagar Panchayat,Education,Medium
Electricity bill error for Mohalla 7 residents,Electricity,Low
Street lamp broken near bus stop on NH-8,Electricity,High
Garden lights not working in Block 3 park,Parks,Medium
Dirty conditions in Sector 5 government hospital,Healthcare,Critical
No ambulance available in Puram Extension,Healthcare,Critical
Theft incidents increasing in Ward 12 locality,Safety,Critical
No last mile connectivity in Colony B,Transport,Low
Overloaded vehicles causing accidents on Market Street,Transport,Medium
No last mile connectivity in Zone 4,Transport,Low
Construction debris on footpath on Old Delhi Road,Construction,High
Power outage in Puram Extension colony since morning,Electricity,Medium
Illegal liquor shop operating openly in Village Kalan,Safety,Medium
Park benches broken and unusable in Ward 12,Parks,Low
Construction affecting water supply in Puram Extension,Construction,Medium
Children playground dirty and unsafe in Zone 4,Parks,Medium
Hospital building in bad condition in Colony B,Healthcare,Critical
Vaccination camp not organized in Zone 4,Healthcare,Critical
Footover bridge broken near Ward 12 station,Transport,Medium
Drug dealing happening in Village Kalan park,Safety,High
Illegal construction blocking School Lane in Block 3,Construction,Medium
Bins not emptied since last week in Village Kalan,Sanitation,High
Library books damaged in Village Kalan school,Education,High
School missing benches for students in Mohalla 7,Education,Low
Water meter showing wrong reading in Sector 5,Water,High
Sewage mixing with drinking water in Block 3,Water,High
Illegal electrical connections spotted in Puram Extension,Electricity,High
No drinking water in Town Area park,Parks,Low
Unauthorized extension built in Nagar Panchayat,Construction,High
Drug dealing happening in Puram Extension park,Safety,Critical
Divider damaged on Old Delhi Road main street,Road,Medium
Traffic signals not working on Market Street,Transport,Low
Construction dust affecting Village Kalan residents,Construction,High
Street harassment near Block 3 school daily,Safety,Critical
Suspicious activity near ATM in Ward 12,Safety,Medium
School roof leaking during rain in Nagar Panchayat,Education,High
No ASHA worker in Town Area area since 21 days,Healthcare,High
CCTV cameras vandalized near Village Kalan,Safety,High
Water meter showing wrong reading in Nagar Panchayat,Water,Critical
Illegal weapons spotted near Block 3,Safety,Critical
CCTV cameras vandalized near Puram Extension,Safety,High
Illegal parking blocking Station Road in Sector 5,Transport,Low
Garbage dump near Zone 4 residential area,Sanitation,Medium
Health worker absent from Town Area since 7 days,Healthcare,Critical
E-rickshaw causing traffic jam in Village Kalan,Transport,Low
Sewage mixing with drinking water in Village Kalan,Water,Low
Dead animals not removed from School Lane,Sanitation,Medium
Construction debris on footpath on Ring Road,Construction,Low
School roof leaking during rain in Block 3,Education,Medium
Illegal water connection in Ward 12,Water,Low
Water supply disrupted since 21 days,Water,Low
Blood bank not available in Town Area hospital,Healthcare,High
Drain blocked for 5 days in Nagar Panchayat,Sanitation,High
Park occupied by illegal vendors in Colony B,Parks,Low
Garbage burning near Village Kalan school,Sanitation,High
Park benches broken and unusable in Mohalla 7,Parks,Medium
Illegal weapons spotted near Colony B,Safety,High
Construction debris on footpath on Station Road,Construction,Medium
Dead animals not removed from Temple Road,Sanitation,Critical
Security cameras not working in Ward 12 market,Safety,Medium
Garden lights not working in Village Kalan park,Parks,Medium
Library books damaged in Zone 4 school,Education,Low
Garden lights not working in Nagar Panchayat park,Parks,Low
Unauthorized commercial construction in Ward 12,Construction,Low
Unmarked speed breaker causing accidents on NH-8,Road,Low
No water supply for past 21 days in Puram Extension,Water,Low
Water tank overflow flooding Main Bazaar,Water,Critical
Theft incidents increasing in Puram Extension locality,Safety,Critical
Teachers absent regularly from Puram Extension school,Education,Low
Medical equipment not working in Town Area hospital,Healthcare,Critical
Footpath broken and dangerous for walkers near Mohalla 7,Road,Critical
Street lamp broken near bus stop on MG Road,Electricity,Low
Computer lab non-functional in Mohalla 7 school,Education,Low
No street lights on dark Hospital Road lane,Electricity,Low
Garden lights not working in Ward 12 park,Parks,Low
Bins not emptied since last week in Sector 5,Sanitation,Medium
No sports facilities in Sector 5 school,Education,Low
Drug dealing happening in Sector 5 park,Safety,Medium
Hospital ward overcrowded in Colony B,Healthcare,Critical
Gambling den operating in Sector 5,Safety,High
Contaminated water supply causing illness in Village Kalan,Water,High
Construction affecting water supply in Nagar Panchayat,Construction,Medium
No water pressure in building in Block 3,Water,Medium
Dirty drain causing disease spread in Block 3,Sanitation,Critical
Park pathway broken and dangerous in Sector 5,Parks,Medium
Water pipeline broken near Town Area school,Water,High
Sewage overflow on Main Bazaar street near Village Kalan,Sanitation,Critical
Sewage smell unbearable near Sector 5,Sanitation,High
Trees fallen in Sector 5 park after storm,Parks,Medium
No lighting in dark lanes near Town Area,Safety,Critical
Traffic signals not working on MG Road,Transport,Medium
Women safety issues at Zone 4 bus stop,Safety,Critical
Underground water leakage on NH-8,Water,Critical
Electric meter not working properly in Ward 12,Electricity,High
Garbage not collected for 10 days in Village Kalan,Sanitation,High
Suspicious activity near ATM in Zone 4,Safety,Critical
Computer lab non-functional in Nagar Panchayat school,Education,Medium
Night watchman absent from Ward 12,Safety,Critical
Stray dogs near garbage dump in Block 3,Sanitation,High
Women safety issues at Puram Extension bus stop,Safety,Medium
Large pothole on Hospital Road causing accidents near Puram Extension,Road,Critical
Bus not stopping at Mohalla 7 stop,Transport,Low
Grass not trimmed in Block 3 public garden,Parks,Low
Power cut every day in Mohalla 7 for 3 hours,Electricity,High
Long queues at Town Area government dispensary,Healthcare,Critical
No safety net during construction in Zone 4,Construction,Low
Hospital ward overcrowded in Sector 5,Healthcare,Medium
Teachers absent regularly from Town Area school,Education,High
Overloaded vehicles causing accidents on NH-8,Transport,Low
Road dividers removed illegally on Ring Road,Transport,Low
Water supply disrupted since 30 days,Water,High
Unsafe scaffolding near Main Bazaar,Construction,Medium
Gambling den operating in Nagar Panchayat,Safety,Medium
Park pathway broken and dangerous in Mohalla 7,Parks,Low
Drain blocked for 2 days in Zone 4,Sanitation,High
Sewage smell unbearable near Colony B,Sanitation,High
Road encroachment by shops on School Lane,Road,Critical
Water meter showing wrong reading in Sector 5,Water,Medium
Playground equipment damaged in Block 3 park,Parks,Low
No dustbin provided in Puram Extension market,Sanitation,Low
Blood bank not available in Sector 5 hospital,Healthcare,Critical
Scholarship money not distributed in Mohalla 7,Education,High
Dirty drain causing disease spread in Ward 12,Sanitation,Low
Footpath broken and dangerous for walkers near Sector 5,Road,Medium
Construction affecting water supply in Nagar Panchayat,Construction,Medium
School missing benches for students in Puram Extension,Education,Low
Suspicious activity near ATM in Puram Extension,Safety,High
Construction work damaging water pipeline in Sector 5,Construction,Low
Road dividers removed illegally on Station Road,Transport,Low
Power cut every day in Town Area for 2 hours,Electricity,Low
Demolition without safety measures in Village Kalan,Construction,Medium
Transformer blew up near Sector 5 market,Electricity,Low
No water supply for past 21 days in Block 3,Water,High
Park walls have graffiti in Ward 12,Parks,Medium
Mid-day meal not provided in Zone 4 school,Education,High
School roof leaking during rain in Town Area,Education,Medium
No doctors available at PHC in Colony B for 14 days,Healthcare,High
Garden lights not working in Sector 5 park,Parks,Medium
Scholarship money not distributed in Mohalla 7,Education,Medium
No toilets in Puram Extension government school,Education,Low
Street lights not working on NH-8 since 3 days,Electricity,High
Road cave-in near Nagar Panchayat drainage line,Road,High
Bins not emptied since last week in Block 3,Sanitation,Low
Gambling den operating in Zone 4,Safety,Medium
No ambulance available in Nagar Panchayat,Healthcare,Critical
Drain blocked for 3 days in Zone 4,Sanitation,High
Road waterlogged after rain near Town Area,Road,High
Footover bridge broken near Sector 5 station,Transport,Low
High voltage wire hanging low on Station Road,Electricity,Medium
No bus shelter at Puram Extension bus stop,Transport,Low
Unmarked speed breaker causing accidents on Hospital Road,Road,Critical
Road construction debris not cleared near Town Area,Road,High
Night watchman absent from Town Area,Safety,High
Leaking water pipe wasting water on NH-8,Water,Low
Sewage overflow on Temple Road street near Mohalla 7,Sanitation,Critical
Traffic signals not working on Old Delhi Road,Transport,Low
Water tanker not arriving on schedule in Town Area,Water,High
Children playground dirty and unsafe in Nagar Panchayat,Parks,Medium
Speed breaker damaged on Hospital Road highway,Road,Medium
No toilets in Mohalla 7 government school,Education,Low
Suspicious activity near ATM in Block 3,Safety,Medium
No toilets in Nagar Panchayat government school,Education,High
Demolition without safety measures in Village Kalan,Construction,Low
Grass not trimmed in Sector 5 public garden,Parks,Low
Teachers absent regularly from Nagar Panchayat school,Education,Medium
Lights flickering in Village Kalan residential area,Electricity,High
No doctors available at PHC in Nagar Panchayat for 30 days,Healthcare,High
Drain blocked for 3 days in Sector 5,Sanitation,Medium
Road dividers removed illegally on Market Street,Transport,Low
Traffic signals not working on Ring Road,Transport,High
Road dividers removed illegally on Hospital Road,Transport,Low
No parking facility near Village Kalan market,Transport,Low
Garbage dump near Ward 12 residential area,Sanitation,Low
Illegal parking blocking Old Delhi Road in Sector 5,Transport,Low
Contaminated water supply causing illness in Block 3,Water,High
Sewage overflow on NH-8 street near Zone 4,Sanitation,Medium
Drain blocked for 30 days in Mohalla 7,Sanitation,Medium
Transformer blew up near Colony B market,Electricity,Low
Dead animals not removed from Old Delhi Road,Sanitation,Critical
Encroachment in Village Kalan public park area,Parks,Medium
Expired medicines given at Mohalla 7 clinic,Healthcare,Medium
Dirty drain causing disease spread in Sector 5,Sanitation,Critical
No boundary wall in Sector 5 school,Education,Low
Construction dust affecting Puram Extension residents,Construction,Low
Sewage overflow on Station Road street near Colony B,Sanitation,Medium
Stray dogs near garbage dump in Mohalla 7,Sanitation,High
Road waterlogged after rain near Puram Extension,Road,High
Stray dogs near garbage dump in Sector 5,Sanitation,High
Dirty brown water coming from tap in Block 3,Water,High
No street lights on dark Market Street lane,Electricity,High
Construction blocking entrance to Colony B school,Construction,Medium
Park walls have graffiti in Puram Extension,Parks,Low
Chain snatching incidents in Nagar Panchayat area,Safety,Critical
Garbage burning near Puram Extension school,Sanitation,Medium
Park occupied by illegal vendors in Town Area,Parks,Low
Park pathway broken and dangerous in Village Kalan,Parks,Low
Road waterlogged after rain near Village Kalan,Road,Medium
Dead animals not removed from Station Road,Sanitation,Low
No doctors available at PHC in Town Area for 14 days,Healthcare,Critical
Hospital building in bad condition in Sector 5,Healthcare,Medium
Trees fallen in Colony B park after storm,Parks,Medium
Park pathway broken and dangerous in Zone 4,Parks,Low
Scholarship money not distributed in Zone 4,Education,High
Dirty drain causing disease spread in Mohalla 7,Sanitation,High
Long queues at Village Kalan government dispensary,Healthcare,Critical
No street lights on dark Temple Road lane,Electricity,Medium
Hospital ward overcrowded in Nagar Panchayat,Healthcare,Medium
Street harassment near Village Kalan school daily,Safety,Medium
Traffic signals not working on Temple Road,Transport,Medium
No bus shelter at Block 3 bus stop,Transport,High
Night watchman absent from Ward 12,Safety,High
Mid-day meal not provided in Mohalla 7 school,Education,Medium
Bus routes reduced suddenly in Ward 12,Transport,Low
Drug dealing happening in Ward 12 park,Safety,Medium
Demolition without safety measures in Ward 12,Construction,Medium
Transformer blew up near Town Area market,Electricity,High
Construction debris on footpath on MG Road,Construction,Low
Park fountains not working in Zone 4,Parks,Low
No maintenance of Ward 12 garden since 10 days,Parks,Low
Footpath broken and dangerous for walkers near Puram Extension,Road,High
No drinking water in Ward 12 park,Parks,Low
Construction noise during night hours in Ward 12,Construction,Low
Garbage dump near Town Area residential area,Sanitation,Medium
Electricity bill error for Zone 4 residents,Electricity,Medium
No ASHA worker in Zone 4 area since 14 days,Healthcare,High
Power outage in Zone 4 colony since morning,Electricity,Low
Playground equipment damaged in Colony B park,Parks,Medium
No footpath for pedestrians on Ring Road,Transport,Low
No bus shelter at Sector 5 bus stop,Transport,High
No drinking water in Colony B park,Parks,Medium
Bridge has cracks need urgent repair on Station Road,Road,High
Footpath broken and dangerous for walkers near Town Area,Road,Medium
Government hospital lacks medicines in Ward 12,Healthcare,High
Footpath broken and dangerous for walkers near Ward 12,Road,Medium
Construction debris on footpath on Main Bazaar,Construction,Medium
Garbage not collected for 5 days in Colony B,Sanitation,Low
Women safety issues at Town Area bus stop,Safety,High
No security guard in Village Kalan park,Parks,Low
Illegal water connection in Puram Extension,Water,Critical
Bins not emptied since last week in Sector 5,Sanitation,Critical
Expired medicines given at Mohalla 7 clinic,Healthcare,Medium
Dirty conditions in Nagar Panchayat government hospital,Healthcare,Critical
Scholarship money not distributed in Ward 12,Education,Low
CCTV cameras vandalized near Town Area,Safety,Medium
Rowdy elements troubling residents of Mohalla 7,Safety,High
Expired medicines given at Mohalla 7 clinic,Healthcare,High
Road dividers removed illegally on Market Street,Transport,Low
Stray dogs near garbage dump in Town Area,Sanitation,Medium
Construction work damaging water pipeline in Zone 4,Construction,Low
Overloaded vehicles causing accidents on MG Road,Transport,Low
Street harassment near Block 3 school daily,Safety,Critical
Power outage in Sector 5 colony since morning,Electricity,High
Power outage in Puram Extension colony since morning,Electricity,Low
Dirty brown water coming from tap in Colony B,Water,Medium
Traffic signals not working on Market Street,Transport,Low
CCTV cameras vandalized near Sector 5,Safety,Medium
No toilets in Puram Extension government school,Education,Low
Playground equipment damaged in Colony B park,Parks,Medium
School roof leaking during rain in Village Kalan,Education,Medium
Open drain overflowing near Sector 5 homes,Sanitation,High
Suspicious activity near ATM in Zone 4,Safety,High
Water supply disrupted since 5 days,Water,Critical
Electric poles damaged after storm near Puram Extension,Electricity,Low
Drain blocked for 2 days in Ward 12,Sanitation,Medium
Power cut every day in Block 3 for 21 hours,Electricity,Medium
Computer lab non-functional in Zone 4 school,Education,High
Health worker absent from Colony B since 7 days,Healthcare,Critical
No toilets in Colony B government school,Education,High
Suspicious activity near ATM in Colony B,Safety,Critical
Library books damaged in Village Kalan school,Education,High
Transformer blew up near Colony B market,Electricity,High
Power cut every day in Colony B for 2 hours,Electricity,Low
Power cut every day in Colony B for 30 hours,Electricity,Low
Bins not emptied since last week in Nagar Panchayat,Sanitation,Critical
Illegal construction blocking Station Road in Colony B,Construction,Low
Security cameras not working in Village Kalan market,Safety,Critical
Transformer blew up near Sector 5 market,Electricity,Low
Underground water leakage on Temple Road,Water,High
Building violating height norms in Colony B,Construction,High
No water pressure in building in Nagar Panchayat,Water,High
Unauthorized extension built in Sector 5,Construction,High
Dirty conditions in Puram Extension government hospital,Healthcare,Critical
Water pipe burst on MG Road flooding the street,Water,Critical
Construction noise during night hours in Mohalla 7,Construction,Medium
Illegal liquor shop operating openly in Block 3,Safety,Critical
Expired medicines given at Sector 5 clinic,Healthcare,Critical
Teachers absent regularly from Mohalla 7 school,Education,Medium
Gambling den operating in Village Kalan,Safety,Critical
Road encroachment by shops on School Lane,Road,Critical
Speed breaker damaged on MG Road highway,Road,Critical
Sewage overflow on Hospital Road street near Zone 4,Sanitation,Low
Police not patrolling Ward 12 area since 10 days,Safety,High
Unsafe scaffolding near MG Road,Construction,Medium
Teachers absent regularly from Zone 4 school,Education,Low
Scholarship money not distributed in Village Kalan,Education,High
No power supply during festival in Colony B,Electricity,Medium
Construction work damaging water pipeline in Town Area,Construction,Low
Road is completely broken near Ward 12 since 14 days,Road,High
No bus shelter at Sector 5 bus stop,Transport,Low
No street lights on dark Hospital Road lane,Electricity,High
Road is completely broken near Block 3 since 21 days,Road,High
Expired medicines given at Block 3 clinic,Healthcare,Critical
Building under construction without permit in Puram Extension,Construction,Medium
Lights flickering in Mohalla 7 residential area,Electricity,Low
Street harassment near Mohalla 7 school daily,Safety,Critical
Park pathway broken and dangerous in Village Kalan,Parks,Low
Sewage mixing with drinking water in Block 3,Water,Critical
Untrained teachers in Town Area primary school,Education,Medium
Garbage dump near Sector 5 residential area,Sanitation,High
Road construction debris not cleared near Sector 5,Road,Low
Waste collection vehicle not coming to Colony B,Sanitation,High
Bins not emptied since last week in Ward 12,Sanitation,Critical
Electric poles damaged after storm near Nagar Panchayat,Electricity,Medium
Illegal parking blocking Main Bazaar in Puram Extension,Transport,Medium
Grass not trimmed in Colony B public garden,Parks,Low
School roof leaking during rain in Mohalla 7,Education,Low
Unsafe scaffolding near MG Road,Construction,Low
Bins not emptied since last week in Colony B,Sanitation,Critical
Water pipe burst on Market Street flooding the street,Water,Critical
Overloaded vehicles causing accidents on School Lane,Transport,Medium
Grass not trimmed in Town Area public garden,Parks,Low
Divider damaged on Market Street main street,Road,Low
Illegal electrical connections spotted in Zone 4,Electricity,Low
Encroachment in Puram Extension public park area,Parks,Low
No electricity for 21 days in Nagar Panchayat,Electricity,High
Encroachment in Ward 12 public park area,Parks,Low
Unmarked speed breaker causing accidents on Hospital Road,Road,Medium
No ambulance available in Block 3,Healthcare,Critical
Auto drivers overcharging passengers in Sector 5,Transport,Low
School roof leaking during rain in Mohalla 7,Education,Low
High voltage wire hanging low on Station Road,Electricity,High
E-rickshaw causing traffic jam in Block 3,Transport,Low
Road encroachment by shops on Station Road,Road,High
Park walls have graffiti in Zone 4,Parks,Low
No security guard in Colony B park,Parks,Low
No street lights on dark Main Bazaar lane,Electricity,High
Expired medicines given at Town Area clinic,Healthcare,High
Expired medicines given at Sector 5 clinic,Healthcare,Critical
Speed breaker damaged on Market Street highway,Road,Critical
Road waterlogged after rain near Nagar Panchayat,Road,Medium
Drain blocked for 5 days in Block 3,Sanitation,High
Anganwadi center closed for 14 days in Town Area,Education,Low
Underground water leakage on Market Street,Water,Medium
Road dividers removed illegally on Hospital Road,Transport,Low
No ambulance available in Block 3,Healthcare,High
Illegal water connection in Town Area,Water,Critical
No water pressure in building in Block 3,Water,High
School missing benches for students in Village Kalan,Education,Medium
Anganwadi center closed for 2 days in Village Kalan,Education,Medium
Garbage not collected for 5 days in Zone 4,Sanitation,Low
No road markings visible at night on MG Road,Road,High
Garbage not collected for 5 days in Puram Extension,Sanitation,Medium
Street lights not working on Temple Road since 14 days,Electricity,Low
Water pipe burst on Market Street flooding the street,Water,High
Untrained teachers in Mohalla 7 primary school,Education,High
Waste collection vehicle not coming to Colony B,Sanitation,Medium
Road dividers removed illegally on Ring Road,Transport,High
No street lights on dark MG Road lane,Electricity,Medium
Untrained teachers in Block 3 primary school,Education,Low
Bus not stopping at Zone 4 stop,Transport,Low
Construction noise during night hours in Nagar Panchayat,Construction,High
Bus service not available to Zone 4 village,Transport,High
Long queues at Puram Extension government dispensary,Healthcare,Medium
No lighting in dark lanes near Sector 5,Safety,High
No ambulance available in Mohalla 7,Healthcare,Medium
Construction debris on footpath on Old Delhi Road,Construction,High
Illegal construction blocking MG Road in Zone 4,Construction,High
Sewage smell unbearable near Colony B,Sanitation,Low
Dirty brown water coming from tap in Mohalla 7,Water,Medium
Dirty drain causing disease spread in Zone 4,Sanitation,High
Sewage overflow on Main Bazaar street near Mohalla 7,Sanitation,High
Encroachment in Nagar Panchayat public park area,Parks,Low
Bus routes reduced suddenly in Ward 12,Transport,Low
CCTV cameras not working on Market Street,Transport,Medium
Large pothole on Main Bazaar causing accidents near Town Area,Road,Medium
Bins not emptied since last week in Nagar Panchayat,Sanitation,High
Street lamp broken near bus stop on Hospital Road,Electricity,Low
No parking facility near Village Kalan market,Transport,High
Building violating height norms in Block 3,Construction,Medium
Footpath broken and dangerous for walkers near Block 3,Road,High
Health worker absent from Mohalla 7 since 3 days,Healthcare,Critical
Garbage dump near Nagar Panchayat residential area,Sanitation,High
Public toilet not maintained in Puram Extension,Sanitation,High
Dirty brown water coming from tap in Village Kalan,Water,High
Bus not stopping at Ward 12 stop,Transport,High
Footpath broken and dangerous for walkers near Town Area,Road,High
No sports facilities in Sector 5 school,Education,Low
No footpath for pedestrians on Temple Road,Transport,Low
Park occupied by illegal vendors in Town Area,Parks,Low
Unmarked speed breaker causing accidents on MG Road,Road,Low
School missing benches for students in Colony B,Education,Low
Untrained teachers in Town Area primary school,Education,Low
Police not patrolling Sector 5 area since 5 days,Safety,High
Unmarked speed breaker causing accidents on Ring Road,Road,Medium
Speed breaker damaged on Hospital Road highway,Road,Medium
No parking facility near Sector 5 market,Transport,High
Electric poles damaged after storm near Village Kalan,Electricity,Low
Park walls have graffiti in Nagar Panchayat,Parks,Low
Mid-day meal not provided in Mohalla 7 school,Education,High
Water pipe burst on Main Bazaar flooding the street,Water,Critical
No specialist doctor in Sector 5 PHC,Healthcare,High
Suspicious activity near ATM in Town Area,Safety,High
Sewage mixing with drinking water in Village Kalan,Water,Medium
Open defecation area near Town Area school,Sanitation,Medium
No security guard in Zone 4 park,Parks,Low
Water pipe burst on MG Road flooding the street,Water,High
Night watchman absent from Block 3,Safety,Medium
Speed breaker damaged on Ring Road highway,Road,Low
No toilets in Village Kalan government school,Education,High
Road dividers removed illegally on NH-8,Transport,Low
Construction affecting water supply in Mohalla 7,Construction,Medium
Medical equipment not working in Ward 12 hospital,Healthcare,Critical
Leaking water pipe wasting water on Station Road,Water,Critical
Vaccination camp not organized in Mohalla 7,Healthcare,High
Large pothole on MG Road causing accidents near Mohalla 7,Road,Low
Auto drivers overcharging passengers in Village Kalan,Transport,Medium
No doctors available at PHC in Colony B for 7 days,Healthcare,Critical
Illegal construction blocking Station Road in Puram Extension,Construction,Low
Garbage dump near Mohalla 7 residential area,Sanitation,Critical
Large pothole on MG Road causing accidents near Town Area,Road,Medium
Underground water leakage on Station Road,Water,Medium
Water meter showing wrong reading in Ward 12,Water,Critical
Building under construction without permit in Sector 5,Construction,Low
Street lights not working on School Lane since 5 days,Electricity,High
Theft incidents increasing in Zone 4 locality,Safety,High
Large pothole on Ring Road causing accidents near Zone 4,Road,Critical
Power outage in Colony B colony since morning,Electricity,Medium
No electricity for 14 days in Block 3,Electricity,High
Footpath broken and dangerous for walkers near Ward 12,Road,Medium
School has no blackboards in Nagar Panchayat,Education,High
Garbage not collected for 14 days in Zone 4,Sanitation,Low
Water pipe burst on Old Delhi Road flooding the street,Water,Critical
Footpath broken and dangerous for walkers near Block 3,Road,Critical
Construction blocking entrance to Village Kalan school,Construction,Medium
Hospital building in bad condition in Colony B,Healthcare,High
No maintenance of Colony B garden since 30 days,Parks,Low
Park pathway broken and dangerous in Sector 5,Parks,Low
Overloaded vehicles causing accidents on Ring Road,Transport,Low
No ASHA worker in Zone 4 area since 3 days,Healthcare,Critical
Park fountains not working in Zone 4,Parks,Low
Illegal weapons spotted near Block 3,Safety,High
No road markings visible at night on Market Street,Road,Medium
Road is completely broken near Mohalla 7 since 21 days,Road,Medium
Illegal liquor shop operating openly in Ward 12,Safety,High
Water tank overflow flooding Temple Road,Water,Medium
CCTV cameras vandalized near Zone 4,Safety,Medium
Trees fallen in Zone 4 park after storm,Parks,Low
Electric poles damaged after storm near Ward 12,Electricity,High
Construction blocking entrance to Puram Extension school,Construction,Medium
Power outage in Sector 5 colony since morning,Electricity,Low
Electric poles damaged after storm near Zone 4,Electricity,Low
Dirty brown water coming from tap in Block 3,Water,High
Park benches broken and unusable in Ward 12,Parks,Low
No bus shelter at Block 3 bus stop,Transport,Low
Potholes causing vehicle damage on MG Road,Road,High
Hospital building in bad condition in Mohalla 7,Healthcare,Medium
Children playground dirty and unsafe in Colony B,Parks,Medium
No sports facilities in Block 3 school,Education,High
No boundary wall in Colony B school,Education,High
Construction noise during night hours in Colony B,Construction,High
Drain blocked for 7 days in Ward 12,Sanitation,Medium
No last mile connectivity in Mohalla 7,Transport,Medium
Overloaded vehicles causing accidents on Station Road,Transport,Medium
Garbage burning near Town Area school,Sanitation,Medium
Electricity bill error for Nagar Panchayat residents,Electricity,Medium
Sewage mixing with drinking water in Sector 5,Water,High
Construction dust affecting Sector 5 residents,Construction,Medium
Park fountains not working in Ward 12,Parks,Medium
No specialist doctor in Village Kalan PHC,Healthcare,High
Construction dust affecting Sector 5 residents,Construction,High
Electricity bill error for Ward 12 residents,Electricity,Medium
Bus service not available to Nagar Panchayat village,Transport,Low
Women safety issues at Puram Extension bus stop,Safety,High
Bus service not available to Colony B village,Transport,Medium
Bus not stopping at Puram Extension stop,Transport,Low
Street flooding on Hospital Road during monsoon,Road,High
High voltage wire hanging low on Temple Road,Electricity,Low
No footpath for pedestrians on Main Bazaar,Transport,Low
Traffic signals not working on Temple Road,Transport,Low
Water tank overflow flooding NH-8,Water,Critical
Park fountains not working in Block 3,Parks,Low
Dirty brown water coming from tap in Ward 12,Water,Critical
Garbage burning near Ward 12 school,Sanitation,Critical
Women safety issues at Village Kalan bus stop,Safety,Medium
Street flooding on Old Delhi Road during monsoon,Road,Medium
Drain blocked for 30 days in Zone 4,Sanitation,Medium
Library books damaged in Town Area school,Education,High
Park benches broken and unusable in Puram Extension,Parks,Medium
No ambulance available in Sector 5,Healthcare,High
No water pressure in building in Sector 5,Water,Critical
No street lights on dark Main Bazaar lane,Electricity,Low
Lights flickering in Ward 12 residential area,Electricity,Low
Contaminated water supply causing illness in Zone 4,Water,High
Bus not stopping at Block 3 stop,Transport,Low
Long queues at Mohalla 7 government dispensary,Healthcare,High
School missing benches for students in Nagar Panchayat,Education,Low
Public toilet not maintained in Block 3,Sanitation,High
Garbage not collected for 10 days in Zone 4,Sanitation,Low
No footpath for pedestrians on Old Delhi Road,Transport,Low
Drug dealing happening in Block 3 park,Safety,Medium
School roof leaking during rain in Mohalla 7,Education,Medium
Road construction debris not cleared near Mohalla 7,Road,Low
Contaminated water supply causing illness in Sector 5,Water,Critical
Garbage burning near Colony B school,Sanitation,Low
No water supply for past 30 days in Town Area,Water,Critical
Garbage dump near Nagar Panchayat residential area,Sanitation,High
CCTV cameras not working on NH-8,Transport,Low
Waste collection vehicle not coming to Puram Extension,Sanitation,High
No ambulance available in Nagar Panchayat,Healthcare,Medium
No electricity for 21 days in Mohalla 7,Electricity,Low
Construction noise during night hours in Village Kalan,Construction,High
Construction debris on footpath on NH-8,Construction,High
No boundary wall in Colony B school,Education,Low
Water supply cut off for 21 days in Colony B,Water,Critical
Women safety issues at Zone 4 bus stop,Safety,Critical
Suspicious activity near ATM in Sector 5,Safety,Medium
Untrained teachers in Puram Extension primary school,Education,Medium
Electric box sparking near Mohalla 7 school,Electricity,High
Security cameras not working in Town Area market,Safety,Critical
Trees fallen in Town Area park after storm,Parks,Low
Unauthorized extension built in Ward 12,Construction,High
Construction debris on footpath on School Lane,Construction,Medium
School missing benches for students in Mohalla 7,Education,Low
Electric poles damaged after storm near Town Area,Electricity,High
No parking facility near Sector 5 market,Transport,Low
Power cut every day in Puram Extension for 10 hours,Electricity,Low
Medical equipment not working in Ward 12 hospital,Healthcare,Critical
School roof leaking during rain in Mohalla 7,Education,Medium
Medical equipment not working in Puram Extension hospital,Healthcare,Critical
Drain blocked for 21 days in Mohalla 7,Sanitation,Medium
Transformer blew up near Block 3 market,Electricity,High
Mid-day meal not provided in Sector 5 school,Education,High
Illegal parking blocking Hospital Road in Village Kalan,Transport,High
No doctors available at PHC in Sector 5 for 10 days,Healthcare,Critical
No bus shelter at Zone 4 bus stop,Transport,High
Street flooding on MG Road during monsoon,Road,High
Electric meter not working properly in Ward 12,Electricity,Low
Open drain overflowing near Puram Extension homes,Sanitation,High
Drug dealing happening in Block 3 park,Safety,Medium
Drug dealing happening in Ward 12 park,Safety,Critical
Street harassment near Puram Extension school daily,Safety,Medium
Illegal construction blocking MG Road in Block 3,Construction,Low
Anganwadi center closed for 14 days in Colony B,Education,Low
Unauthorized commercial construction in Block 3,Construction,Medium
Water tank overflow flooding Old Delhi Road,Water,Low
Traffic signals not working on Temple Road,Transport,Low
Street harassment near Ward 12 school daily,Safety,Critical
Public toilet not maintained in Block 3,Sanitation,Critical
No specialist doctor in Puram Extension PHC,Healthcare,Critical
No parking facility near Ward 12 market,Transport,Low
Sewage smell unbearable near Block 3,Sanitation,Medium
Road encroachment by shops on NH-8,Road,Critical
Police not patrolling Block 3 area since 30 days,Safety,High
Open defecation area near Mohalla 7 school,Sanitation,Medium
Illegal weapons spotted near Sector 5,Safety,Critical
Footover bridge broken near Nagar Panchayat station,Transport,Medium
Illegal electrical connections spotted in Colony B,Electricity,Low
Divider damaged on Ring Road main street,Road,Medium
School has no blackboards in Puram Extension,Education,Medium
E-rickshaw causing traffic jam in Town Area,Transport,Medium
Women safety issues at Ward 12 bus stop,Safety,High
Divider damaged on Ring Road main street,Road,Medium
Building under construction without permit in Ward 12,Construction,Low
Medical equipment not working in Ward 12 hospital,Healthcare,High
High voltage wire hanging low on Ring Road,Electricity,Low
Playground equipment damaged in Town Area park,Parks,Low
Hospital building in bad condition in Zone 4,Healthcare,Medium
Garden lights not working in Town Area park,Parks,Low
Vaccination camp not organized in Sector 5,Healthcare,High
Illegal water connection in Zone 4,Water,High
Rowdy elements troubling residents of Sector 5,Safety,Medium
Gambling den operating in Town Area,Safety,High
CCTV cameras not working on Old Delhi Road,Transport,High
Overloaded vehicles causing accidents on Old Delhi Road,Transport,Low
Underground water leakage on Main Bazaar,Water,Critical
Electric poles damaged after storm near Colony B,Electricity,High
Footover bridge broken near Block 3 station,Transport,Low
Medical equipment not working in Block 3 hospital,Healthcare,High
Open defecation area near Colony B school,Sanitation,Low
Water meter showing wrong reading in Zone 4,Water,Critical
Chain snatching incidents in Ward 12 area,Safety,Critical
Dirty drain causing disease spread in Ward 12,Sanitation,High
Transformer blew up near Village Kalan market,Electricity,Low
Dirty brown water coming from tap in Nagar Panchayat,Water,High
Expired medicines given at Ward 12 clinic,Healthcare,Critical
Garbage dump near Zone 4 residential area,Sanitation,Critical
Rowdy elements troubling residents of Sector 5,Safety,Critical
Sewage smell unbearable near Block 3,Sanitation,High
No last mile connectivity in Ward 12,Transport,Medium
Suspicious activity near ATM in Town Area,Safety,Medium
Potholes causing vehicle damage on MG Road,Road,Critical
No specialist doctor in Colony B PHC,Healthcare,Critical
Water tanker not arriving on schedule in Ward 12,Water,Critical
Power outage in Sector 5 colony since morning,Electricity,High
Footpath broken and dangerous for walkers near Ward 12,Road,High
Construction affecting water supply in Ward 12,Construction,Low
Illegal weapons spotted near Ward 12,Safety,High
Unsafe scaffolding near Ring Road,Construction,Medium
Water pipe burst on NH-8 flooding the street,Water,Critical
Untrained teachers in Sector 5 primary school,Education,Low
Vaccination camp not organized in Colony B,Healthcare,High
Park gate broken in Mohalla 7,Parks,Low
No power supply during festival in Town Area,Electricity,Medium
Road construction debris not cleared near Zone 4,Road,High
Illegal electrical connections spotted in Zone 4,Electricity,Low
Road construction debris not cleared near Nagar Panchayat,Road,Critical
Power outage in Sector 5 colony since morning,Electricity,Low
Power cut every day in Zone 4 for 7 hours,Electricity,High
Sewage mixing with drinking water in Block 3,Water,Critical
Long queues at Sector 5 government dispensary,Healthcare,High
Street lights not working on Station Road since 21 days,Electricity,High
Playground equipment damaged in Village Kalan park,Parks,Low
Illegal construction blocking Hospital Road in Zone 4,Construction,Medium
No ASHA worker in Mohalla 7 area since 3 days,Healthcare,High
No drinking water in Town Area school,Education,Medium
Grass not trimmed in Village Kalan public garden,Parks,Low
Illegal parking blocking Market Street in Puram Extension,Transport,Low
Street lamp broken near bus stop on School Lane,Electricity,Medium
Park pathway broken and dangerous in Colony B,Parks,Low
No electricity for 2 days in Puram Extension,Electricity,High
Construction blocking entrance to Nagar Panchayat school,Construction,High
Street harassment near Nagar Panchayat school daily,Safety,Medium
Teachers absent regularly from Colony B school,Education,Low
Dirty conditions in Colony B government hospital,Healthcare,High
Illegal water connection in Sector 5,Water,Medium
CCTV cameras vandalized near Village Kalan,Safety,Medium
Construction work damaging water pipeline in Town Area,Construction,Low
Park occupied by illegal vendors in Town Area,Parks,Low
Garden lights not working in Puram Extension park,Parks,Low
No last mile connectivity in Village Kalan,Transport,Low
Mid-day meal not provided in Mohalla 7 school,Education,High
Bus not stopping at Town Area stop,Transport,Low
Road is completely broken near Mohalla 7 since 7 days,Road,High
Sewage smell unbearable near Colony B,Sanitation,Critical
Expired medicines given at Block 3 clinic,Healthcare,Critical
No footpath for pedestrians on School Lane,Transport,High
Building under construction without permit in Sector 5,Construction,Low
Park fountains not working in Nagar Panchayat,Parks,Low
Unmarked speed breaker causing accidents on Main Bazaar,Road,Medium
Dead animals not removed from Main Bazaar,Sanitation,Low
Power outage in Colony B colony since morning,Electricity,Low
Unsafe scaffolding near Station Road,Construction,Low
No doctors available at PHC in Nagar Panchayat for 3 days,Healthcare,High
Police not patrolling Zone 4 area since 14 days,Safety,High
Footover bridge broken near Puram Extension station,Transport,Medium
Construction affecting water supply in Block 3,Construction,Medium
Electricity bill error for Block 3 residents,Electricity,Low
Dirty drain causing disease spread in Zone 4,Sanitation,High
Lights flickering in Ward 12 residential area,Electricity,Medium
Sewage smell unbearable near Block 3,Sanitation,Medium
Water pipeline broken near Zone 4 school,Water,Critical
Open drain overflowing near Ward 12 homes,Sanitation,High
Vaccination camp not organized in Sector 5,Healthcare,Critical
Construction noise during night hours in Town Area,Construction,Medium
No maintenance of Colony B garden since 14 days,Parks,Low
Sewage overflow on Main Bazaar street near Village Kalan,Sanitation,High
Road cave-in near Zone 4 drainage line,Road,Medium
Water pipeline broken near Zone 4 school,Water,Low
No doctors available at PHC in Village Kalan for 10 days,Healthcare,High
No road markings visible at night on Temple Road,Road,Medium
Dirty drain causing disease spread in Nagar Panchayat,Sanitation,Low
Drain blocked for 3 days in Sector 5,Sanitation,Low
Dirty brown water coming from tap in Ward 12,Water,High
Leaking water pipe wasting water on MG Road,Water,Low
Rowdy elements troubling residents of Puram Extension,Safety,High
No bus shelter at Zone 4 bus stop,Transport,Low
School building in bad condition in Town Area,Education,High
No doctors available at PHC in Sector 5 for 30 days,Healthcare,Critical
Power outage in Colony B colony since morning,Electricity,Medium
Construction affecting water supply in Ward 12,Construction,Medium
Water pipeline broken near Nagar Panchayat school,Water,Low
Gambling den operating in Mohalla 7,Safety,High
Large pothole on Old Delhi Road causing accidents near Block 3,Road,Critical
Ambulance service not responding in Zone 4,Healthcare,Medium
No parking facility near Nagar Panchayat market,Transport,Low
Grass not trimmed in Sector 5 public garden,Parks,Low
Bus not stopping at Puram Extension stop,Transport,Low
Children playground dirty and unsafe in Sector 5,Parks,Low
Dirty drain causing disease spread in Colony B,Sanitation,Medium
Road is completely broken near Ward 12 since 3 days,Road,Low
Speed breaker damaged on Market Street highway,Road,Low
No parking facility near Zone 4 market,Transport,Low
Illegal electrical connections spotted in Nagar Panchayat,Electricity,Low
Sewage smell unbearable near Town Area,Sanitation,High
School roof leaking during rain in Sector 5,Education,Low
No street lights on dark Hospital Road lane,Electricity,Low
Unauthorized extension built in Sector 5,Construction,Low
Auto drivers overcharging passengers in Sector 5,Transport,Low
Potholes causing vehicle damage on Station Road,Road,Low
No water supply for past 14 days in Block 3,Water,High
Garbage not collected for 2 days in Puram Extension,Sanitation,High
Night watchman absent from Colony B,Safety,Critical
Water tanker not arriving on schedule in Nagar Panchayat,Water,High
No water supply for past 2 days in Village Kalan,Water,High
No boundary wall in Village Kalan school,Education,Low
Bridge has cracks need urgent repair on Station Road,Road,Low
No parking facility near Town Area market,Transport,Low
Dirty conditions in Village Kalan government hospital,Healthcare,High
Street harassment near Zone 4 school daily,Safety,Medium
No specialist doctor in Colony B PHC,Healthcare,Critical
Illegal electrical connections spotted in Sector 5,Electricity,Medium
Dirty drain causing disease spread in Town Area,Sanitation,Medium
E-rickshaw causing traffic jam in Village Kalan,Transport,Low
No boundary wall in Puram Extension school,Education,High
No street lights on dark Main Bazaar lane,Electricity,Low
No bus shelter at Colony B bus stop,Transport,Low
Garbage not collected for 21 days in Block 3,Sanitation,Medium
No bus shelter at Puram Extension bus stop,Transport,Low
Suspicious activity near ATM in Town Area,Safety,Critical
Dirty brown water coming from tap in Sector 5,Water,Critical
Road construction debris not cleared near Colony B,Road,Medium
Illegal electrical connections spotted in Mohalla 7,Electricity,Medium
Footover bridge broken near Colony B station,Transport,Low
Electricity bill error for Nagar Panchayat residents,Electricity,Medium
Teachers absent regularly from Ward 12 school,Education,High
Dirty brown water coming from tap in Sector 5,Water,Medium
No footpath for pedestrians on Station Road,Transport,High
Illegal water connection in Block 3,Water,Medium
Long queues at Puram Extension government dispensary,Healthcare,Critical
Construction blocking entrance to Town Area school,Construction,High
No boundary wall in Sector 5 school,Education,Medium
Unauthorized commercial construction in Mohalla 7,Construction,Medium
Security cameras not working in Town Area market,Safety,Critical
No parking facility near Colony B market,Transport,Low
Road construction debris not cleared near Village Kalan,Road,Medium
Chain snatching incidents in Zone 4 area,Safety,High
Anganwadi center closed for 14 days in Town Area,Education,High
Unsafe scaffolding near Market Street,Construction,Low
Water meter showing wrong reading in Nagar Panchayat,Water,High
Garden lights not working in Nagar Panchayat park,Parks,Low
Bus routes reduced suddenly in Nagar Panchayat,Transport,Low
Dirty brown water coming from tap in Nagar Panchayat,Water,Critical
Bins not emptied since last week in Mohalla 7,Sanitation,Medium
Lights flickering in Puram Extension residential area,Electricity,High
No last mile connectivity in Village Kalan,Transport,Medium
Underground water leakage on Ring Road,Water,High
Sewage mixing with drinking water in Nagar Panchayat,Water,Critical
High voltage wire hanging low on MG Road,Electricity,Low
Computer lab non-functional in Block 3 school,Education,Medium
Anganwadi center closed for 5 days in Colony B,Education,Medium
Water supply cut off for 10 days in Colony B,Water,Critical
Construction blocking entrance to Block 3 school,Construction,Low
No footpath for pedestrians on Market Street,Transport,Low
Untrained teachers in Zone 4 primary school,Education,Low
Dirty conditions in Colony B government hospital,Healthcare,Critical
Transformer blew up near Zone 4 market,Electricity,High
Street harassment near Sector 5 school daily,Safety,Critical
Auto drivers overcharging passengers in Town Area,Transport,Low
Night watchman absent from Colony B,Safety,Critical
Untrained teachers in Block 3 primary school,Education,High
Construction affecting water supply in Ward 12,Construction,High
Security cameras not working in Puram Extension market,Safety,Medium
Drain blocked for 21 days in Block 3,Sanitation,Medium
No water pressure in building in Ward 12,Water,Critical
Road encroachment by shops on MG Road,Road,High
Ambulance service not responding in Ward 12,Healthcare,Critical
Blood bank not available in Nagar Panchayat hospital,Healthcare,Medium
No boundary wall in Village Kalan school,Education,High
Electric meter not working properly in Town Area,Electricity,Medium
Lights flickering in Sector 5 residential area,Electricity,Medium
Electric box sparking near Village Kalan school,Electricity,High
Water meter showing wrong reading in Mohalla 7,Water,High
Park gate broken in Sector 5,Parks,Low
No maintenance of Block 3 garden since 5 days,Parks,Low
Road waterlogged after rain near Nagar Panchayat,Road,High
No drinking water in Nagar Panchayat school,Education,High
Grass not trimmed in Zone 4 public garden,Parks,Low
Power outage in Village Kalan colony since morning,Electricity,Medium
Mid-day meal not provided in Mohalla 7 school,Education,Low
Building violating height norms in Puram Extension,Construction,Medium
Dead animals not removed from Ring Road,Sanitation,Low
No toilets in Puram Extension government school,Education,Medium
Dirty brown water coming from tap in Mohalla 7,Water,Medium
Speed breaker damaged on Hospital Road highway,Road,Medium
Trees fallen in Colony B park after storm,Parks,Low
Park pathway broken and dangerous in Zone 4,Parks,Medium
High voltage wire hanging low on Main Bazaar,Electricity,High
Water supply disrupted since 3 days,Water,Critical
Road encroachment by shops on MG Road,Road,Low
Encroachment in Colony B public park area,Parks,Low
Auto drivers overcharging passengers in Zone 4,Transport,Medium
Power outage in Puram Extension colony since morning,Electricity,Low
Leaking water pipe wasting water on School Lane,Water,Low
Street lamp broken near bus stop on MG Road,Electricity,Medium
Water supply disrupted since 2 days,Water,Low
Water supply cut off for 30 days in Ward 12,Water,High
Illegal water connection in Zone 4,Water,Low
Women safety issues at Block 3 bus stop,Safety,Critical
Road cave-in near Ward 12 drainage line,Road,Critical
Security cameras not working in Zone 4 market,Safety,Medium
Drug dealing happening in Block 3 park,Safety,Critical
Street lamp broken near bus stop on Old Delhi Road,Electricity,Low
No electricity for 30 days in Puram Extension,Electricity,Medium
Footover bridge broken near Town Area station,Transport,Medium
Park gate broken in Block 3,Parks,Low
Construction blocking entrance to Sector 5 school,Construction,High
Building violating height norms in Zone 4,Construction,Low
Power outage in Puram Extension colony since morning,Electricity,Low
Teachers absent regularly from Colony B school,Education,Medium
No toilets in Ward 12 government school,Education,Low
Open drain overflowing near Colony B homes,Sanitation,Critical
Road encroachment by shops on Ring Road,Road,High
No parking facility near Village Kalan market,Transport,Low
Water tanker not arriving on schedule in Nagar Panchayat,Water,High
Water supply disrupted since 10 days,Water,Low
No security guard in Block 3 park,Parks,Medium
Illegal liquor shop operating openly in Block 3,Safety,Medium
Playground equipment damaged in Mohalla 7 park,Parks,Low
Security cameras not working in Puram Extension market,Safety,Critical
Overloaded vehicles causing accidents on Hospital Road,Transport,Low
Expired medicines given at Zone 4 clinic,Healthcare,Medium
Health worker absent from Mohalla 7 since 3 days,Healthcare,Critical
Footover bridge broken near Block 3 station,Transport,Medium
Illegal liquor shop operating openly in Nagar Panchayat,Safety,Critical
Road encroachment by shops on Ring Road,Road,High
Dirty brown water coming from tap in Ward 12,Water,Medium
Road encroachment by shops on Old Delhi Road,Road,Low
Sewage smell unbearable near Zone 4,Sanitation,High
School missing benches for students in Town Area,Education,Medium
Encroachment in Sector 5 public park area,Parks,Low
Rowdy elements troubling residents of Nagar Panchayat,Safety,Critical
Park benches broken and unusable in Town Area,Parks,Low
Stray dogs near garbage dump in Puram Extension,Sanitation,Critical
Footpath broken and dangerous for walkers near Sector 5,Road,High
Teachers absent regularly from Colony B school,Education,Low
Auto drivers overcharging passengers in Nagar Panchayat,Transport,High
Garbage not collected for 21 days in Village Kalan,Sanitation,Medium
E-rickshaw causing traffic jam in Puram Extension,Transport,High
Women safety issues at Village Kalan bus stop,Safety,High
No road markings visible at night on MG Road,Road,High
No bus shelter at Sector 5 bus stop,Transport,High
Dirty drain causing disease spread in Puram Extension,Sanitation,High
Broken road divider on Main Bazaar is dangerous,Road,Critical
Garbage burning near Nagar Panchayat school,Sanitation,High
Park benches broken and unusable in Puram Extension,Parks,Medium
No doctors available at PHC in Puram Extension for 10 days,Healthcare,Critical
School roof leaking during rain in Puram Extension,Education,Low
Hospital building in bad condition in Colony B,Healthcare,High
Electricity bill error for Town Area residents,Electricity,High
Chain snatching incidents in Colony B area,Safety,Medium
Police not patrolling Block 3 area since 3 days,Safety,Medium
Sewage mixing with drinking water in Block 3,Water,Low
Power cut every day in Village Kalan for 14 hours,Electricity,Low
Street lamp broken near bus stop on MG Road,Electricity,High
Hospital building in bad condition in Puram Extension,Healthcare,Critical
No drinking water in Ward 12 park,Parks,Medium
No maintenance of Ward 12 garden since 14 days,Parks,Low
Garbage dump near Mohalla 7 residential area,Sanitation,Low
Water tank overflow flooding Main Bazaar,Water,Low
Scholarship money not distributed in Town Area,Education,Medium
Park occupied by illegal vendors in Colony B,Parks,Medium
Dirty conditions in Mohalla 7 government hospital,Healthcare,High
Open defecation area near Colony B school,Sanitation,Critical
Bins not emptied since last week in Sector 5,Sanitation,Medium
Grass not trimmed in Zone 4 public garden,Parks,Low
Construction debris on footpath on MG Road,Construction,Medium
Sewage smell unbearable near Colony B,Sanitation,Medium
No boundary wall in Town Area school,Education,Low
Park occupied by illegal vendors in Town Area,Parks,Low
Broken road divider on Station Road is dangerous,Road,High
Construction debris on footpath on Main Bazaar,Construction,Low
No sports facilities in Town Area school,Education,Low
Rubble dumped on Market Street by contractor,Construction,Low
No toilets in Mohalla 7 government school,Education,Medium
Construction noise during night hours in Zone 4,Construction,Low
Road is completely broken near Block 3 since 14 days,Road,Critical
Road dividers removed illegally on NH-8,Transport,Medium
No street lights on dark NH-8 lane,Electricity,Medium
Auto drivers overcharging passengers in Village Kalan,Transport,Medium
Public toilet not maintained in Nagar Panchayat,Sanitation,High
No security guard in Village Kalan park,Parks,Low
Road encroachment by shops on School Lane,Road,High
Women safety issues at Nagar Panchayat bus stop,Safety,Critical
Water meter showing wrong reading in Ward 12,Water,Medium
Speed breaker damaged on Temple Road highway,Road,Medium
Construction blocking entrance to Puram Extension school,Construction,Medium
Bus routes reduced suddenly in Sector 5,Transport,High
CCTV cameras vandalized near Puram Extension,Safety,High
No sports facilities in Colony B school,Education,Low
No water supply for past 5 days in Colony B,Water,Critical
Expired medicines given at Puram Extension clinic,Healthcare,Critical
Open defecation area near Mohalla 7 school,Sanitation,Low
No water supply for past 14 days in Puram Extension,Water,Critical
Water supply disrupted since 14 days,Water,High
Night watchman absent from Block 3,Safety,Medium
Illegal parking blocking MG Road in Puram Extension,Transport,Medium
Dirty brown water coming from tap in Mohalla 7,Water,Critical
No last mile connectivity in Village Kalan,Transport,Medium
No ambulance available in Town Area,Healthcare,Critical
Large pothole on MG Road causing accidents near Sector 5,Road,Low
Traffic signals not working on Ring Road,Transport,Low
Bus routes reduced suddenly in Zone 4,Transport,Low
No maintenance of Nagar Panchayat garden since 21 days,Parks,Medium
Illegal construction blocking Main Bazaar in Ward 12,Construction,High
Footover bridge broken near Town Area station,Transport,High
Hospital ward overcrowded in Town Area,Healthcare,Medium
Electricity bill error for Ward 12 residents,Electricity,High
Construction noise during night hours in Mohalla 7,Construction,High
No road markings visible at night on Station Road,Road,Medium
Park benches broken and unusable in Sector 5,Parks,Medium
Electricity bill error for Town Area residents,Electricity,Low
School building in bad condition in Village Kalan,Education,High
CCTV cameras not working on Old Delhi Road,Transport,Low
No boundary wall in Mohalla 7 school,Education,High
Road waterlogged after rain near Town Area,Road,Low
Building violating height norms in Block 3,Construction,High
No water pressure in building in Block 3,Water,Medium
Police not patrolling Block 3 area since 30 days,Safety,Critical
Construction dust affecting Sector 5 residents,Construction,High
Night watchman absent from Nagar Panchayat,Safety,Critical
Illegal water connection in Colony B,Water,Critical
Dead animals not removed from Ring Road,Sanitation,Low
Public toilet not maintained in Zone 4,Sanitation,Critical
Mid-day meal not provided in Zone 4 school,Education,High
No electricity for 10 days in Nagar Panchayat,Electricity,Medium
Rowdy elements troubling residents of Zone 4,Safety,Critical
Water pipe burst on Main Bazaar flooding the street,Water,High
Garbage burning near Puram Extension school,Sanitation,Medium
No toilets in Block 3 government school,Education,Low
No parking facility near Village Kalan market,Transport,Medium
Construction work damaging water pipeline in Ward 12,Construction,Low
Park gate broken in Village Kalan,Parks,Low
Construction debris on footpath on MG Road,Construction,Medium
Street harassment near Zone 4 school daily,Safety,High
Drain blocked for 30 days in Puram Extension,Sanitation,High
Electricity bill error for Town Area residents,Electricity,Medium
Rubble dumped on Hospital Road by contractor,Construction,Medium
Sewage mixing with drinking water in Sector 5,Water,Medium
Dead animals not removed from MG Road,Sanitation,Critical
Mid-day meal not provided in Colony B school,Education,Low
Illegal parking blocking Market Street in Town Area,Transport,Medium
Unauthorized commercial construction in Zone 4,Construction,High
Water meter showing wrong reading in Puram Extension,Water,High
Construction blocking entrance to Town Area school,Construction,Medium
Building violating height norms in Block 3,Construction,Low
Park benches broken and unusable in Mohalla 7,Parks,Low
Potholes causing vehicle damage on MG Road,Road,Low
Broken road divider on Main Bazaar is dangerous,Road,High
No last mile connectivity in Colony B,Transport,Low
Power outage in Sector 5 colony since morning,Electricity,High
Unauthorized commercial construction in Zone 4,Construction,Medium
No drinking water in Zone 4 school,Education,Medium
Sewage smell unbearable near Zone 4,Sanitation,High
Water meter showing wrong reading in Block 3,Water,High
Open drain overflowing near Mohalla 7 homes,Sanitation,Medium
Speed breaker damaged on MG Road highway,Road,High
No boundary wall in Colony B school,Education,Medium
No water pressure in building in Zone 4,Water,High
Rubble dumped on Main Bazaar by contractor,Construction,Low
Library books damaged in Mohalla 7 school,Education,Low
Garbage dump near Block 3 residential area,Sanitation,High
Garbage dump near Town Area residential area,Sanitation,Low
Broken road divider on Market Street is dangerous,Road,High
E-rickshaw causing traffic jam in Village Kalan,Transport,High
No road markings visible at night on Main Bazaar,Road,Medium
CCTV cameras vandalized near Zone 4,Safety,Medium
Garbage not collected for 5 days in Block 3,Sanitation,Low
Road is completely broken near Mohalla 7 since 10 days,Road,Medium
Potholes causing vehicle damage on Old Delhi Road,Road,Low
School roof leaking during rain in Colony B,Education,Medium
Police not patrolling Ward 12 area since 5 days,Safety,High
Building under construction without permit in Sector 5,Construction,Medium
No dustbin provided in Town Area market,Sanitation,Critical
Dirty conditions in Block 3 government hospital,Healthcare,High
Illegal water connection in Nagar Panchayat,Water,High
No street lights on dark Main Bazaar lane,Electricity,High
Potholes causing vehicle damage on Ring Road,Road,Medium
Park walls have graffiti in Puram Extension,Parks,Low
Illegal liquor shop operating openly in Sector 5,Safety,High
Scholarship money not distributed in Block 3,Education,Low
Illegal weapons spotted near Mohalla 7,Safety,Critical
Sewage smell unbearable near Sector 5,Sanitation,Low
Scholarship money not distributed in Puram Extension,Education,Low
Overloaded vehicles causing accidents on Temple Road,Transport,Medium
No road markings visible at night on Temple Road,Road,Medium
Construction work damaging water pipeline in Puram Extension,Construction,High
Park pathway broken and dangerous in Zone 4,Parks,Low
Construction work damaging water pipeline in Town Area,Construction,Low
Overloaded vehicles causing accidents on Hospital Road,Transport,Medium
CCTV cameras vandalized near Block 3,Safety,High
Water tank overflow flooding School Lane,Water,Critical
Broken road divider on Market Street is dangerous,Road,High
Night watchman absent from Ward 12,Safety,Critical
Open drain overflowing near Town Area homes,Sanitation,Low
No sports facilities in Town Area school,Education,Low
Unmarked speed breaker causing accidents on Temple Road,Road,Critical
No water pressure in building in Town Area,Water,Critical
No safety net during construction in Village Kalan,Construction,High
Divider damaged on Station Road main street,Road,Medium
Bus routes reduced suddenly in Town Area,Transport,High
Rowdy elements troubling residents of Nagar Panchayat,Safety,Critical
Street harassment near Town Area school daily,Safety,Medium
Bus service not available to Town Area village,Transport,High
Chain snatching incidents in Nagar Panchayat area,Safety,Critical
Computer lab non-functional in Block 3 school,Education,Low
Illegal electrical connections spotted in Nagar Panchayat,Electricity,Medium
Unauthorized commercial construction in Colony B,Construction,Low
Road encroachment by shops on Station Road,Road,Critical
Construction debris on footpath on Station Road,Construction,Low
Building violating height norms in Ward 12,Construction,Low
Illegal parking blocking Market Street in Ward 12,Transport,Low
Ambulance service not responding in Ward 12,Healthcare,Medium
Sewage mixing with drinking water in Ward 12,Water,Critical
Street lamp broken near bus stop on Market Street,Electricity,Low
No sports facilities in Ward 12 school,Education,Medium
Road construction debris not cleared near Puram Extension,Road,Low
Trees fallen in Puram Extension park after storm,Parks,Medium
Dead animals not removed from NH-8,Sanitation,High
Road construction debris not cleared near Sector 5,Road,High
Street harassment near Ward 12 school daily,Safety,Medium
Speed breaker damaged on Hospital Road highway,Road,Low
Illegal weapons spotted near Colony B,Safety,High
Garbage burning near Mohalla 7 school,Sanitation,Low
No lighting in dark lanes near Sector 5,Safety,High
No parking facility near Puram Extension market,Transport,Low
Medical equipment not working in Ward 12 hospital,Healthcare,High
Unauthorized commercial construction in Puram Extension,Construction,Low
School building in bad condition in Ward 12,Education,Medium
Open drain overflowing near Block 3 homes,Sanitation,High
Footover bridge broken near Colony B station,Transport,Low
Speed breaker damaged on Temple Road highway,Road,Medium
No boundary wall in Town Area school,Education,Low
No road markings visible at night on School Lane,Road,High
Potholes causing vehicle damage on Market Street,Road,High
Garbage dump near Village Kalan residential area,Sanitation,Medium
Footover bridge broken near Town Area station,Transport,Low
Vaccination camp not organized in Colony B,Healthcare,High
Leaking water pipe wasting water on Market Street,Water,Medium
Rubble dumped on MG Road by contractor,Construction,High
Construction blocking entrance to Nagar Panchayat school,Construction,Low
Road waterlogged after rain near Block 3,Road,Critical
Water tanker not arriving on schedule in Puram Extension,Water,Critical
Water tanker not arriving on schedule in Sector 5,Water,High
Ambulance service not responding in Block 3,Healthcare,Critical
Garbage burning near Nagar Panchayat school,Sanitation,Critical
Water pipeline broken near Puram Extension school,Water,Critical
Children playground dirty and unsafe in Nagar Panchayat,Parks,Low
No sports facilities in Sector 5 school,Education,Low
Sewage overflow on Station Road street near Village Kalan,Sanitation,Medium
Road dividers removed illegally on MG Road,Transport,Medium
Park benches broken and unusable in Zone 4,Parks,Medium
Open defecation area near Colony B school,Sanitation,Medium
Auto drivers overcharging passengers in Block 3,Transport,Low
Computer lab non-functional in Nagar Panchayat school,Education,Medium
Sewage mixing with drinking water in Village Kalan,Water,Critical
Park benches broken and unusable in Ward 12,Parks,Low
CCTV cameras vandalized near Sector 5,Safety,High
School roof leaking during rain in Ward 12,Education,High
Computer lab non-functional in Town Area school,Education,High
Park pathway broken and dangerous in Block 3,Parks,Medium
Unmarked speed breaker causing accidents on Hospital Road,Road,Medium
E-rickshaw causing traffic jam in Colony B,Transport,Low
Ambulance service not responding in Colony B,Healthcare,Critical
Encroachment in Puram Extension public park area,Parks,Medium
Road is completely broken near Block 3 since 14 days,Road,High
Park walls have graffiti in Mohalla 7,Parks,Medium
Dirty drain causing disease spread in Town Area,Sanitation,Critical
Underground water leakage on Market Street,Water,Medium
Electric box sparking near Zone 4 school,Electricity,High
Illegal electrical connections spotted in Sector 5,Electricity,Medium
Electricity bill error for Block 3 residents,Electricity,Low
No doctors available at PHC in Sector 5 for 14 days,Healthcare,Medium
Illegal liquor shop operating openly in Ward 12,Safety,High
Waste collection vehicle not coming to Village Kalan,Sanitation,Low
Bus routes reduced suddenly in Sector 5,Transport,Low
Illegal weapons spotted near Village Kalan,Safety,Medium
Construction affecting water supply in Town Area,Construction,Medium
Dirty drain causing disease spread in Colony B,Sanitation,Medium
School has no blackboards in Zone 4,Education,Low
Road construction debris not cleared near Puram Extension,Road,High
Sewage smell unbearable near Zone 4,Sanitation,Low
Stray dogs near garbage dump in Village Kalan,Sanitation,High
No power supply during festival in Mohalla 7,Electricity,Medium
No boundary wall in Nagar Panchayat school,Education,Medium
Vaccination camp not organized in Town Area,Healthcare,High
Hospital building in bad condition in Puram Extension,Healthcare,Critical
Water tank overflow flooding NH-8,Water,Low
Power cut every day in Sector 5 for 30 hours,Electricity,Medium
Potholes causing vehicle damage on Main Bazaar,Road,Medium
Construction work damaging water pipeline in Sector 5,Construction,High
Transformer blew up near Zone 4 market,Electricity,Medium
Stray dogs near garbage dump in Town Area,Sanitation,High
Unauthorized extension built in Village Kalan,Construction,Medium
Library books damaged in Zone 4 school,Education,High
Security cameras not working in Ward 12 market,Safety,Critical
Park benches broken and unusable in Village Kalan,Parks,Low
Potholes causing vehicle damage on School Lane,Road,Low
No drinking water in Nagar Panchayat school,Education,Low
Dirty drain causing disease spread in Ward 12,Sanitation,Medium
Gambling den operating in Mohalla 7,Safety,High
Underground water leakage on Temple Road,Water,Critical
Unauthorized commercial construction in Nagar Panchayat,Construction,High
Water tanker not arriving on schedule in Puram Extension,Water,High
Computer lab non-functional in Sector 5 school,Education,Low
Illegal liquor shop operating openly in Town Area,Safety,Critical
School roof leaking during rain in Ward 12,Education,High
Women safety issues at Mohalla 7 bus stop,Safety,Medium
Hospital ward overcrowded in Nagar Panchayat,Healthcare,High
Bridge has cracks need urgent repair on Hospital Road,Road,Low
School roof leaking during rain in Puram Extension,Education,Low
Street lights not working on Main Bazaar since 2 days,Electricity,Low
Speed breaker damaged on Temple Road highway,Road,Medium
No security guard in Town Area park,Parks,Low
Illegal water connection in Ward 12,Water,High
School has no blackboards in Town Area,Education,Low
Bins not emptied since last week in Town Area,Sanitation,Medium
No boundary wall in Nagar Panchayat school,Education,Low
Illegal electrical connections spotted in Colony B,Electricity,High
Bus service not available to Colony B village,Transport,Low
Road waterlogged after rain near Village Kalan,Road,Critical
Underground water leakage on NH-8,Water,Medium
Water supply disrupted since 14 days,Water,Critical
Hospital ward overcrowded in Nagar Panchayat,Healthcare,Critical
Women safety issues at Block 3 bus stop,Safety,High
Drain blocked for 21 days in Ward 12,Sanitation,Medium
Rowdy elements troubling residents of Puram Extension,Safety,High
Illegal weapons spotted near Colony B,Safety,Medium
Electric box sparking near Town Area school,Electricity,Medium
No boundary wall in Nagar Panchayat school,Education,Low
Trees fallen in Zone 4 park after storm,Parks,Medium
Blood bank not available in Sector 5 hospital,Healthcare,Medium
No safety net during construction in Sector 5,Construction,High
No bus shelter at Mohalla 7 bus stop,Transport,High
Dirty drain causing disease spread in Village Kalan,Sanitation,Critical
Road encroachment by shops on Temple Road,Road,Low
Illegal liquor shop operating openly in Zone 4,Safety,Medium
Sewage smell unbearable near Puram Extension,Sanitation,Medium
Computer lab non-functional in Zone 4 school,Education,High
Illegal weapons spotted near Sector 5,Safety,Medium
Hospital ward overcrowded in Town Area,Healthcare,Medium
Waste collection vehicle not coming to Nagar Panchayat,Sanitation,Critical
Garden lights not working in Puram Extension park,Parks,Low
E-rickshaw causing traffic jam in Colony B,Transport,Low
Illegal water connection in Mohalla 7,Water,High
Water pipeline broken near Village Kalan school,Water,Critical
Gambling den operating in Mohalla 7,Safety,Critical
Bus routes reduced suddenly in Sector 5,Transport,Low
Water tank overflow flooding NH-8,Water,Critical
Hospital ward overcrowded in Village Kalan,Healthcare,Critical
Garbage burning near Sector 5 school,Sanitation,High
Drain blocked for 30 days in Nagar Panchayat,Sanitation,Medium
Park walls have graffiti in Sector 5,Parks,Low
Illegal weapons spotted near Nagar Panchayat,Safety,Critical
Health worker absent from Town Area since 21 days,Healthcare,Critical
No water pressure in building in Village Kalan,Water,High
No maintenance of Block 3 garden since 21 days,Parks,Medium
Sewage mixing with drinking water in Village Kalan,Water,Low
No doctors available at PHC in Town Area for 2 days,Healthcare,Critical
School missing benches for students in Town Area,Education,High
Construction dust affecting Nagar Panchayat residents,Construction,High
Speed breaker damaged on Market Street highway,Road,Medium
No dustbin provided in Ward 12 market,Sanitation,Low
Sewage mixing with drinking water in Ward 12,Water,High
Underground water leakage on Old Delhi Road,Water,Low
No ASHA worker in Sector 5 area since 21 days,Healthcare,High
Drain blocked for 10 days in Ward 12,Sanitation,Critical
Overloaded vehicles causing accidents on Temple Road,Transport,Medium
Government hospital lacks medicines in Town Area,Healthcare,High
Garbage not collected for 21 days in Mohalla 7,Sanitation,Low
Road encroachment by shops on Station Road,Road,High
Contaminated water supply causing illness in Mohalla 7,Water,High
Electricity bill error for Nagar Panchayat residents,Electricity,Medium
Bins not emptied since last week in Nagar Panchayat,Sanitation,Medium
Construction dust affecting Ward 12 residents,Construction,Low
Open drain overflowing near Village Kalan homes,Sanitation,Critical
Road waterlogged after rain near Ward 12,Road,Low
No maintenance of Mohalla 7 garden since 7 days,Parks,Low
No drinking water in Sector 5 school,Education,Low
Security cameras not working in Mohalla 7 market,Safety,High
Suspicious activity near ATM in Village Kalan,Safety,High
No water supply for past 30 days in Sector 5,Water,Critical
No security guard in Ward 12 park,Parks,Medium
Unauthorized commercial construction in Ward 12,Construction,High
Contaminated water supply causing illness in Zone 4,Water,High
Drain blocked for 7 days in Zone 4,Sanitation,High
Building violating height norms in Town Area,Construction,Medium
Health worker absent from Colony B since 5 days,Healthcare,High
No dustbin provided in Ward 12 market,Sanitation,Medium
No boundary wall in Ward 12 school,Education,Low
School roof leaking during rain in Puram Extension,Education,Low
Overloaded vehicles causing accidents on Station Road,Transport,Low
Electric meter not working properly in Town Area,Electricity,Low
Water tanker not arriving on schedule in Village Kalan,Water,High
Security cameras not working in Colony B market,Safety,High
Water meter showing wrong reading in Sector 5,Water,Critical
Building under construction without permit in Mohalla 7,Construction,High
Overloaded vehicles causing accidents on Temple Road,Transport,Low
Water supply cut off for 21 days in Puram Extension,Water,Low
Dirty conditions in Block 3 government hospital,Healthcare,High
Sewage overflow on School Lane street near Puram Extension,Sanitation,High
Vaccination camp not organized in Nagar Panchayat,Healthcare,High
Illegal electrical connections spotted in Town Area,Electricity,High
No toilets in Zone 4 government school,Education,Medium
No last mile connectivity in Block 3,Transport,Low
Children playground dirty and unsafe in Village Kalan,Parks,Low
Untrained teachers in Nagar Panchayat primary school,Education,Low
Speed breaker damaged on Ring Road highway,Road,Low
Untrained teachers in Sector 5 primary school,Education,Medium
Children playground dirty and unsafe in Zone 4,Parks,Medium
Sewage overflow on School Lane street near Colony B,Sanitation,High
Traffic signals not working on MG Road,Transport,High
Construction debris on footpath on Main Bazaar,Construction,Low
Computer lab non-functional in Village Kalan school,Education,High
Speed breaker damaged on Market Street highway,Road,Critical
Construction work damaging water pipeline in Town Area,Construction,Medium
Sewage mixing with drinking water in Colony B,Water,High
Street lights not working on Main Bazaar since 10 days,Electricity,Low
Electric poles damaged after storm near Sector 5,Electricity,Low
Building violating height norms in Zone 4,Construction,High
Broken road divider on Hospital Road is dangerous,Road,High
Contaminated water supply causing illness in Nagar Panchayat,Water,High
Construction debris on footpath on Market Street,Construction,Low
Expired medicines given at Zone 4 clinic,Healthcare,High
Long queues at Mohalla 7 government dispensary,Healthcare,Critical
Open defecation area near Colony B school,Sanitation,Low
Water supply disrupted since 3 days,Water,Critical
School has no blackboards in Ward 12,Education,High
Health worker absent from Nagar Panchayat since 30 days,Healthcare,Critical
Women safety issues at Mohalla 7 bus stop,Safety,High
Sewage smell unbearable near Town Area,Sanitation,High
Expired medicines given at Block 3 clinic,Healthcare,High
No drinking water in Village Kalan school,Education,High
Construction debris on footpath on NH-8,Construction,High
No drinking water in Village Kalan school,Education,Medium
Waste collection vehicle not coming to Mohalla 7,Sanitation,Critical
Electricity bill error for Puram Extension residents,Electricity,Medium
Water tank overflow flooding School Lane,Water,High
Dead animals not removed from NH-8,Sanitation,Medium
Street harassment near Village Kalan school daily,Safety,Critical
School roof leaking during rain in Town Area,Education,Medium
Large pothole on Main Bazaar causing accidents near Zone 4,Road,Medium
Leaking water pipe wasting water on School Lane,Water,High
Public toilet not maintained in Sector 5,Sanitation,High
Footpath broken and dangerous for walkers near Zone 4,Road,Critical
Road waterlogged after rain near Zone 4,Road,High
No dustbin provided in Colony B market,Sanitation,High
Divider damaged on Ring Road main street,Road,High
Power outage in Puram Extension colony since morning,Electricity,Medium
Unmarked speed breaker causing accidents on Hospital Road,Road,High
Water pipe burst on Temple Road flooding the street,Water,High
Stray dogs near garbage dump in Nagar Panchayat,Sanitation,High
Garbage dump near Puram Extension residential area,Sanitation,Critical
School roof leaking during rain in Mohalla 7,Education,Low
Construction noise during night hours in Nagar Panchayat,Construction,Medium
No electricity for 5 days in Block 3,Electricity,Low
Computer lab non-functional in Mohalla 7 school,Education,Medium
Open defecation area near Town Area school,Sanitation,Low
Construction debris on footpath on Ring Road,Construction,Medium
No sports facilities in Mohalla 7 school,Education,High
Teachers absent regularly from Village Kalan school,Education,Low
Sewage smell unbearable near Puram Extension,Sanitation,Critical
Illegal electrical connections spotted in Village Kalan,Electricity,Medium
No sports facilities in Mohalla 7 school,Education,Low
Power cut every day in Mohalla 7 for 14 hours,Electricity,Medium
Underground water leakage on Market Street,Water,Low
Encroachment in Village Kalan public park area,Parks,Low
Drain blocked for 14 days in Ward 12,Sanitation,Medium
Mid-day meal not provided in Nagar Panchayat school,Education,Medium
Water meter showing wrong reading in Colony B,Water,Low
Water meter showing wrong reading in Ward 12,Water,Critical
Open defecation area near Village Kalan school,Sanitation,Medium
Illegal weapons spotted near Ward 12,Safety,Critical
School building in bad condition in Block 3,Education,Medium
Long queues at Town Area government dispensary,Healthcare,Critical
No toilets in Nagar Panchayat government school,Education,High
Road construction debris not cleared near Village Kalan,Road,Medium
Dirty conditions in Block 3 government hospital,Healthcare,Medium
No parking facility near Town Area market,Transport,Low
No toilets in Sector 5 government school,Education,High
Garbage not collected for 14 days in Zone 4,Sanitation,Low
Contaminated water supply causing illness in Zone 4,Water,High
Bus service not available to Nagar Panchayat village,Transport,Low
Unsafe scaffolding near Station Road,Construction,Medium
Construction blocking entrance to Zone 4 school,Construction,Medium
Auto drivers overcharging passengers in Zone 4,Transport,Low
No lighting in dark lanes near Village Kalan,Safety,High
Gambling den operating in Ward 12,Safety,Medium
Suspicious activity near ATM in Nagar Panchayat,Safety,Medium
Traffic signals not working on Hospital Road,Transport,Medium
Open defecation area near Town Area school,Sanitation,Medium
Illegal weapons spotted near Puram Extension,Safety,High
Contaminated water supply causing illness in Zone 4,Water,High
Contaminated water supply causing illness in Colony B,Water,Medium
Road is completely broken near Zone 4 since 10 days,Road,High
Unauthorized extension built in Zone 4,Construction,Medium
Electric poles damaged after storm near Puram Extension,Electricity,Medium
Rowdy elements troubling residents of Village Kalan,Safety,High
Overloaded vehicles causing accidents on Ring Road,Transport,Medium
Garbage dump near Ward 12 residential area,Sanitation,Low
E-rickshaw causing traffic jam in Puram Extension,Transport,Low
Large pothole on Station Road causing accidents near Colony B,Road,Low
Untrained teachers in Block 3 primary school,Education,Low
Street harassment near Town Area school daily,Safety,Critical
Park occupied by illegal vendors in Block 3,Parks,Medium
Street flooding on Main Bazaar during monsoon,Road,Low
No parking facility near Block 3 market,Transport,Medium
Unauthorized commercial construction in Puram Extension,Construction,Medium
Anganwadi center closed for 30 days in Village Kalan,Education,Medium
Scholarship money not distributed in Mohalla 7,Education,Low
Electric meter not working properly in Sector 5,Electricity,High
Power cut every day in Town Area for 21 hours,Electricity,Low
Theft incidents increasing in Sector 5 locality,Safety,High
Transformer blew up near Sector 5 market,Electricity,Low
Sewage smell unbearable near Puram Extension,Sanitation,Medium
Street lights not working on Station Road since 7 days,Electricity,High
Water meter showing wrong reading in Nagar Panchayat,Water,Critical
Bus not stopping at Ward 12 stop,Transport,Low
Drain blocked for 14 days in Village Kalan,Sanitation,Medium
No toilets in Colony B government school,Education,Medium
Illegal liquor shop operating openly in Village Kalan,Safety,High
No toilets in Colony B government school,Education,High
Footover bridge broken near Block 3 station,Transport,Low
Trees fallen in Village Kalan park after storm,Parks,Low
Street harassment near Village Kalan school daily,Safety,Medium
Water pipe burst on Old Delhi Road flooding the street,Water,High
Untrained teachers in Town Area primary school,Education,High
Playground equipment damaged in Block 3 park,Parks,Low
Sewage smell unbearable near Village Kalan,Sanitation,High
Demolition without safety measures in Nagar Panchayat,Construction,High
E-rickshaw causing traffic jam in Mohalla 7,Transport,High
Electricity bill error for Village Kalan residents,Electricity,Medium
Computer lab non-functional in Zone 4 school,Education,Medium
Road dividers removed illegally on MG Road,Transport,Medium
Divider damaged on Market Street main street,Road,High
No boundary wall in Sector 5 school,Education,Medium
Unauthorized commercial construction in Nagar Panchayat,Construction,High
No power supply during festival in Ward 12,Electricity,High
Unauthorized extension built in Town Area,Construction,High
No road markings visible at night on Temple Road,Road,High
Divider damaged on NH-8 main street,Road,Medium
Women safety issues at Nagar Panchayat bus stop,Safety,High
No electricity for 2 days in Town Area,Electricity,High
Water supply cut off for 10 days in Block 3,Water,Critical
No power supply during festival in Ward 12,Electricity,High
Overloaded vehicles causing accidents on Station Road,Transport,Low
Encroachment in Village Kalan public park area,Parks,Low
No parking facility near Nagar Panchayat market,Transport,Medium
No last mile connectivity in Mohalla 7,Transport,Medium
Hospital building in bad condition in Mohalla 7,Healthcare,Medium
Illegal water connection in Nagar Panchayat,Water,Critical
No street lights on dark School Lane lane,Electricity,Low
School missing benches for students in Village Kalan,Education,High
Hospital building in bad condition in Town Area,Healthcare,Critical
Stray dogs near garbage dump in Block 3,Sanitation,Low
High voltage wire hanging low on Ring Road,Electricity,Low
Medical equipment not working in Town Area hospital,Healthcare,Critical
Garbage burning near Ward 12 school,Sanitation,Medium
CCTV cameras vandalized near Sector 5,Safety,Medium
Construction blocking entrance to Colony B school,Construction,High
Anganwadi center closed for 5 days in Nagar Panchayat,Education,High
Children playground dirty and unsafe in Nagar Panchayat,Parks,Low
Park gate broken in Ward 12,Parks,Low
No ambulance available in Zone 4,Healthcare,Critical
Garbage dump near Town Area residential area,Sanitation,Low
Sewage smell unbearable near Town Area,Sanitation,High
Road construction debris not cleared near Village Kalan,Road,Medium
Traffic signals not working on MG Road,Transport,High
Stray dogs near garbage dump in Puram Extension,Sanitation,Low
No road markings visible at night on School Lane,Road,Medium
Water meter showing wrong reading in Town Area,Water,Medium
Road construction debris not cleared near Town Area,Road,Medium
Underground water leakage on School Lane,Water,Critical
Trees fallen in Colony B park after storm,Parks,Medium
No street lights on dark NH-8 lane,Electricity,Medium
Road is completely broken near Puram Extension since 14 days,Road,High
Demolition without safety measures in Sector 5,Construction,High
Footpath broken and dangerous for walkers near Block 3,Road,High
Footover bridge broken near Nagar Panchayat station,Transport,Low
Unauthorized extension built in Puram Extension,Construction,High
Theft incidents increasing in Village Kalan locality,Safety,Critical
Sewage overflow on Main Bazaar street near Sector 5,Sanitation,Critical
No security guard in Mohalla 7 park,Parks,Low
Large pothole on NH-8 causing accidents near Village Kalan,Road,High
Road dividers removed illegally on Temple Road,Transport,High
Street lights not working on Market Street since 10 days,Electricity,High
Road is completely broken near Nagar Panchayat since 3 days,Road,Critical
Road cave-in near Sector 5 drainage line,Road,High
Water tank overflow flooding Ring Road,Water,Critical
Bridge has cracks need urgent repair on Station Road,Road,Medium
Street harassment near Nagar Panchayat school daily,Safety,Critical
No power supply during festival in Village Kalan,Electricity,Low
No footpath for pedestrians on Main Bazaar,Transport,High
Construction dust affecting Block 3 residents,Construction,Medium
Construction affecting water supply in Zone 4,Construction,Medium
Construction debris on footpath on Main Bazaar,Construction,Medium
Construction dust affecting Puram Extension residents,Construction,Low
Garden lights not working in Town Area park,Parks,Medium
Grass not trimmed in Block 3 public garden,Parks,Medium
Night watchman absent from Sector 5,Safety,Medium
Dirty conditions in Nagar Panchayat government hospital,Healthcare,Medium
Park gate broken in Block 3,Parks,Medium
Government hospital lacks medicines in Village Kalan,Healthcare,Critical
School has no blackboards in Puram Extension,Education,High
Vaccination camp not organized in Sector 5,Healthcare,High
Underground water leakage on Station Road,Water,Critical
School building in bad condition in Zone 4,Education,Low
Power cut every day in Nagar Panchayat for 2 hours,Electricity,High
Contaminated water supply causing illness in Puram Extension,Water,High
Demolition without safety measures in Puram Extension,Construction,High
Auto drivers overcharging passengers in Colony B,Transport,Low
Power outage in Nagar Panchayat colony since morning,Electricity,Low
School has no blackboards in Village Kalan,Education,Low
CCTV cameras vandalized near Zone 4,Safety,High
Blood bank not available in Village Kalan hospital,Healthcare,Critical
Anganwadi center closed for 21 days in Village Kalan,Education,High
Auto drivers overcharging passengers in Puram Extension,Transport,High
Bus not stopping at Zone 4 stop,Transport,Medium
Park benches broken and unusable in Puram Extension,Parks,Low
No maintenance of Puram Extension garden since 10 days,Parks,Low
No electricity for 21 days in Town Area,Electricity,High
Building violating height norms in Ward 12,Construction,Medium
Trees fallen in Zone 4 park after storm,Parks,Low
Unsafe scaffolding near Ring Road,Construction,Low
Illegal parking blocking MG Road in Mohalla 7,Transport,Low
Building violating height norms in Zone 4,Construction,Low
Road is completely broken near Puram Extension since 14 days,Road,High
Road waterlogged after rain near Puram Extension,Road,Critical
No security guard in Puram Extension park,Parks,Medium
Water tanker not arriving on schedule in Nagar Panchayat,Water,High
Mid-day meal not provided in Town Area school,Education,High
Electric meter not working properly in Nagar Panchayat,Electricity,High
Auto drivers overcharging passengers in Ward 12,Transport,Medium
Public toilet not maintained in Sector 5,Sanitation,High
Anganwadi center closed for 10 days in Nagar Panchayat,Education,Low
Street flooding on School Lane during monsoon,Road,Critical
Computer lab non-functional in Nagar Panchayat school,Education,High
Unmarked speed breaker causing accidents on MG Road,Road,High
Park benches broken and unusable in Nagar Panchayat,Parks,Low
Building under construction without permit in Zone 4,Construction,Low
Dirty brown water coming from tap in Village Kalan,Water,Medium
Construction work damaging water pipeline in Sector 5,Construction,Low
Overloaded vehicles causing accidents on Ring Road,Transport,Medium
Illegal parking blocking Ring Road in Puram Extension,Transport,High
School has no blackboards in Puram Extension,Education,Low
Long queues at Sector 5 government dispensary,Healthcare,Critical
Lights flickering in Town Area residential area,Electricity,Low
Bus routes reduced suddenly in Mohalla 7,Transport,Low
Footover bridge broken near Puram Extension station,Transport,Medium
Park fountains not working in Sector 5,Parks,Low
Building violating height norms in Sector 5,Construction,Low
Building under construction without permit in Zone 4,Construction,High
No street lights on dark School Lane lane,Electricity,Medium
Bridge has cracks need urgent repair on Market Street,Road,Low
Medical equipment not working in Mohalla 7 hospital,Healthcare,High
Government hospital lacks medicines in Puram Extension,Healthcare,Critical
Dead animals not removed from Old Delhi Road,Sanitation,Medium
Potholes causing vehicle damage on Old Delhi Road,Road,Low
Power cut every day in Puram Extension for 5 hours,Electricity,Medium
Vaccination camp not organized in Village Kalan,Healthcare,Critical
No ASHA worker in Nagar Panchayat area since 14 days,Healthcare,High
Bins not emptied since last week in Mohalla 7,Sanitation,High
Teachers absent regularly from Sector 5 school,Education,High
Drain blocked for 3 days in Ward 12,Sanitation,Medium
Unauthorized extension built in Zone 4,Construction,High
Drain blocked for 14 days in Town Area,Sanitation,Medium
Hospital ward overcrowded in Colony B,Healthcare,High
Sewage smell unbearable near Town Area,Sanitation,Medium
Playground equipment damaged in Colony B park,Parks,Medium
Dirty drain causing disease spread in Town Area,Sanitation,High
No drinking water in Puram Extension school,Education,High
Illegal electrical connections spotted in Village Kalan,Electricity,Medium
Drug dealing happening in Ward 12 park,Safety,Critical
Drain blocked for 5 days in Village Kalan,Sanitation,Medium
Scholarship money not distributed in Sector 5,Education,Low
Vaccination camp not organized in Zone 4,Healthcare,Critical
Theft incidents increasing in Mohalla 7 locality,Safety,Medium
Sewage overflow on Station Road street near Village Kalan,Sanitation,Critical
Rubble dumped on Hospital Road by contractor,Construction,High
Anganwadi center closed for 3 days in Puram Extension,Education,Low
Potholes causing vehicle damage on Old Delhi Road,Road,Medium
Theft incidents increasing in Mohalla 7 locality,Safety,Critical
Garbage not collected for 30 days in Nagar Panchayat,Sanitation,High
Bridge has cracks need urgent repair on School Lane,Road,Medium
Illegal construction blocking School Lane in Puram Extension,Construction,Low
No security guard in Mohalla 7 park,Parks,Low
Transformer blew up near Zone 4 market,Electricity,Medium
Dead animals not removed from MG Road,Sanitation,Critical
No drinking water in Ward 12 school,Education,High
Open drain overflowing near Nagar Panchayat homes,Sanitation,Medium
Power outage in Town Area colony since morning,Electricity,Low
Garbage burning near Sector 5 school,Sanitation,Critical
Unsafe scaffolding near Temple Road,Construction,Medium
Illegal liquor shop operating openly in Colony B,Safety,High
No power supply during festival in Zone 4,Electricity,Low
Footpath broken and dangerous for walkers near Colony B,Road,Critical
Large pothole on Station Road causing accidents near Nagar Panchayat,Road,Medium
No maintenance of Block 3 garden since 2 days,Parks,Low
Footover bridge broken near Ward 12 station,Transport,Low
No ambulance available in Colony B,Healthcare,Critical
No sports facilities in Block 3 school,Education,High
Large pothole on Old Delhi Road causing accidents near Village Kalan,Road,Medium
Park walls have graffiti in Block 3,Parks,Medium
Power cut every day in Nagar Panchayat for 10 hours,Electricity,Low
Road waterlogged after rain near Sector 5,Road,Low
Leaking water pipe wasting water on School Lane,Water,Critical
Grass not trimmed in Zone 4 public garden,Parks,Low
Road dividers removed illegally on Temple Road,Transport,Low
Road cave-in near Zone 4 drainage line,Road,Critical
Garden lights not working in Sector 5 park,Parks,Low
Blood bank not available in Puram Extension hospital,Healthcare,Critical
Road dividers removed illegally on MG Road,Transport,High
Garbage not collected for 2 days in Town Area,Sanitation,High
Underground water leakage on Station Road,Water,Low
Construction debris on footpath on NH-8,Construction,Medium
No last mile connectivity in Puram Extension,Transport,Low
Police not patrolling Ward 12 area since 10 days,Safety,Critical
Scholarship money not distributed in Ward 12,Education,Medium
Drain blocked for 21 days in Village Kalan,Sanitation,High
Electric meter not working properly in Colony B,Electricity,Medium
Transformer blew up near Nagar Panchayat market,Electricity,Medium
No parking facility near Mohalla 7 market,Transport,Low
Illegal water connection in Ward 12,Water,High
No road markings visible at night on Ring Road,Road,Medium
No drinking water in Nagar Panchayat school,Education,High
No safety net during construction in Nagar Panchayat,Construction,High
Anganwadi center closed for 10 days in Town Area,Education,High
Construction noise during night hours in Village Kalan,Construction,High
No security guard in Ward 12 park,Parks,Medium
No dustbin provided in Ward 12 market,Sanitation,Medium
Divider damaged on Hospital Road main street,Road,High
Bus routes reduced suddenly in Town Area,Transport,Low
Illegal electrical connections spotted in Sector 5,Electricity,Low
No bus shelter at Zone 4 bus stop,Transport,Medium
Bridge has cracks need urgent repair on MG Road,Road,Medium
No parking facility near Village Kalan market,Transport,Low
Demolition without safety measures in Colony B,Construction,Low
Illegal construction blocking Station Road in Block 3,Construction,Low
Building violating height norms in Zone 4,Construction,High
Leaking water pipe wasting water on NH-8,Water,Low
Electric meter not working properly in Nagar Panchayat,Electricity,Low
Dirty conditions in Zone 4 government hospital,Healthcare,Medium
Sewage overflow on School Lane street near Mohalla 7,Sanitation,Critical
Hospital building in bad condition in Colony B,Healthcare,Critical
Traffic signals not working on Old Delhi Road,Transport,Low
Waste collection vehicle not coming to Mohalla 7,Sanitation,Critical
Leaking water pipe wasting water on Temple Road,Water,Medium
Water supply cut off for 21 days in Puram Extension,Water,Medium
Road waterlogged after rain near Town Area,Road,Medium
Hospital building in bad condition in Block 3,Healthcare,Medium
Construction dust affecting Block 3 residents,Construction,Low
Construction blocking entrance to Colony B school,Construction,High
Illegal weapons spotted near Sector 5,Safety,Critical
Sewage mixing with drinking water in Ward 12,Water,High
Illegal weapons spotted near Ward 12,Safety,High
Park gate broken in Nagar Panchayat,Parks,Low
Park gate broken in Puram Extension,Parks,Medium
No ambulance available in Block 3,Healthcare,Critical
Illegal electrical connections spotted in Town Area,Electricity,High
Untrained teachers in Nagar Panchayat primary school,Education,High
Illegal water connection in Ward 12,Water,High
Road waterlogged after rain near Mohalla 7,Road,High
School has no blackboards in Colony B,Education,High
Footover bridge broken near Mohalla 7 station,Transport,Low
Leaking water pipe wasting water on Ring Road,Water,Critical
Park gate broken in Nagar Panchayat,Parks,Low
No water supply for past 2 days in Puram Extension,Water,Low
Bins not emptied since last week in Town Area,Sanitation,Medium
No water supply for past 10 days in Puram Extension,Water,High
Overloaded vehicles causing accidents on School Lane,Transport,Medium
Police not patrolling Ward 12 area since 5 days,Safety,Medium
Drain blocked for 2 days in Colony B,Sanitation,Medium
Road construction debris not cleared near Town Area,Road,Low
Road encroachment by shops on Ring Road,Road,High
No drinking water in Sector 5 park,Parks,Low
Construction blocking entrance to Colony B school,Construction,High
Underground water leakage on Market Street,Water,High
Footpath broken and dangerous for walkers near Nagar Panchayat,Road,High
Park benches broken and unusable in Zone 4,Parks,Medium
Water pipeline broken near Mohalla 7 school,Water,Critical
Construction work damaging water pipeline in Town Area,Construction,Low
Water pipe burst on School Lane flooding the street,Water,Low
Trees fallen in Town Area park after storm,Parks,Low
Sewage smell unbearable near Zone 4,Sanitation,High
No road markings visible at night on Ring Road,Road,Medium
Unmarked speed breaker causing accidents on Ring Road,Road,Medium
Teachers absent regularly from Nagar Panchayat school,Education,High
Park gate broken in Village Kalan,Parks,Medium
Water tank overflow flooding Main Bazaar,Water,Critical
No electricity for 2 days in Mohalla 7,Electricity,High
Park fountains not working in Ward 12,Parks,Low
Garbage dump near Village Kalan residential area,Sanitation,High
Bridge has cracks need urgent repair on NH-8,Road,High
School missing benches for students in Puram Extension,Education,High
Park benches broken and unusable in Puram Extension,Parks,Low
Street flooding on Market Street during monsoon,Road,Medium
School building in bad condition in Village Kalan,Education,Medium
Dirty brown water coming from tap in Nagar Panchayat,Water,Critical
Illegal construction blocking Temple Road in Village Kalan,Construction,High
Theft incidents increasing in Ward 12 locality,Safety,Medium
Dirty drain causing disease spread in Mohalla 7,Sanitation,Medium
Grass not trimmed in Village Kalan public garden,Parks,Low
Chain snatching incidents in Mohalla 7 area,Safety,Medium
Sewage overflow on School Lane street near Sector 5,Sanitation,High
Hospital ward overcrowded in Block 3,Healthcare,Critical
School roof leaking during rain in Town Area,Education,Low
No street lights on dark MG Road lane,Electricity,Low
Sewage mixing with drinking water in Village Kalan,Water,Critical
Unauthorized commercial construction in Zone 4,Construction,Medium
No road markings visible at night on School Lane,Road,Medium
Water meter showing wrong reading in Mohalla 7,Water,High
Water supply disrupted since 2 days,Water,High
Blood bank not available in Colony B hospital,Healthcare,High
Road encroachment by shops on NH-8,Road,High
Women safety issues at Nagar Panchayat bus stop,Safety,Critical
Children playground dirty and unsafe in Village Kalan,Parks,Medium
Anganwadi center closed for 5 days in Ward 12,Education,High
Bridge has cracks need urgent repair on School Lane,Road,High
Construction blocking entrance to Nagar Panchayat school,Construction,High
Park walls have graffiti in Sector 5,Parks,Low
No water pressure in building in Nagar Panchayat,Water,Low
Power cut every day in Village Kalan for 5 hours,Electricity,High
Garden lights not working in Mohalla 7 park,Parks,Low
Park pathway broken and dangerous in Colony B,Parks,Medium
Illegal liquor shop operating openly in Nagar Panchayat,Safety,Critical
Expired medicines given at Sector 5 clinic,Healthcare,High
Public toilet not maintained in Mohalla 7,Sanitation,Medium
No doctors available at PHC in Village Kalan for 21 days,Healthcare,Critical
Open defecation area near Sector 5 school,Sanitation,Low
No footpath for pedestrians on Station Road,Transport,Low
Road waterlogged after rain near Nagar Panchayat,Road,Low
No drinking water in Nagar Panchayat park,Parks,Low
Construction debris on footpath on Station Road,Construction,Medium
Electric poles damaged after storm near Sector 5,Electricity,Low
Water tanker not arriving on schedule in Sector 5,Water,Low
Open drain overflowing near Mohalla 7 homes,Sanitation,Medium
Park pathway broken and dangerous in Zone 4,Parks,Low
Water meter showing wrong reading in Town Area,Water,High
Electricity bill error for Mohalla 7 residents,Electricity,High
Underground water leakage on Market Street,Water,Critical
No lighting in dark lanes near Ward 12,Safety,Critical
Night watchman absent from Nagar Panchayat,Safety,Critical
No sports facilities in Zone 4 school,Education,High
Road construction debris not cleared near Block 3,Road,Medium
Electricity bill error for Town Area residents,Electricity,High
Construction blocking entrance to Town Area school,Construction,Medium
No doctors available at PHC in Mohalla 7 for 2 days,Healthcare,Critical
Power outage in Puram Extension colony since morning,Electricity,High
Hospital building in bad condition in Zone 4,Healthcare,Critical
Street harassment near Zone 4 school daily,Safety,Critical
Footover bridge broken near Nagar Panchayat station,Transport,Medium
Vaccination camp not organized in Town Area,Healthcare,High
Water supply disrupted since 3 days,Water,Medium
No power supply during festival in Ward 12,Electricity,Low
Building under construction without permit in Colony B,Construction,High
Electric poles damaged after storm near Colony B,Electricity,Medium
No drinking water in Ward 12 school,Education,Medium
Illegal construction blocking NH-8 in Sector 5,Construction,Low
Dirty conditions in Sector 5 government hospital,Healthcare,High
Children playground dirty and unsafe in Colony B,Parks,Medium
No doctors available at PHC in Block 3 for 30 days,Healthcare,Critical
Waste collection vehicle not coming to Town Area,Sanitation,Medium
Illegal liquor shop operating openly in Zone 4,Safety,High
No ASHA worker in Zone 4 area since 2 days,Healthcare,High
Open drain overflowing near Sector 5 homes,Sanitation,Critical
Electric poles damaged after storm near Colony B,Electricity,High
No electricity for 30 days in Mohalla 7,Electricity,Low
No lighting in dark lanes near Town Area,Safety,Critical
Bus service not available to Colony B village,Transport,Low
Playground equipment damaged in Puram Extension park,Parks,Low
Night watchman absent from Sector 5,Safety,Critical
No maintenance of Sector 5 garden since 7 days,Parks,Medium
Water meter showing wrong reading in Ward 12,Water,Critical
Computer lab non-functional in Colony B school,Education,Low
Road is completely broken near Town Area since 21 days,Road,Medium
Road cave-in near Puram Extension drainage line,Road,Medium
Dirty conditions in Puram Extension government hospital,Healthcare,Medium
Waste collection vehicle not coming to Puram Extension,Sanitation,Critical
Road waterlogged after rain near Village Kalan,Road,Low
Building violating height norms in Zone 4,Construction,Low
Leaking water pipe wasting water on Old Delhi Road,Water,High
No parking facility near Nagar Panchayat market,Transport,Medium
No bus shelter at Puram Extension bus stop,Transport,Low
Gambling den operating in Block 3,Safety,High
Construction debris on footpath on MG Road,Construction,Medium
No security guard in Puram Extension park,Parks,Low
Park walls have graffiti in Nagar Panchayat,Parks,Low
Computer lab non-functional in Sector 5 school,Education,High
No parking facility near Village Kalan market,Transport,Medium
Unauthorized extension built in Colony B,Construction,Low
No lighting in dark lanes near Puram Extension,Safety,Critical
Street lights not working on Main Bazaar since 7 days,Electricity,Low
Power outage in Colony B colony since morning,Electricity,High
No toilets in Nagar Panchayat government school,Education,Medium
Vaccination camp not organized in Nagar Panchayat,Healthcare,Medium
No toilets in Nagar Panchayat government school,Education,Low
Teachers absent regularly from Mohalla 7 school,Education,Medium
Teachers absent regularly from Puram Extension school,Education,Medium
Building violating height norms in Block 3,Construction,Medium
Divider damaged on Hospital Road main street,Road,High
CCTV cameras not working on Old Delhi Road,Transport,High
Anganwadi center closed for 21 days in Town Area,Education,Medium
Construction work damaging water pipeline in Sector 5,Construction,High
No parking facility near Town Area market,Transport,Low
No power supply during festival in Town Area,Electricity,High
Leaking water pipe wasting water on MG Road,Water,Critical
Health worker absent from Village Kalan since 3 days,Healthcare,Critical
Electric poles damaged after storm near Block 3,Electricity,Medium
No street lights on dark School Lane lane,Electricity,High
Construction affecting water supply in Colony B,Construction,Low
Park fountains not working in Colony B,Parks,Medium
Dirty brown water coming from tap in Zone 4,Water,Low
Building under construction without permit in Zone 4,Construction,Medium
Expired medicines given at Village Kalan clinic,Healthcare,Medium
Garbage burning near Puram Extension school,Sanitation,Critical
Suspicious activity near ATM in Block 3,Safety,Critical
Lights flickering in Colony B residential area,Electricity,Low
Garden lights not working in Mohalla 7 park,Parks,Low
Hospital building in bad condition in Zone 4,Healthcare,Medium
Open drain overflowing near Zone 4 homes,Sanitation,Medium
Park gate broken in Mohalla 7,Parks,Low
Medical equipment not working in Ward 12 hospital,Healthcare,Critical
Road cave-in near Town Area drainage line,Road,High
Public toilet not maintained in Sector 5,Sanitation,High
Health worker absent from Puram Extension since 3 days,Healthcare,Critical
Water tank overflow flooding School Lane,Water,High
Dirty brown water coming from tap in Sector 5,Water,High
Footpath broken and dangerous for walkers near Zone 4,Road,Medium
Untrained teachers in Ward 12 primary school,Education,Medium
Drug dealing happening in Nagar Panchayat park,Safety,High
Drain blocked for 5 days in Town Area,Sanitation,Medium
School has no blackboards in Sector 5,Education,Low
E-rickshaw causing traffic jam in Zone 4,Transport,Low
Electric poles damaged after storm near Sector 5,Electricity,Low
Electric meter not working properly in Puram Extension,Electricity,High
Rubble dumped on Hospital Road by contractor,Construction,Low
Speed breaker damaged on Hospital Road highway,Road,High
Computer lab non-functional in Zone 4 school,Education,Low
Vaccination camp not organized in Block 3,Healthcare,High
Theft incidents increasing in Block 3 locality,Safety,High
Open drain overflowing near Village Kalan homes,Sanitation,Medium
Health worker absent from Ward 12 since 21 days,Healthcare,Medium
Footover bridge broken near Sector 5 station,Transport,High
Traffic signals not working on Hospital Road,Transport,Low
Park benches broken and unusable in Puram Extension,Parks,Low
Unmarked speed breaker causing accidents on Station Road,Road,Medium
School building in bad condition in Mohalla 7,Education,High
Park benches broken and unusable in Zone 4,Parks,Low
Unmarked speed breaker causing accidents on Hospital Road,Road,Low
Electric poles damaged after storm near Zone 4,Electricity,High
No water pressure in building in Village Kalan,Water,Low
Ambulance service not responding in Zone 4,Healthcare,Critical
Demolition without safety measures in Block 3,Construction,Low
No sports facilities in Town Area school,Education,Low
No power supply during festival in Puram Extension,Electricity,Low
Garbage not collected for 2 days in Mohalla 7,Sanitation,Medium
Lights flickering in Ward 12 residential area,Electricity,Medium
Illegal water connection in Zone 4,Water,Critical
No road markings visible at night on Ring Road,Road,Medium
Contaminated water supply causing illness in Colony B,Water,Medium
CCTV cameras not working on MG Road,Transport,High
Power outage in Block 3 colony since morning,Electricity,Low
Park walls have graffiti in Ward 12,Parks,Low
Bins not emptied since last week in Zone 4,Sanitation,High
Unauthorized commercial construction in Mohalla 7,Construction,Medium
Water tanker not arriving on schedule in Block 3,Water,Critical
Illegal construction blocking Main Bazaar in Ward 12,Construction,Medium
Divider damaged on Temple Road main street,Road,Low
School building in bad condition in Village Kalan,Education,Low
No boundary wall in Town Area school,Education,Low
Construction debris on footpath on Temple Road,Construction,High
Street flooding on Main Bazaar during monsoon,Road,Low
Public toilet not maintained in Colony B,Sanitation,Critical
Transformer blew up near Mohalla 7 market,Electricity,Low
No bus shelter at Nagar Panchayat bus stop,Transport,Medium
Road is completely broken near Zone 4 since 7 days,Road,Medium
Broken road divider on Station Road is dangerous,Road,High
No water supply for past 5 days in Mohalla 7,Water,Low
Computer lab non-functional in Sector 5 school,Education,High
Suspicious activity near ATM in Mohalla 7,Safety,High
Divider damaged on Hospital Road main street,Road,High
Hospital ward overcrowded in Sector 5,Healthcare,Critical
Blood bank not available in Zone 4 hospital,Healthcare,High
Lights flickering in Zone 4 residential area,Electricity,Medium
Water pipe burst on Temple Road flooding the street,Water,Critical
Library books damaged in Village Kalan school,Education,High
No water pressure in building in Town Area,Water,Low
Water meter showing wrong reading in Ward 12,Water,High
Ambulance service not responding in Puram Extension,Healthcare,Critical
High voltage wire hanging low on School Lane,Electricity,High
Underground water leakage on NH-8,Water,High
Electric meter not working properly in Town Area,Electricity,Medium
Water tanker not arriving on schedule in Town Area,Water,Low
CCTV cameras vandalized near Block 3,Safety,Medium
Broken road divider on Station Road is dangerous,Road,High
Road cave-in near Puram Extension drainage line,Road,Medium
Auto drivers overcharging passengers in Puram Extension,Transport,High
Ambulance service not responding in Colony B,Healthcare,Critical
Waste collection vehicle not coming to Block 3,Sanitation,High
Street lamp broken near bus stop on Old Delhi Road,Electricity,High
Long queues at Zone 4 government dispensary,Healthcare,Critical
No drinking water in Colony B school,Education,Medium
Sewage smell unbearable near Ward 12,Sanitation,High
No doctors available at PHC in Block 3 for 30 days,Healthcare,High
Dirty drain causing disease spread in Puram Extension,Sanitation,Medium
Bus routes reduced suddenly in Puram Extension,Transport,Medium
Transformer blew up near Zone 4 market,Electricity,Low
Hospital ward overcrowded in Sector 5,Healthcare,Critical
Construction dust affecting Puram Extension residents,Construction,Low
Trees fallen in Ward 12 park after storm,Parks,Medium
No water supply for past 21 days in Puram Extension,Water,High
Park walls have graffiti in Ward 12,Parks,Low
Ambulance service not responding in Zone 4,Healthcare,Critical
Children playground dirty and unsafe in Mohalla 7,Parks,Low
Broken road divider on NH-8 is dangerous,Road,Critical
Street lights not working on Market Street since 3 days,Electricity,Low
No boundary wall in Village Kalan school,Education,Low
Street lamp broken near bus stop on Temple Road,Electricity,High
Road cave-in near Zone 4 drainage line,Road,Medium
Night watchman absent from Sector 5,Safety,Critical
Bus service not available to Mohalla 7 village,Transport,Medium
Park fountains not working in Block 3,Parks,Low
Construction noise during night hours in Puram Extension,Construction,Medium
Transformer blew up near Town Area market,Electricity,Low
No street lights on dark Temple Road lane,Electricity,Low
Park walls have graffiti in Colony B,Parks,Medium
Water tank overflow flooding Main Bazaar,Water,High
Garden lights not working in Mohalla 7 park,Parks,Low
Electricity bill error for Village Kalan residents,Electricity,Medium
Road waterlogged after rain near Mohalla 7,Road,Medium
Suspicious activity near ATM in Block 3,Safety,Medium
Electricity bill error for Colony B residents,Electricity,Low
Speed breaker damaged on Market Street highway,Road,High
Water meter showing wrong reading in Sector 5,Water,Critical
Road cave-in near Village Kalan drainage line,Road,Critical
Illegal electrical connections spotted in Colony B,Electricity,Low
Bus routes reduced suddenly in Mohalla 7,Transport,Medium
No footpath for pedestrians on Temple Road,Transport,Low
No sports facilities in Block 3 school,Education,High
Rowdy elements troubling residents of Colony B,Safety,Critical
CCTV cameras vandalized near Colony B,Safety,High
Theft incidents increasing in Village Kalan locality,Safety,Medium
School missing benches for students in Nagar Panchayat,Education,High
Vaccination camp not organized in Colony B,Healthcare,Medium
Auto drivers overcharging passengers in Sector 5,Transport,Low
Rubble dumped on Temple Road by contractor,Construction,High
Computer lab non-functional in Village Kalan school,Education,High
School roof leaking during rain in Sector 5,Education,Medium
Street harassment near Nagar Panchayat school daily,Safety,Medium
Public toilet not maintained in Ward 12,Sanitation,High
No ASHA worker in Ward 12 area since 2 days,Healthcare,High
Dead animals not removed from Hospital Road,Sanitation,Medium
No ambulance available in Zone 4,Healthcare,High
Demolition without safety measures in Town Area,Construction,Medium
Unauthorized extension built in Sector 5,Construction,Low
Gambling den operating in Ward 12,Safety,Medium
Open drain overflowing near Town Area homes,Sanitation,Medium
Building violating height norms in Block 3,Construction,Medium
Street lights not working on Station Road since 10 days,Electricity,Medium
No doctors available at PHC in Mohalla 7 for 30 days,Healthcare,High
No power supply during festival in Nagar Panchayat,Electricity,High
Grass not trimmed in Colony B public garden,Parks,Low
No ASHA worker in Nagar Panchayat area since 30 days,Healthcare,High
Night watchman absent from Village Kalan,Safety,High
School missing benches for students in Mohalla 7,Education,High
Water tanker not arriving on schedule in Puram Extension,Water,Low
No specialist doctor in Zone 4 PHC,Healthcare,Critical
Water tanker not arriving on schedule in Zone 4,Water,Critical
Park occupied by illegal vendors in Puram Extension,Parks,Low
Water supply cut off for 7 days in Mohalla 7,Water,Critical
Water pipeline broken near Town Area school,Water,Low
No last mile connectivity in Mohalla 7,Transport,Low
Suspicious activity near ATM in Mohalla 7,Safety,Medium
Sewage mixing with drinking water in Town Area,Water,Critical
Water pipeline broken near Sector 5 school,Water,Low
No footpath for pedestrians on MG Road,Transport,Low
Gambling den operating in Nagar Panchayat,Safety,High
Garbage burning near Town Area school,Sanitation,High
Night watchman absent from Nagar Panchayat,Safety,High
Park pathway broken and dangerous in Nagar Panchayat,Parks,Medium
Road encroachment by shops on Main Bazaar,Road,Low
Broken road divider on Old Delhi Road is dangerous,Road,Critical
Divider damaged on Market Street main street,Road,High
Construction debris on footpath on NH-8,Construction,High
Untrained teachers in Mohalla 7 primary school,Education,Medium
Night watchman absent from Mohalla 7,Safety,Medium
E-rickshaw causing traffic jam in Block 3,Transport,High
School building in bad condition in Sector 5,Education,High
Encroachment in Colony B public park area,Parks,Low
No safety net during construction in Mohalla 7,Construction,Low
Park pathway broken and dangerous in Village Kalan,Parks,Low
CCTV cameras vandalized near Block 3,Safety,Medium
Health worker absent from Block 3 since 30 days,Healthcare,Medium
No maintenance of Block 3 garden since 7 days,Parks,Low
Road cave-in near Colony B drainage line,Road,High
Computer lab non-functional in Zone 4 school,Education,Medium
Large pothole on Old Delhi Road causing accidents near Village Kalan,Road,Critical
Auto drivers overcharging passengers in Puram Extension,Transport,Low
No maintenance of Ward 12 garden since 2 days,Parks,Low
No bus shelter at Mohalla 7 bus stop,Transport,High
Construction debris on footpath on Old Delhi Road,Construction,High
Park walls have graffiti in Block 3,Parks,Low
Power cut every day in Block 3 for 7 hours,Electricity,High
Drain blocked for 3 days in Puram Extension,Sanitation,Critical
Lights flickering in Puram Extension residential area,Electricity,Medium
No sports facilities in Ward 12 school,Education,High
Water tank overflow flooding Ring Road,Water,Medium
Construction blocking entrance to Puram Extension school,Construction,High
Road construction debris not cleared near Puram Extension,Road,High
No drinking water in Sector 5 school,Education,Low
Illegal water connection in Block 3,Water,High
No lighting in dark lanes near Nagar Panchayat,Safety,Medium
Dirty brown water coming from tap in Puram Extension,Water,High
Water supply cut off for 7 days in Colony B,Water,High
Park fountains not working in Ward 12,Parks,Medium
Garden lights not working in Colony B park,Parks,Low
Divider damaged on NH-8 main street,Road,High
Footpath broken and dangerous for walkers near Ward 12,Road,Critical
No water pressure in building in Village Kalan,Water,Critical
Sewage overflow on Hospital Road street near Nagar Panchayat,Sanitation,High
Illegal parking blocking Old Delhi Road in Town Area,Transport,High
School roof leaking during rain in Colony B,Education,Medium
Street harassment near Mohalla 7 school daily,Safety,Medium
Women safety issues at Town Area bus stop,Safety,Medium
Computer lab non-functional in Sector 5 school,Education,High
Children playground dirty and unsafe in Village Kalan,Parks,Low
Park occupied by illegal vendors in Nagar Panchayat,Parks,Low
No road markings visible at night on Main Bazaar,Road,High
Speed breaker damaged on MG Road highway,Road,Critical
Potholes causing vehicle damage on Ring Road,Road,Medium
Road waterlogged after rain near Nagar Panchayat,Road,Critical
Sewage smell unbearable near Zone 4,Sanitation,Medium
Building under construction without permit in Mohalla 7,Construction,Low
Road is completely broken near Ward 12 since 21 days,Road,High
Hospital ward overcrowded in Zone 4,Healthcare,High
Long queues at Nagar Panchayat government dispensary,Healthcare,Critical
Broken road divider on School Lane is dangerous,Road,High
Electricity bill error for Town Area residents,Electricity,High
Encroachment in Zone 4 public park area,Parks,Low
Drain blocked for 30 days in Zone 4,Sanitation,Medium
No electricity for 21 days in Ward 12,Electricity,Medium
Contaminated water supply causing illness in Town Area,Water,Low
Power outage in Colony B colony since morning,Electricity,High
Demolition without safety measures in Colony B,Construction,High
Power cut every day in Sector 5 for 10 hours,Electricity,Low
Garbage not collected for 5 days in Puram Extension,Sanitation,Medium
Bus routes reduced suddenly in Sector 5,Transport,High
Suspicious activity near ATM in Zone 4,Safety,Critical
Dirty conditions in Village Kalan government hospital,Healthcare,Critical
Untrained teachers in Puram Extension primary school,Education,Low
Encroachment in Village Kalan public park area,Parks,Low
Stray dogs near garbage dump in Nagar Panchayat,Sanitation,High
Contaminated water supply causing illness in Village Kalan,Water,High
No street lights on dark School Lane lane,Electricity,High
No security guard in Town Area park,Parks,Low
Road is completely broken near Town Area since 30 days,Road,Medium
Overloaded vehicles causing accidents on Temple Road,Transport,Medium
Women safety issues at Nagar Panchayat bus stop,Safety,Medium
No parking facility near Mohalla 7 market,Transport,High
Encroachment in Town Area public park area,Parks,Low
Women safety issues at Colony B bus stop,Safety,High
No maintenance of Town Area garden since 7 days,Parks,Medium
Chain snatching incidents in Puram Extension area,Safety,High
Dirty drain causing disease spread in Village Kalan,Sanitation,Low
Medical equipment not working in Sector 5 hospital,Healthcare,Critical
Sewage smell unbearable near Block 3,Sanitation,Low
Electric meter not working properly in Village Kalan,Electricity,High
No sports facilities in Sector 5 school,Education,Medium
Dirty drain causing disease spread in Puram Extension,Sanitation,Medium
Playground equipment damaged in Zone 4 park,Parks,Low
Anganwadi center closed for 3 days in Mohalla 7,Education,Medium
Potholes causing vehicle damage on Station Road,Road,High
Broken road divider on Station Road is dangerous,Road,Critical
CCTV cameras vandalized near Puram Extension,Safety,High
No last mile connectivity in Puram Extension,Transport,Low
Water pipe burst on Station Road flooding the street,Water,Critical
Electric box sparking near Puram Extension school,Electricity,Medium
Drug dealing happening in Sector 5 park,Safety,High
Playground equipment damaged in Zone 4 park,Parks,Medium
Road is completely broken near Colony B since 2 days,Road,High
Leaking water pipe wasting water on Temple Road,Water,High
Illegal water connection in Village Kalan,Water,High
Construction debris on footpath on Ring Road,Construction,High
Bus routes reduced suddenly in Mohalla 7,Transport,Medium
Open drain overflowing near Ward 12 homes,Sanitation,Low
Park walls have graffiti in Ward 12,Parks,Low
Road is completely broken near Mohalla 7 since 21 days,Road,Low
Illegal liquor shop operating openly in Mohalla 7,Safety,Medium
No bus shelter at Town Area bus stop,Transport,High
No ASHA worker in Nagar Panchayat area since 21 days,Healthcare,High
Gambling den operating in Puram Extension,Safety,Medium
Trees fallen in Sector 5 park after storm,Parks,Low
No maintenance of Mohalla 7 garden since 10 days,Parks,Medium
Large pothole on Station Road causing accidents near Puram Extension,Road,Medium
Bridge has cracks need urgent repair on School Lane,Road,High
Teachers absent regularly from Nagar Panchayat school,Education,High
No footpath for pedestrians on Temple Road,Transport,Low
Unauthorized commercial construction in Village Kalan,Construction,Low
Electric meter not working properly in Colony B,Electricity,Low
Teachers absent regularly from Nagar Panchayat school,Education,Low
Park fountains not working in Sector 5,Parks,Medium
No last mile connectivity in Sector 5,Transport,Low
Building violating height norms in Zone 4,Construction,High
No bus shelter at Sector 5 bus stop,Transport,Medium
Chain snatching incidents in Block 3 area,Safety,Medium
No sports facilities in Village Kalan school,Education,Low
Park benches broken and unusable in Mohalla 7,Parks,Medium
Gambling den operating in Town Area,Safety,Medium
School missing benches for students in Town Area,Education,High
Playground equipment damaged in Ward 12 park,Parks,Low
Overloaded vehicles causing accidents on Temple Road,Transport,High
Street lamp broken near bus stop on Ring Road,Electricity,Medium
Sewage mixing with drinking water in Town Area,Water,Critical
Park pathway broken and dangerous in Puram Extension,Parks,Low
No ASHA worker in Sector 5 area since 14 days,Healthcare,Critical
Sewage mixing with drinking water in Sector 5,Water,Low
Underground water leakage on School Lane,Water,High
No water pressure in building in Sector 5,Water,Critical
No power supply during festival in Puram Extension,Electricity,High
Street flooding on Market Street during monsoon,Road,Medium
No toilets in Puram Extension government school,Education,High
Contaminated water supply causing illness in Town Area,Water,High
Health worker absent from Colony B since 14 days,Healthcare,Critical
Encroachment in Block 3 public park area,Parks,Medium
Vaccination camp not organized in Village Kalan,Healthcare,Medium
Vaccination camp not organized in Village Kalan,Healthcare,Critical
Night watchman absent from Sector 5,Safety,Medium
Rubble dumped on Temple Road by contractor,Construction,Low
Road encroachment by shops on School Lane,Road,Critical
Construction debris on footpath on Main Bazaar,Construction,High
Gambling den operating in Town Area,Safety,High
Unsafe scaffolding near Station Road,Construction,Medium
Water supply disrupted since 14 days,Water,Low
School has no blackboards in Zone 4,Education,Low
Illegal parking blocking Temple Road in Ward 12,Transport,Medium
Street lights not working on NH-8 since 10 days,Electricity,Low
Open defecation area near Puram Extension school,Sanitation,High
No water supply for past 7 days in Puram Extension,Water,Low
Hospital building in bad condition in Town Area,Healthcare,High
Health worker absent from Village Kalan since 21 days,Healthcare,High
Library books damaged in Nagar Panchayat school,Education,Low
Electric meter not working properly in Puram Extension,Electricity,Low
Sewage smell unbearable near Village Kalan,Sanitation,Low
Potholes causing vehicle damage on School Lane,Road,Critical
No toilets in Puram Extension government school,Education,High
Power outage in Sector 5 colony since morning,Electricity,Medium
No footpath for pedestrians on Temple Road,Transport,Low
Overloaded vehicles causing accidents on School Lane,Transport,Low
Construction dust affecting Town Area residents,Construction,Low
Night watchman absent from Mohalla 7,Safety,High
Road construction debris not cleared near Colony B,Road,Critical
Electric meter not working properly in Village Kalan,Electricity,High
Water pipeline broken near Ward 12 school,Water,Medium
Rowdy elements troubling residents of Ward 12,Safety,Medium
Public toilet not maintained in Nagar Panchayat,Sanitation,High
Electric poles damaged after storm near Nagar Panchayat,Electricity,High
Medical equipment not working in Nagar Panchayat hospital,Healthcare,High
Construction work damaging water pipeline in Town Area,Construction,High
Footpath broken and dangerous for walkers near Village Kalan,Road,Critical
Scholarship money not distributed in Village Kalan,Education,High
Water meter showing wrong reading in Ward 12,Water,Critical
Construction blocking entrance to Colony B school,Construction,Low
No ambulance available in Ward 12,Healthcare,High
Sewage smell unbearable near Sector 5,Sanitation,Medium
No electricity for 7 days in Nagar Panchayat,Electricity,Medium
Chain snatching incidents in Sector 5 area,Safety,High
Illegal liquor shop operating openly in Nagar Panchayat,Safety,Medium
No dustbin provided in Ward 12 market,Sanitation,High
No street lights on dark Old Delhi Road lane,Electricity,Medium
No road markings visible at night on MG Road,Road,High
Library books damaged in Mohalla 7 school,Education,Low
Drug dealing happening in Ward 12 park,Safety,Critical
Health worker absent from Ward 12 since 14 days,Healthcare,High
Women safety issues at Town Area bus stop,Safety,Critical
Bus service not available to Ward 12 village,Transport,Medium
Bridge has cracks need urgent repair on School Lane,Road,Low
Bus routes reduced suddenly in Mohalla 7,Transport,Medium
Illegal water connection in Ward 12,Water,High
Park walls have graffiti in Zone 4,Parks,Medium
Electricity bill error for Ward 12 residents,Electricity,Low
Construction blocking entrance to Colony B school,Construction,Medium
Water pipeline broken near Zone 4 school,Water,High
Building violating height norms in Nagar Panchayat,Construction,High
Construction work damaging water pipeline in Mohalla 7,Construction,High
Mid-day meal not provided in Colony B school,Education,High
Drug dealing happening in Zone 4 park,Safety,High
No specialist doctor in Town Area PHC,Healthcare,Critical
Rowdy elements troubling residents of Block 3,Safety,High
Road encroachment by shops on Ring Road,Road,Medium
Water supply cut off for 7 days in Colony B,Water,Critical
Open drain overflowing near Village Kalan homes,Sanitation,High
No power supply during festival in Mohalla 7,Electricity,Medium
No security guard in Puram Extension park,Parks,Medium
Construction dust affecting Zone 4 residents,Construction,High
No water pressure in building in Colony B,Water,Low
Footover bridge broken near Sector 5 station,Transport,Low
Children playground dirty and unsafe in Sector 5,Parks,Low
Road cave-in near Colony B drainage line,Road,High
Rubble dumped on Market Street by contractor,Construction,High
Anganwadi center closed for 14 days in Block 3,Education,Medium
No security guard in Sector 5 park,Parks,Medium
No dustbin provided in Nagar Panchayat market,Sanitation,Medium
Illegal water connection in Colony B,Water,High
Water pipeline broken near Puram Extension school,Water,High
Street lamp broken near bus stop on Market Street,Electricity,High
High voltage wire hanging low on Market Street,Electricity,High
Illegal parking blocking School Lane in Block 3,Transport,Low
Broken road divider on Hospital Road is dangerous,Road,Critical
Public toilet not maintained in Mohalla 7,Sanitation,High
Illegal water connection in Colony B,Water,Low
No last mile connectivity in Block 3,Transport,Low
No dustbin provided in Mohalla 7 market,Sanitation,High
No last mile connectivity in Sector 5,Transport,Low
Road encroachment by shops on Old Delhi Road,Road,High
Speed breaker damaged on Old Delhi Road highway,Road,Low
Unsafe scaffolding near MG Road,Construction,High
Expired medicines given at Town Area clinic,Healthcare,High
Transformer blew up near Block 3 market,Electricity,Medium
No dustbin provided in Village Kalan market,Sanitation,High
Park gate broken in Mohalla 7,Parks,Medium
Water pipe burst on Temple Road flooding the street,Water,Medium
Road construction debris not cleared near Sector 5,Road,Low
Bridge has cracks need urgent repair on NH-8,Road,Low
Long queues at Town Area government dispensary,Healthcare,High
No last mile connectivity in Zone 4,Transport,Low
Bus routes reduced suddenly in Block 3,Transport,Medium
Hospital building in bad condition in Village Kalan,Healthcare,High
Broken road divider on Station Road is dangerous,Road,Low
Divider damaged on School Lane main street,Road,Medium
Trees fallen in Mohalla 7 park after storm,Parks,Low
No boundary wall in Colony B school,Education,Low
Construction noise during night hours in Sector 5,Construction,Medium
No ambulance available in Village Kalan,Healthcare,Critical
Building violating height norms in Sector 5,Construction,High
Water supply cut off for 30 days in Town Area,Water,Critical
Transformer blew up near Zone 4 market,Electricity,Medium
Scholarship money not distributed in Town Area,Education,High
School building in bad condition in Town Area,Education,Low
Public toilet not maintained in Block 3,Sanitation,Medium
Ambulance service not responding in Village Kalan,Healthcare,High
Footpath broken and dangerous for walkers near Town Area,Road,Low
No safety net during construction in Block 3,Construction,Low
No power supply during festival in Sector 5,Electricity,High
Road cave-in near Colony B drainage line,Road,Medium
Street lights not working on Station Road since 2 days,Electricity,Medium
CCTV cameras not working on Old Delhi Road,Transport,Low
School has no blackboards in Ward 12,Education,High
Park occupied by illegal vendors in Mohalla 7,Parks,Low
High voltage wire hanging low on Temple Road,Electricity,Medium
Road encroachment by shops on NH-8,Road,Low
Unauthorized extension built in Village Kalan,Construction,Medium
Street flooding on NH-8 during monsoon,Road,Low
Rubble dumped on Ring Road by contractor,Construction,High
No toilets in Zone 4 government school,Education,High
Sewage mixing with drinking water in Town Area,Water,Critical
CCTV cameras not working on School Lane,Transport,High
Park pathway broken and dangerous in Puram Extension,Parks,Low
Library books damaged in Block 3 school,Education,High
Dirty conditions in Village Kalan government hospital,Healthcare,High
Garbage dump near Ward 12 residential area,Sanitation,Medium
Road encroachment by shops on School Lane,Road,High
No road markings visible at night on Main Bazaar,Road,Low
Park pathway broken and dangerous in Sector 5,Parks,Medium
Water supply disrupted since 7 days,Water,Medium
Unauthorized commercial construction in Zone 4,Construction,Low
Teachers absent regularly from Village Kalan school,Education,Low
No street lights on dark School Lane lane,Electricity,Low
Dead animals not removed from Market Street,Sanitation,Critical
Illegal weapons spotted near Village Kalan,Safety,Critical
Demolition without safety measures in Nagar Panchayat,Construction,High
Street harassment near Block 3 school daily,Safety,High
Dirty drain causing disease spread in Ward 12,Sanitation,Medium
No electricity for 2 days in Ward 12,Electricity,High
Chain snatching incidents in Nagar Panchayat area,Safety,High
Park gate broken in Sector 5,Parks,Low
Sewage mixing with drinking water in Town Area,Water,Medium
Untrained teachers in Ward 12 primary school,Education,Low
Street lights not working on Old Delhi Road since 2 days,Electricity,High
Sewage smell unbearable near Nagar Panchayat,Sanitation,High
Garbage dump near Ward 12 residential area,Sanitation,High
No boundary wall in Village Kalan school,Education,Low
Rubble dumped on Market Street by contractor,Construction,Low
Street harassment near Block 3 school daily,Safety,Medium
Scholarship money not distributed in Zone 4,Education,High
Electric box sparking near Nagar Panchayat school,Electricity,Low
Overloaded vehicles causing accidents on NH-8,Transport,Low
Unauthorized extension built in Puram Extension,Construction,Low
Unauthorized extension built in Puram Extension,Construction,High
CCTV cameras not working on Old Delhi Road,Transport,High
Park benches broken and unusable in Mohalla 7,Parks,Low
Theft incidents increasing in Village Kalan locality,Safety,Critical
Power outage in Nagar Panchayat colony since morning,Electricity,Medium
No power supply during festival in Puram Extension,Electricity,High
Contaminated water supply causing illness in Sector 5,Water,Critical
No ambulance available in Town Area,Healthcare,Critical
Road dividers removed illegally on Old Delhi Road,Transport,Medium
No road markings visible at night on NH-8,Road,Medium
Water supply cut off for 14 days in Sector 5,Water,Low
Unauthorized extension built in Village Kalan,Construction,High
No dustbin provided in Puram Extension market,Sanitation,High
Untrained teachers in Sector 5 primary school,Education,High
Theft incidents increasing in Colony B locality,Safety,Critical
Power cut every day in Puram Extension for 7 hours,Electricity,Low
Sewage overflow on Main Bazaar street near Ward 12,Sanitation,Critical
Construction dust affecting Colony B residents,Construction,Medium
Water tank overflow flooding Station Road,Water,High
Drug dealing happening in Town Area park,Safety,High
No security guard in Colony B park,Parks,Low
Footpath broken and dangerous for walkers near Zone 4,Road,High
Footpath broken and dangerous for walkers near Ward 12,Road,High
Water pipe burst on MG Road flooding the street,Water,High
Illegal liquor shop operating openly in Block 3,Safety,Medium
Drug dealing happening in Ward 12 park,Safety,Critical
Broken road divider on School Lane is dangerous,Road,Medium
Construction dust affecting Puram Extension residents,Construction,High
Construction dust affecting Puram Extension residents,Construction,Low
Bus service not available to Village Kalan village,Transport,Low
Long queues at Sector 5 government dispensary,Healthcare,Critical
Potholes causing vehicle damage on MG Road,Road,Low
Water supply cut off for 5 days in Sector 5,Water,High
Building violating height norms in Sector 5,Construction,High
High voltage wire hanging low on Hospital Road,Electricity,Low
Contaminated water supply causing illness in Colony B,Water,Critical
CCTV cameras vandalized near Mohalla 7,Safety,Medium
Bridge has cracks need urgent repair on Market Street,Road,High
Power outage in Zone 4 colony since morning,Electricity,Medium
Suspicious activity near ATM in Nagar Panchayat,Safety,Medium
Dirty conditions in Nagar Panchayat government hospital,Healthcare,Critical
Power cut every day in Block 3 for 21 hours,Electricity,High
School has no blackboards in Nagar Panchayat,Education,Low
Street lamp broken near bus stop on Hospital Road,Electricity,Medium
Park walls have graffiti in Puram Extension,Parks,Medium
Garbage not collected for 14 days in Zone 4,Sanitation,Medium
Road encroachment by shops on Market Street,Road,High
School missing benches for students in Village Kalan,Education,High
Park gate broken in Colony B,Parks,Low
Open drain overflowing near Colony B homes,Sanitation,High
Blood bank not available in Block 3 hospital,Healthcare,Critical
Dirty brown water coming from tap in Colony B,Water,Critical
Potholes causing vehicle damage on MG Road,Road,High
Road waterlogged after rain near Town Area,Road,Medium
Waste collection vehicle not coming to Nagar Panchayat,Sanitation,High
Water supply cut off for 2 days in Village Kalan,Water,Critical
Police not patrolling Puram Extension area since 30 days,Safety,High
Road construction debris not cleared near Village Kalan,Road,High
No bus shelter at Ward 12 bus stop,Transport,Medium
Illegal parking blocking Ring Road in Town Area,Transport,Low
Women safety issues at Village Kalan bus stop,Safety,Medium
No toilets in Town Area government school,Education,Medium
Open defecation area near Ward 12 school,Sanitation,Medium
Garbage not collected for 14 days in Nagar Panchayat,Sanitation,Critical
Stray dogs near garbage dump in Nagar Panchayat,Sanitation,Low
Garden lights not working in Sector 5 park,Parks,Medium
Blood bank not available in Ward 12 hospital,Healthcare,High
Bus service not available to Nagar Panchayat village,Transport,High
Overloaded vehicles causing accidents on Old Delhi Road,Transport,Low
No security guard in Town Area park,Parks,Low
Waste collection vehicle not coming to Block 3,Sanitation,High
Park walls have graffiti in Mohalla 7,Parks,Low
No maintenance of Zone 4 garden since 30 days,Parks,Medium
Underground water leakage on Old Delhi Road,Water,High
Park pathway broken and dangerous in Village Kalan,Parks,Low
No security guard in Puram Extension park,Parks,Medium
Demolition without safety measures in Nagar Panchayat,Construction,High
Dead animals not removed from NH-8,Sanitation,High
Illegal weapons spotted near Nagar Panchayat,Safety,Critical
No dustbin provided in Colony B market,Sanitation,Low
Large pothole on Market Street causing accidents near Puram Extension,Road,High
Theft incidents increasing in Nagar Panchayat locality,Safety,High
Teachers absent regularly from Block 3 school,Education,Low
No water pressure in building in Sector 5,Water,Medium
Water supply disrupted since 21 days,Water,Low
Construction noise during night hours in Block 3,Construction,High
Unsafe scaffolding near School Lane,Construction,High
Scholarship money not distributed in Sector 5,Education,Medium
No road markings visible at night on Market Street,Road,Medium
Waste collection vehicle not coming to Mohalla 7,Sanitation,Critical
Chain snatching incidents in Nagar Panchayat area,Safety,Critical
No bus shelter at Colony B bus stop,Transport,Low
No power supply during festival in Zone 4,Electricity,Medium
Children playground dirty and unsafe in Sector 5,Parks,Medium
Electric meter not working properly in Puram Extension,Electricity,Medium
No footpath for pedestrians on Temple Road,Transport,Medium
Park fountains not working in Puram Extension,Parks,Low
No ambulance available in Ward 12,Healthcare,High
Garbage not collected for 5 days in Puram Extension,Sanitation,Critical
Water supply disrupted since 10 days,Water,Medium
Vaccination camp not organized in Mohalla 7,Healthcare,Medium
Long queues at Colony B government dispensary,Healthcare,Critical
Rowdy elements troubling residents of Block 3,Safety,High
Illegal parking blocking NH-8 in Zone 4,Transport,Low
Unauthorized commercial construction in Ward 12,Construction,High
Illegal liquor shop operating openly in Sector 5,Safety,High
Park pathway broken and dangerous in Block 3,Parks,Low
Park fountains not working in Ward 12,Parks,Medium
Illegal electrical connections spotted in Town Area,Electricity,High
No electricity for 5 days in Puram Extension,Electricity,Medium
Construction noise during night hours in Colony B,Construction,High
Broken road divider on NH-8 is dangerous,Road,High
Illegal liquor shop operating openly in Town Area,Safety,Medium
School missing benches for students in Mohalla 7,Education,Low
Park fountains not working in Mohalla 7,Parks,Low
Mid-day meal not provided in Zone 4 school,Education,Low
Road is completely broken near Puram Extension since 2 days,Road,Low
Construction affecting water supply in Puram Extension,Construction,Low
School has no blackboards in Block 3,Education,High
Construction debris on footpath on Ring Road,Construction,Low
Potholes causing vehicle damage on NH-8,Road,Medium
Dead animals not removed from Station Road,Sanitation,Medium
No doctors available at PHC in Village Kalan for 30 days,Healthcare,High
Unsafe scaffolding near NH-8,Construction,Low
Bins not emptied since last week in Colony B,Sanitation,Medium
Rubble dumped on School Lane by contractor,Construction,Medium
Park benches broken and unusable in Zone 4,Parks,Low
Water tank overflow flooding Station Road,Water,Low
Road dividers removed illegally on Old Delhi Road,Transport,High
Suspicious activity near ATM in Zone 4,Safety,Critical
CCTV cameras vandalized near Ward 12,Safety,High
Illegal liquor shop operating openly in Sector 5,Safety,Medium
Water pipeline broken near Puram Extension school,Water,High
No drinking water in Block 3 park,Parks,Medium
Lights flickering in Village Kalan residential area,Electricity,Medium
School has no blackboards in Nagar Panchayat,Education,High
Public toilet not maintained in Nagar Panchayat,Sanitation,High
No sports facilities in Block 3 school,Education,High
Traffic signals not working on Old Delhi Road,Transport,Medium
Electricity bill error for Block 3 residents,Electricity,Medium
Night watchman absent from Village Kalan,Safety,High
Potholes causing vehicle damage on Old Delhi Road,Road,High
Garbage burning near Mohalla 7 school,Sanitation,Medium
Park occupied by illegal vendors in Sector 5,Parks,Low
No electricity for 7 days in Sector 5,Electricity,Medium
Road is completely broken near Block 3 since 14 days,Road,Medium
Park walls have graffiti in Puram Extension,Parks,Low
Construction work damaging water pipeline in Zone 4,Construction,Medium
Open drain overflowing near Sector 5 homes,Sanitation,Medium
Road is completely broken near Town Area since 21 days,Road,High
Illegal electrical connections spotted in Colony B,Electricity,Low
Teachers absent regularly from Ward 12 school,Education,Low
Potholes causing vehicle damage on School Lane,Road,High
Street harassment near Nagar Panchayat school daily,Safety,Critical
Scholarship money not distributed in Nagar Panchayat,Education,Low
Illegal liquor shop operating openly in Mohalla 7,Safety,High
Encroachment in Town Area public park area,Parks,Low
Dirty conditions in Town Area government hospital,Healthcare,High
Sewage overflow on Hospital Road street near Village Kalan,Sanitation,Medium
Hospital ward overcrowded in Ward 12,Healthcare,Critical
Auto drivers overcharging passengers in Town Area,Transport,Medium
Leaking water pipe wasting water on Main Bazaar,Water,High
Road is completely broken near Mohalla 7 since 21 days,Road,Low
Water tanker not arriving on schedule in Puram Extension,Water,Low
Teachers absent regularly from Mohalla 7 school,Education,Low
Water supply cut off for 30 days in Ward 12,Water,High
Gambling den operating in Zone 4,Safety,Medium
No lighting in dark lanes near Town Area,Safety,Medium
Mid-day meal not provided in Village Kalan school,Education,Medium
Water tank overflow flooding Market Street,Water,Critical
Park gate broken in Puram Extension,Parks,Low
Electric poles damaged after storm near Town Area,Electricity,Low
Suspicious activity near ATM in Zone 4,Safety,Medium
CCTV cameras vandalized near Sector 5,Safety,Critical
No ASHA worker in Ward 12 area since 2 days,Healthcare,High
Street flooding on Station Road during monsoon,Road,Critical
School building in bad condition in Town Area,Education,Low
Teachers absent regularly from Mohalla 7 school,Education,High
School missing benches for students in Sector 5,Education,Medium
Construction affecting water supply in Town Area,Construction,High
Grass not trimmed in Sector 5 public garden,Parks,Medium
Electricity bill error for Mohalla 7 residents,Electricity,High
Large pothole on Hospital Road causing accidents near Block 3,Road,Critical
Overloaded vehicles causing accidents on Market Street,Transport,High
Transformer blew up near Nagar Panchayat market,Electricity,High
No bus shelter at Colony B bus stop,Transport,High
Bus routes reduced suddenly in Ward 12,Transport,Low
Dirty drain causing disease spread in Zone 4,Sanitation,High
Park pathway broken and dangerous in Mohalla 7,Parks,Low
No electricity for 10 days in Mohalla 7,Electricity,High
Unmarked speed breaker causing accidents on Hospital Road,Road,High
School building in bad condition in Ward 12,Education,High
Security cameras not working in Town Area market,Safety,Medium
No lighting in dark lanes near Puram Extension,Safety,High
Computer lab non-functional in Village Kalan school,Education,High
No water supply for past 14 days in Mohalla 7,Water,Critical
Contaminated water supply causing illness in Sector 5,Water,High
Long queues at Puram Extension government dispensary,Healthcare,Medium
Health worker absent from Village Kalan since 21 days,Healthcare,Critical
Open defecation area near Block 3 school,Sanitation,Low
Building under construction without permit in Nagar Panchayat,Construction,High
Traffic signals not working on Temple Road,Transport,Medium
Construction dust affecting Mohalla 7 residents,Construction,Medium
Drain blocked for 21 days in Zone 4,Sanitation,Low
