feedback_text,sentiment,rating,category,ward
Public toilets are now clean and well maintained,POSITIVE,4,Water,Ward 18
New project for park development announced for our ward,NEUTRAL,3,Roads,Ward 41
The contractor did excellent work on the drainage project,POSITIVE,5,Construction,Ward 16
"Drainage work done excellently, no more waterlogging",POSITIVE,5,Transport,Ward 42
Electricity cut for 3 days without any information,NEGATIVE,2,Electricity,Ward 40
"Street lights broken since 2 months, no action taken",NEGATIVE,1,Electricity,Ward 32
Authorities not responding to any complaints,NEGATIVE,2,Sanitation,Ward 9
Water pipeline replacement work in progress,NEUTRAL,3,Parks,Ward 25
"Construction noise at midnight, residents suffering",NEGATIVE,1,Water,Ward 32
Road marking work will start after monsoon,NEUTRAL,3,Parks,Ward 19
Hospital renovation work started last month,NEUTRAL,3,Education,Ward 25
Street light maintenance scheduled for this weekend,NEUTRAL,3,Electricity,Ward 32
Road dug up for pipeline but not restored for months,NEGATIVE,1,Sanitation,Ward 29
"Garbage not collected for a week, health hazard",NEGATIVE,1,Education,Ward 25
Survey completed for new drainage line,NEUTRAL,3,Sanitation,Ward 4
Electricity department working on transformer upgrade,NEUTRAL,3,Transport,Ward 32
Construction of new school building underway,NEUTRAL,3,Parks,Ward 46
The construction work was neat and professional,POSITIVE,5,Sanitation,Ward 49
Bridge inspection scheduled for next week,NEUTRAL,3,Sanitation,Ward 28
Street light maintenance scheduled for this weekend,NEUTRAL,3,Parks,Ward 37
"Road repair done poorly, breaking again within weeks",NEGATIVE,1,Sanitation,Ward 17
"Complaint registered, under review by department",NEUTRAL,3,Education,Ward 25
"Drainage work done excellently, no more waterlogging",POSITIVE,4,Electricity,Ward 43
"Bus route cancelled without notice, people suffering",NEGATIVE,2,Sanitation,Ward 8
Electricity cut for 3 days without any information,NEGATIVE,1,Roads,Ward 45
"Traffic signals not working, accidents happening daily",NEGATIVE,2,Public Safety,Ward 24
Street light maintenance scheduled for this weekend,NEUTRAL,3,Electricity,Ward 26
"Water quality has improved, no more complaints from residents",POSITIVE,4,Water,Ward 26
"Garbage not collected for a week, health hazard",NEGATIVE,1,Parks,Ward 22
Road widening project completed ahead of schedule,POSITIVE,5,Healthcare,Ward 48
"Electricity outages have reduced significantly, great work",POSITIVE,5,Healthcare,Ward 40
Road widening project expected to complete next month,NEUTRAL,3,Water,Ward 22
Solar street lights are a wonderful initiative,POSITIVE,5,Transport,Ward 32
Water supply will be interrupted tomorrow for maintenance,NEUTRAL,3,Healthcare,Ward 11
Electricity department working on transformer upgrade,NEUTRAL,3,Roads,Ward 9
"The road repair was completed on time, very happy with the work",POSITIVE,5,Roads,Ward 31
Environmental clearance received for park project,NEUTRAL,3,Transport,Ward 43
"Footpath occupied by vendors, pedestrians on road",NEGATIVE,1,Public Safety,Ward 26
Water supply will be interrupted tomorrow for maintenance,NEUTRAL,3,Education,Ward 17
Water tanker supply continues until pipeline fixed,NEUTRAL,3,Electricity,Ward 29
Bridge inspection scheduled for next week,NEUTRAL,3,Healthcare,Ward 36
Hospital renovation work started last month,NEUTRAL,3,Roads,Ward 16
Road dug up for pipeline but not restored for months,NEGATIVE,2,Roads,Ward 12
Traffic signal upgrade project is under review,NEUTRAL,3,Water,Ward 41
"Water tank cleaning done thoroughly, water quality improved",POSITIVE,4,Healthcare,Ward 42
"Water pipe burst causing damage, no immediate action",NEGATIVE,2,Construction,Ward 37
Great improvement in garbage collection frequency,POSITIVE,4,Water,Ward 49
Public toilet construction tender has been floated,NEUTRAL,3,Education,Ward 6
"Complaint registered, under review by department",NEUTRAL,3,Parks,Ward 28
The contractor did excellent work on the drainage project,POSITIVE,4,Education,Ward 17
"Bridge cracks visible, no action from authorities",NEGATIVE,2,Sanitation,Ward 21
"Park facilities broken, children getting hurt",NEGATIVE,1,Parks,Ward 36
The sanitation team is doing a commendable job,POSITIVE,4,Public Safety,Ward 35
"Bridge cracks visible, no action from authorities",NEGATIVE,2,Education,Ward 17
Garbage collection timings have been changed to morning,NEUTRAL,3,Healthcare,Ward 16
"Public toilet in horrible condition, very unhygienic",NEGATIVE,2,Roads,Ward 34
New bus route announcement expected soon,NEUTRAL,3,Water,Ward 25
"Water quality has improved, no more complaints from residents",POSITIVE,4,Education,Ward 37
"Water supply has improved a lot in our area, thank you",POSITIVE,4,Parks,Ward 41
The construction work was neat and professional,POSITIVE,4,Parks,Ward 4
Water pipeline replacement work in progress,NEUTRAL,3,Transport,Ward 32
"Electricity outages have reduced significantly, great work",POSITIVE,4,Roads,Ward 7
"Bus route cancelled without notice, people suffering",NEGATIVE,1,Public Safety,Ward 5
"Footpath construction completed, senior citizens are happy",POSITIVE,4,Electricity,Ward 1
"Footpath construction completed, senior citizens are happy",POSITIVE,5,Education,Ward 28
"Complained 10 times about potholes, zero response",NEGATIVE,1,Transport,Ward 37
Water pipeline replacement work in progress,NEUTRAL,3,Sanitation,Ward 42
Project started but no updates for 6 months,NEGATIVE,1,Transport,Ward 26
Road marking work will start after monsoon,NEUTRAL,3,Roads,Ward 38
"Footpath occupied by vendors, pedestrians on road",NEGATIVE,1,Water,Ward 48
"No water supply for the past 5 days, very frustrated",NEGATIVE,1,Transport,Ward 10
"Contractor used substandard materials, work failing",NEGATIVE,1,Healthcare,Ward 8
Solar street lights are a wonderful initiative,POSITIVE,4,Sanitation,Ward 32
New traffic signals have reduced accidents in our area,POSITIVE,4,Transport,Ward 1
Road repair work is ongoing in our sector,NEUTRAL,3,Education,Ward 4
"Water tank cleaning done thoroughly, water quality improved",POSITIVE,4,Healthcare,Ward 11
Great improvement in garbage collection frequency,POSITIVE,4,Healthcare,Ward 31
Traffic signal upgrade project is under review,NEUTRAL,3,Education,Ward 32
"Footpath occupied by vendors, pedestrians on road",NEGATIVE,1,Sanitation,Ward 19
"Government hospital has no medicines, pathetic service",NEGATIVE,2,Parks,Ward 24
Project started but no updates for 6 months,NEGATIVE,2,Sanitation,Ward 14
New hospital wing is a great addition to our area,POSITIVE,4,Sanitation,Ward 3
Road widening project completed ahead of schedule,POSITIVE,4,Education,Ward 26
"Construction work stopped midway, area looks terrible",NEGATIVE,1,Public Safety,Ward 28
Power outage scheduled for maintenance work,NEUTRAL,3,Roads,Ward 30
Bridge inspection scheduled for next week,NEUTRAL,3,Parks,Ward 17
Water supply will be interrupted tomorrow for maintenance,NEUTRAL,3,Parks,Ward 7
Street light maintenance scheduled for this weekend,NEUTRAL,3,Roads,Ward 39
Project completion date extended by two months,NEUTRAL,3,Healthcare,Ward 16
Road repair work is ongoing in our sector,NEUTRAL,3,Parks,Ward 8
Garbage collection timings have been changed to morning,NEUTRAL,3,Transport,Ward 46
Hospital renovation work started last month,NEUTRAL,3,Sanitation,Ward 44
"Water supply has improved a lot in our area, thank you",POSITIVE,5,Sanitation,Ward 9
New contractor assigned for road repair work,NEUTRAL,3,Parks,Ward 14
Traffic signal upgrade project is under review,NEUTRAL,3,Roads,Ward 11
Road repair work is ongoing in our sector,NEUTRAL,3,Public Safety,Ward 40
Drainage cleaning drive happening next week,NEUTRAL,3,Education,Ward 9
Work order issued for pothole repair,NEUTRAL,3,Education,Ward 38
Water tanker supply continues until pipeline fixed,NEUTRAL,3,Water,Ward 10
"No street lights on dark lane, women feel unsafe",NEGATIVE,1,Construction,Ward 39
Road widening project completed ahead of schedule,POSITIVE,5,Transport,Ward 35
Public toilet construction tender has been floated,NEUTRAL,3,Roads,Ward 26
Garbage collection timings have been changed to morning,NEUTRAL,3,Construction,Ward 21
Authorities not responding to any complaints,NEGATIVE,2,Transport,Ward 12
"Complaint registered, under review by department",NEUTRAL,3,Sanitation,Ward 48
"Park renovation looks beautiful, children love it",POSITIVE,4,Transport,Ward 36
New bus route announcement expected soon,NEUTRAL,3,Construction,Ward 25
"Public toilet in horrible condition, very unhygienic",NEGATIVE,1,Water,Ward 12
"No street lights on dark lane, women feel unsafe",NEGATIVE,2,Public Safety,Ward 38
New hospital wing is a great addition to our area,POSITIVE,4,Construction,Ward 45
Electricity cut for 3 days without any information,NEGATIVE,1,Public Safety,Ward 13
Drainage cleaning drive happening next week,NEUTRAL,3,Healthcare,Ward 42
Water supply will be interrupted tomorrow for maintenance,NEUTRAL,3,Transport,Ward 36
New traffic signals have reduced accidents in our area,POSITIVE,5,Roads,Ward 1
New hospital wing is a great addition to our area,POSITIVE,4,Public Safety,Ward 2
New hospital wing is a great addition to our area,POSITIVE,4,Construction,Ward 25
Solar street lights are a wonderful initiative,POSITIVE,4,Water,Ward 45
"Water tank cleaning done thoroughly, water quality improved",POSITIVE,5,Electricity,Ward 24
Project started but no updates for 6 months,NEGATIVE,2,Transport,Ward 35
"The road repair was completed on time, very happy with the work",POSITIVE,5,Sanitation,Ward 16
The construction work was neat and professional,POSITIVE,4,Healthcare,Ward 16
Electricity department working on transformer upgrade,NEUTRAL,3,Sanitation,Ward 20
New contractor assigned for road repair work,NEUTRAL,3,Electricity,Ward 29
New school building construction is progressing well,POSITIVE,4,Healthcare,Ward 32
"Park renovation looks beautiful, children love it",POSITIVE,5,Electricity,Ward 18
"Water supply erratic, pressure very low",NEGATIVE,1,Construction,Ward 32
"Bus route cancelled without notice, people suffering",NEGATIVE,2,Parks,Ward 23
"Footpath occupied by vendors, pedestrians on road",NEGATIVE,2,Roads,Ward 42
"The government responded quickly to our complaint, well done",POSITIVE,4,Roads,Ward 25
Road repair work is ongoing in our sector,NEUTRAL,3,Public Safety,Ward 42
"Traffic signals not working, accidents happening daily",NEGATIVE,2,Electricity,Ward 41
New project for park development announced for our ward,NEUTRAL,3,Healthcare,Ward 25
Road marking work will start after monsoon,NEUTRAL,3,Healthcare,Ward 44
"Water quality has improved, no more complaints from residents",POSITIVE,5,Parks,Ward 8
The sanitation team is doing a commendable job,POSITIVE,5,Sanitation,Ward 15
"Water supply has improved a lot in our area, thank you",POSITIVE,4,Electricity,Ward 46
"Park facilities broken, children getting hurt",NEGATIVE,1,Public Safety,Ward 15
Road dug up for pipeline but not restored for months,NEGATIVE,1,Education,Ward 27
Work order issued for pothole repair,NEUTRAL,3,Sanitation,Ward 21
Project completion date extended by two months,NEUTRAL,3,Parks,Ward 44
"Construction work stopped midway, area looks terrible",NEGATIVE,2,Electricity,Ward 49
New traffic signals have reduced accidents in our area,POSITIVE,4,Sanitation,Ward 20
Happy with the prompt response from civic authorities,POSITIVE,5,Parks,Ward 21
Electricity department working on transformer upgrade,NEUTRAL,3,Sanitation,Ward 24
Project completion date extended by two months,NEUTRAL,3,Electricity,Ward 34
"Street lights are working perfectly now, feel safe at night",POSITIVE,4,Construction,Ward 34
"Drainage work done excellently, no more waterlogging",POSITIVE,4,Education,Ward 29
Road widening project expected to complete next month,NEUTRAL,3,Electricity,Ward 42
Committee formed to review delayed projects,NEUTRAL,3,Education,Ward 21
Project started but no updates for 6 months,NEGATIVE,1,Water,Ward 42
"Street lights broken since 2 months, no action taken",NEGATIVE,2,Water,Ward 1
"Water quality has improved, no more complaints from residents",POSITIVE,4,Sanitation,Ward 17
"Park facilities broken, children getting hurt",NEGATIVE,1,Education,Ward 32
Garbage collection timings have been changed to morning,NEUTRAL,3,Parks,Ward 27
Hospital renovation work started last month,NEUTRAL,3,Roads,Ward 23
Construction of new school building underway,NEUTRAL,3,Parks,Ward 41
Water pipeline replacement work in progress,NEUTRAL,3,Roads,Ward 7
Authorities not responding to any complaints,NEGATIVE,1,Healthcare,Ward 23
New hospital wing is a great addition to our area,POSITIVE,4,Transport,Ward 6
Survey completed for new drainage line,NEUTRAL,3,Electricity,Ward 17
Electricity cut for 3 days without any information,NEGATIVE,2,Electricity,Ward 28
New hospital wing is a great addition to our area,POSITIVE,5,Public Safety,Ward 45
"Park facilities broken, children getting hurt",NEGATIVE,1,Sanitation,Ward 19
Drainage cleaning drive happening next week,NEUTRAL,3,Water,Ward 27
Pothole on main road not fixed even after 3 complaints,NEGATIVE,2,Water,Ward 34
The sanitation team is doing a commendable job,POSITIVE,4,Sanitation,Ward 40
Traffic signal upgrade project is under review,NEUTRAL,3,Construction,Ward 14
Drainage cleaning drive happening next week,NEUTRAL,3,Water,Ward 5
Electricity department working on transformer upgrade,NEUTRAL,3,Parks,Ward 32
"Drainage work done excellently, no more waterlogging",POSITIVE,4,Parks,Ward 32
"No water supply for the past 5 days, very frustrated",NEGATIVE,2,Water,Ward 46
"Complained 10 times about potholes, zero response",NEGATIVE,2,Construction,Ward 15
Water pipeline replacement work in progress,NEUTRAL,3,Water,Ward 8
New traffic signals have reduced accidents in our area,POSITIVE,5,Roads,Ward 44
Solar street lights are a wonderful initiative,POSITIVE,5,Water,Ward 38
Water pipeline replacement work in progress,NEUTRAL,3,Sanitation,Ward 31
"Water supply has improved a lot in our area, thank you",POSITIVE,5,Parks,Ward 12
Project started but no updates for 6 months,NEGATIVE,1,Electricity,Ward 25
"Public toilet in horrible condition, very unhygienic",NEGATIVE,2,Transport,Ward 31
"Water pipe burst causing damage, no immediate action",NEGATIVE,2,Sanitation,Ward 28
New project for park development announced for our ward,NEUTRAL,3,Electricity,Ward 16
Happy with the prompt response from civic authorities,POSITIVE,4,Parks,Ward 31
Work order issued for pothole repair,NEUTRAL,3,Public Safety,Ward 45
"Bus frequency has increased, commuting is easier",POSITIVE,5,Public Safety,Ward 1
Electricity department working on transformer upgrade,NEUTRAL,3,Healthcare,Ward 10
"Road repair done poorly, breaking again within weeks",NEGATIVE,1,Education,Ward 29
New contractor assigned for road repair work,NEUTRAL,3,Roads,Ward 18
The contractor did excellent work on the drainage project,POSITIVE,5,Water,Ward 22
"Public toilet in horrible condition, very unhygienic",NEGATIVE,2,Water,Ward 47
Road widening project expected to complete next month,NEUTRAL,3,Transport,Ward 1
Street light maintenance scheduled for this weekend,NEUTRAL,3,Sanitation,Ward 1
Work order issued for pothole repair,NEUTRAL,3,Healthcare,Ward 8
"Bus route cancelled without notice, people suffering",NEGATIVE,1,Parks,Ward 50
"Bus frequency has increased, commuting is easier",POSITIVE,4,Parks,Ward 25
Water tanker supply continues until pipeline fixed,NEUTRAL,3,Education,Ward 30
"Bridge cracks visible, no action from authorities",NEGATIVE,1,Public Safety,Ward 4
Public toilet construction tender has been floated,NEUTRAL,3,Education,Ward 12
"Water supply has improved a lot in our area, thank you",POSITIVE,4,Electricity,Ward 13
Construction of new school building underway,NEUTRAL,3,Roads,Ward 24
Road dug up for pipeline but not restored for months,NEGATIVE,1,Electricity,Ward 6
Garbage collection timings have been changed to morning,NEUTRAL,3,Education,Ward 20
"Water supply erratic, pressure very low",NEGATIVE,1,Public Safety,Ward 39
"Water quality has improved, no more complaints from residents",POSITIVE,4,Roads,Ward 45
"No street lights on dark lane, women feel unsafe",NEGATIVE,2,Electricity,Ward 45
Construction of new school building underway,NEUTRAL,3,Construction,Ward 49
"Public toilet in horrible condition, very unhygienic",NEGATIVE,1,Water,Ward 49
The bridge repair was done with high quality materials,POSITIVE,5,Roads,Ward 49
New traffic signals have reduced accidents in our area,POSITIVE,5,Healthcare,Ward 43
Road marking work will start after monsoon,NEUTRAL,3,Transport,Ward 23
"Street lights broken since 2 months, no action taken",NEGATIVE,2,Sanitation,Ward 41
Traffic signal upgrade project is under review,NEUTRAL,3,Roads,Ward 19
"No water supply for the past 5 days, very frustrated",NEGATIVE,1,Transport,Ward 15
"No street lights on dark lane, women feel unsafe",NEGATIVE,1,Water,Ward 29
"No water supply for the past 5 days, very frustrated",NEGATIVE,2,Public Safety,Ward 3
"Street lights are working perfectly now, feel safe at night",POSITIVE,4,Electricity,Ward 11
"Construction noise at midnight, residents suffering",NEGATIVE,2,Transport,Ward 17
"Bus frequency has increased, commuting is easier",POSITIVE,5,Healthcare,Ward 31
"Quick action taken on our pothole complaint, impressed",POSITIVE,4,Public Safety,Ward 14
"Garbage not collected for a week, health hazard",NEGATIVE,1,Parks,Ward 42
Water tanker supply continues until pipeline fixed,NEUTRAL,3,Water,Ward 34
Water supply will be interrupted tomorrow for maintenance,NEUTRAL,3,Parks,Ward 26
Road dug up for pipeline but not restored for months,NEGATIVE,1,Roads,Ward 38
Road marking work will start after monsoon,NEUTRAL,3,Transport,Ward 21
"Drainage overflowing, sewage on streets, disgusting",NEGATIVE,2,Public Safety,Ward 22
Traffic signal upgrade project is under review,NEUTRAL,3,Roads,Ward 15
Survey completed for new drainage line,NEUTRAL,3,Parks,Ward 44
"Traffic signals not working, accidents happening daily",NEGATIVE,2,Construction,Ward 15
Project completion date extended by two months,NEUTRAL,3,Water,Ward 30
"No street lights on dark lane, women feel unsafe",NEGATIVE,1,Parks,Ward 42
Road widening project completed ahead of schedule,POSITIVE,5,Roads,Ward 37
"Footpath occupied by vendors, pedestrians on road",NEGATIVE,2,Public Safety,Ward 44
Work order issued for pothole repair,NEUTRAL,3,Construction,Ward 5
Drainage cleaning drive happening next week,NEUTRAL,3,Roads,Ward 26
"Water supply erratic, pressure very low",NEGATIVE,2,Parks,Ward 46
Garbage collection timings have been changed to morning,NEUTRAL,3,Roads,Ward 35
Drainage cleaning drive happening next week,NEUTRAL,3,Transport,Ward 45
Survey completed for new drainage line,NEUTRAL,3,Water,Ward 21
New traffic signals have reduced accidents in our area,POSITIVE,5,Transport,Ward 2
"Water pipe burst causing damage, no immediate action",NEGATIVE,2,Healthcare,Ward 11
"Park facilities broken, children getting hurt",NEGATIVE,1,Water,Ward 2
"The road repair was completed on time, very happy with the work",POSITIVE,4,Healthcare,Ward 4
"Traffic signals not working, accidents happening daily",NEGATIVE,1,Roads,Ward 31
New project for park development announced for our ward,NEUTRAL,3,Water,Ward 28
"Drainage work done excellently, no more waterlogging",POSITIVE,5,Education,Ward 6
New bus route announcement expected soon,NEUTRAL,3,Construction,Ward 3
"Sewage line blocked for months, unbearable smell",NEGATIVE,2,Transport,Ward 36
"The road repair was completed on time, very happy with the work",POSITIVE,5,Electricity,Ward 9
"Park facilities broken, children getting hurt",NEGATIVE,1,Electricity,Ward 48
Construction of new school building underway,NEUTRAL,3,Transport,Ward 11
"Drainage work done excellently, no more waterlogging",POSITIVE,4,Parks,Ward 29
Environmental clearance received for park project,NEUTRAL,3,Healthcare,Ward 13
Project completion date extended by two months,NEUTRAL,3,Construction,Ward 23
"Sewage line blocked for months, unbearable smell",NEGATIVE,1,Water,Ward 49
"Water tank cleaning done thoroughly, water quality improved",POSITIVE,4,Transport,Ward 38
"Drainage work done excellently, no more waterlogging",POSITIVE,5,Construction,Ward 48
"Contractor used substandard materials, work failing",NEGATIVE,2,Roads,Ward 36
"Water supply erratic, pressure very low",NEGATIVE,2,Roads,Ward 26
"Contractor used substandard materials, work failing",NEGATIVE,2,Parks,Ward 38
"No water supply for the past 5 days, very frustrated",NEGATIVE,1,Education,Ward 30
"Park renovation looks beautiful, children love it",POSITIVE,4,Transport,Ward 35
Public toilet construction tender has been floated,NEUTRAL,3,Electricity,Ward 23
"Water tank cleaning done thoroughly, water quality improved",POSITIVE,4,Public Safety,Ward 6
"Sewage line blocked for months, unbearable smell",NEGATIVE,1,Electricity,Ward 13
"Sewage line blocked for months, unbearable smell",NEGATIVE,1,Transport,Ward 23
"Road marking done properly, reduces accidents at night",POSITIVE,5,Sanitation,Ward 18
"Road repair done poorly, breaking again within weeks",NEGATIVE,2,Healthcare,Ward 45
Project started but no updates for 6 months,NEGATIVE,1,Healthcare,Ward 32
Garbage collection timings have been changed to morning,NEUTRAL,3,Education,Ward 37
"Park renovation looks beautiful, children love it",POSITIVE,4,Electricity,Ward 28
"Road repair done poorly, breaking again within weeks",NEGATIVE,1,Parks,Ward 44
Road widening project expected to complete next month,NEUTRAL,3,Transport,Ward 44
Traffic signal upgrade project is under review,NEUTRAL,3,Construction,Ward 7
New project for park development announced for our ward,NEUTRAL,3,Electricity,Ward 24
"The government responded quickly to our complaint, well done",POSITIVE,4,Sanitation,Ward 13
"Sewage line blocked for months, unbearable smell",NEGATIVE,2,Water,Ward 10
"Garbage not collected for a week, health hazard",NEGATIVE,2,Sanitation,Ward 7
"Sewage line blocked for months, unbearable smell",NEGATIVE,1,Water,Ward 37
Street light maintenance scheduled for this weekend,NEUTRAL,3,Public Safety,Ward 7
The sanitation team is doing a commendable job,POSITIVE,4,Roads,Ward 43
Traffic signal upgrade project is under review,NEUTRAL,3,Roads,Ward 1
"Road marking done properly, reduces accidents at night",POSITIVE,5,Construction,Ward 8
Street light maintenance scheduled for this weekend,NEUTRAL,3,Public Safety,Ward 42
Pothole on main road not fixed even after 3 complaints,NEGATIVE,2,Sanitation,Ward 22
"Water pipe burst causing damage, no immediate action",NEGATIVE,2,Electricity,Ward 42
Committee formed to review delayed projects,NEUTRAL,3,Sanitation,Ward 31
"Sewage line blocked for months, unbearable smell",NEGATIVE,1,Sanitation,Ward 25
Road widening project expected to complete next month,NEUTRAL,3,Electricity,Ward 15
"No water supply for the past 5 days, very frustrated",NEGATIVE,2,Construction,Ward 2
Construction of new school building underway,NEUTRAL,3,Education,Ward 48
Environmental clearance received for park project,NEUTRAL,3,Healthcare,Ward 42
"Public toilet in horrible condition, very unhygienic",NEGATIVE,2,Roads,Ward 47
New traffic signals have reduced accidents in our area,POSITIVE,5,Healthcare,Ward 24
Environmental clearance received for park project,NEUTRAL,3,Water,Ward 26
Work order issued for pothole repair,NEUTRAL,3,Education,Ward 43
Public toilets are now clean and well maintained,POSITIVE,5,Construction,Ward 10
"Footpath occupied by vendors, pedestrians on road",NEGATIVE,1,Sanitation,Ward 5
Committee formed to review delayed projects,NEUTRAL,3,Construction,Ward 28
"Water quality has improved, no more complaints from residents",POSITIVE,4,Sanitation,Ward 46
"Road repair done poorly, breaking again within weeks",NEGATIVE,1,Education,Ward 50
"Contractor used substandard materials, work failing",NEGATIVE,1,Transport,Ward 46
"Quick action taken on our pothole complaint, impressed",POSITIVE,5,Sanitation,Ward 28
The bridge repair was done with high quality materials,POSITIVE,5,Construction,Ward 41
Power outage scheduled for maintenance work,NEUTRAL,3,Roads,Ward 6
"Public toilet in horrible condition, very unhygienic",NEGATIVE,1,Education,Ward 11
"Complaint registered, under review by department",NEUTRAL,3,Parks,Ward 14
"Street lights are working perfectly now, feel safe at night",POSITIVE,4,Water,Ward 30
"Construction noise at midnight, residents suffering",NEGATIVE,2,Transport,Ward 16
"Drainage work done excellently, no more waterlogging",POSITIVE,4,Public Safety,Ward 6
Water supply will be interrupted tomorrow for maintenance,NEUTRAL,3,Transport,Ward 25
"Street lights broken since 2 months, no action taken",NEGATIVE,2,Transport,Ward 2
Water tanker supply continues until pipeline fixed,NEUTRAL,3,Construction,Ward 44
"Footpath construction completed, senior citizens are happy",POSITIVE,5,Parks,Ward 49
"Construction work stopped midway, area looks terrible",NEGATIVE,2,Healthcare,Ward 1
"Complaint registered, under review by department",NEUTRAL,3,Healthcare,Ward 4
Survey completed for new drainage line,NEUTRAL,3,Parks,Ward 23
"Complained 10 times about potholes, zero response",NEGATIVE,2,Sanitation,Ward 48
Garbage collection timings have been changed to morning,NEUTRAL,3,Sanitation,Ward 4
Project completion date extended by two months,NEUTRAL,3,Electricity,Ward 16
Electricity department working on transformer upgrade,NEUTRAL,3,Roads,Ward 9
New hospital wing is a great addition to our area,POSITIVE,4,Public Safety,Ward 24
Solar street lights are a wonderful initiative,POSITIVE,5,Transport,Ward 2
Electricity department working on transformer upgrade,NEUTRAL,3,Water,Ward 3
"Quick action taken on our pothole complaint, impressed",POSITIVE,4,Healthcare,Ward 8
Traffic signal upgrade project is under review,NEUTRAL,3,Healthcare,Ward 8
"Road marking done properly, reduces accidents at night",POSITIVE,4,Healthcare,Ward 50
Road dug up for pipeline but not restored for months,NEGATIVE,1,Construction,Ward 38
Project started but no updates for 6 months,NEGATIVE,2,Construction,Ward 16
The bridge repair was done with high quality materials,POSITIVE,4,Parks,Ward 20
"Garbage not collected for a week, health hazard",NEGATIVE,2,Electricity,Ward 20
Power outage scheduled for maintenance work,NEUTRAL,3,Construction,Ward 7
Solar street lights are a wonderful initiative,POSITIVE,5,Public Safety,Ward 22
"Construction work stopped midway, area looks terrible",NEGATIVE,1,Water,Ward 20
Road dug up for pipeline but not restored for months,NEGATIVE,1,Electricity,Ward 21
"Bus frequency has increased, commuting is easier",POSITIVE,4,Education,Ward 42
Construction of new school building underway,NEUTRAL,3,Roads,Ward 47
"Road repair done poorly, breaking again within weeks",NEGATIVE,2,Public Safety,Ward 18
"Complained 10 times about potholes, zero response",NEGATIVE,2,Electricity,Ward 6
"Bridge cracks visible, no action from authorities",NEGATIVE,2,Public Safety,Ward 33
The sanitation team is doing a commendable job,POSITIVE,5,Roads,Ward 19
"Road marking done properly, reduces accidents at night",POSITIVE,5,Public Safety,Ward 33
"Garbage not collected for a week, health hazard",NEGATIVE,2,Construction,Ward 29
The construction work was neat and professional,POSITIVE,5,Transport,Ward 32
"Park renovation looks beautiful, children love it",POSITIVE,4,Education,Ward 7
Happy with the prompt response from civic authorities,POSITIVE,4,Construction,Ward 42
Power outage scheduled for maintenance work,NEUTRAL,3,Water,Ward 13
Environmental clearance received for park project,NEUTRAL,3,Public Safety,Ward 40
Water tanker supply continues until pipeline fixed,NEUTRAL,3,Healthcare,Ward 37
"Water tank cleaning done thoroughly, water quality improved",POSITIVE,5,Public Safety,Ward 29
"Drainage work done excellently, no more waterlogging",POSITIVE,5,Public Safety,Ward 30
Road widening project completed ahead of schedule,POSITIVE,4,Construction,Ward 19
Water tanker supply continues until pipeline fixed,NEUTRAL,3,Transport,Ward 37
Hospital renovation work started last month,NEUTRAL,3,Education,Ward 4
"Water supply has improved a lot in our area, thank you",POSITIVE,5,Parks,Ward 18
"Water quality has improved, no more complaints from residents",POSITIVE,4,Roads,Ward 31
"Park facilities broken, children getting hurt",NEGATIVE,2,Transport,Ward 9
Road dug up for pipeline but not restored for months,NEGATIVE,1,Transport,Ward 7
"Sewage line blocked for months, unbearable smell",NEGATIVE,2,Public Safety,Ward 50
"Construction work stopped midway, area looks terrible",NEGATIVE,2,Water,Ward 29
Authorities not responding to any complaints,NEGATIVE,1,Roads,Ward 31
"Road repair done poorly, breaking again within weeks",NEGATIVE,2,Construction,Ward 1
"Government hospital has no medicines, pathetic service",NEGATIVE,1,Electricity,Ward 12
"No water supply for the past 5 days, very frustrated",NEGATIVE,2,Parks,Ward 2
Electricity department working on transformer upgrade,NEUTRAL,3,Water,Ward 23
Electricity department working on transformer upgrade,NEUTRAL,3,Electricity,Ward 12
"Electricity outages have reduced significantly, great work",POSITIVE,5,Construction,Ward 4
Water pipeline replacement work in progress,NEUTRAL,3,Education,Ward 20
"No street lights on dark lane, women feel unsafe",NEGATIVE,1,Construction,Ward 15
New bus route announcement expected soon,NEUTRAL,3,Parks,Ward 11
"Garbage not collected for a week, health hazard",NEGATIVE,1,Healthcare,Ward 19
Environmental clearance received for park project,NEUTRAL,3,Transport,Ward 32
Public toilets are now clean and well maintained,POSITIVE,4,Sanitation,Ward 9
New project for park development announced for our ward,NEUTRAL,3,Water,Ward 24
"Bus frequency has increased, commuting is easier",POSITIVE,5,Healthcare,Ward 13
The contractor did excellent work on the drainage project,POSITIVE,4,Construction,Ward 7
Hospital renovation work started last month,NEUTRAL,3,Education,Ward 35
"Water quality has improved, no more complaints from residents",POSITIVE,5,Electricity,Ward 27
"Drainage overflowing, sewage on streets, disgusting",NEGATIVE,1,Electricity,Ward 13
Solar street lights are a wonderful initiative,POSITIVE,5,Healthcare,Ward 49
"No water supply for the past 5 days, very frustrated",NEGATIVE,1,Roads,Ward 47
"Construction work stopped midway, area looks terrible",NEGATIVE,2,Roads,Ward 7
Road widening project completed ahead of schedule,POSITIVE,4,Public Safety,Ward 35
"Construction noise at midnight, residents suffering",NEGATIVE,1,Construction,Ward 12
"Water supply has improved a lot in our area, thank you",POSITIVE,5,Transport,Ward 30
"Park renovation looks beautiful, children love it",POSITIVE,4,Water,Ward 20
"Complaint registered, under review by department",NEUTRAL,3,Electricity,Ward 6
"Construction work stopped midway, area looks terrible",NEGATIVE,1,Public Safety,Ward 26
New project for park development announced for our ward,NEUTRAL,3,Electricity,Ward 50
Road dug up for pipeline but not restored for months,NEGATIVE,1,Education,Ward 3
"Bus frequency has increased, commuting is easier",POSITIVE,4,Public Safety,Ward 38
"Water quality has improved, no more complaints from residents",POSITIVE,5,Electricity,Ward 24
Water pipeline replacement work in progress,NEUTRAL,3,Water,Ward 23
"Electricity outages have reduced significantly, great work",POSITIVE,5,Healthcare,Ward 26
"Water quality has improved, no more complaints from residents",POSITIVE,4,Sanitation,Ward 15
Pothole on main road not fixed even after 3 complaints,NEGATIVE,1,Sanitation,Ward 8
"Construction noise at midnight, residents suffering",NEGATIVE,2,Electricity,Ward 33
"No street lights on dark lane, women feel unsafe",NEGATIVE,2,Sanitation,Ward 37
Project started but no updates for 6 months,NEGATIVE,2,Electricity,Ward 19
"Complaint registered, under review by department",NEUTRAL,3,Sanitation,Ward 43
Hospital renovation work started last month,NEUTRAL,3,Public Safety,Ward 18
"Water pipe burst causing damage, no immediate action",NEGATIVE,2,Transport,Ward 32
"Sewage line blocked for months, unbearable smell",NEGATIVE,1,Roads,Ward 11
Garbage collection timings have been changed to morning,NEUTRAL,3,Transport,Ward 27
"Bridge cracks visible, no action from authorities",NEGATIVE,1,Public Safety,Ward 21
"Sewage line blocked for months, unbearable smell",NEGATIVE,1,Education,Ward 24
Road widening project expected to complete next month,NEUTRAL,3,Construction,Ward 29
"Park renovation looks beautiful, children love it",POSITIVE,4,Sanitation,Ward 4
"Water supply erratic, pressure very low",NEGATIVE,1,Public Safety,Ward 9
Road widening project completed ahead of schedule,POSITIVE,4,Transport,Ward 49
Project completion date extended by two months,NEUTRAL,3,Education,Ward 41
"Park facilities broken, children getting hurt",NEGATIVE,1,Construction,Ward 38
"Construction work stopped midway, area looks terrible",NEGATIVE,2,Healthcare,Ward 17
"Electricity outages have reduced significantly, great work",POSITIVE,5,Education,Ward 9
"Bus route cancelled without notice, people suffering",NEGATIVE,1,Roads,Ward 14
"Government hospital has no medicines, pathetic service",NEGATIVE,1,Roads,Ward 28
"Drainage overflowing, sewage on streets, disgusting",NEGATIVE,2,Electricity,Ward 12
Garbage collection timings have been changed to morning,NEUTRAL,3,Sanitation,Ward 18
Road marking work will start after monsoon,NEUTRAL,3,Construction,Ward 44
Authorities not responding to any complaints,NEGATIVE,2,Transport,Ward 6
New traffic signals have reduced accidents in our area,POSITIVE,4,Public Safety,Ward 49
Solar street lights are a wonderful initiative,POSITIVE,5,Education,Ward 33
"No street lights on dark lane, women feel unsafe",NEGATIVE,1,Water,Ward 3
Water tanker supply continues until pipeline fixed,NEUTRAL,3,Transport,Ward 44
Project completion date extended by two months,NEUTRAL,3,Roads,Ward 45
Happy with the prompt response from civic authorities,POSITIVE,5,Parks,Ward 48
Electricity department working on transformer upgrade,NEUTRAL,3,Public Safety,Ward 27
Water supply will be interrupted tomorrow for maintenance,NEUTRAL,3,Public Safety,Ward 24
"Water supply erratic, pressure very low",NEGATIVE,2,Transport,Ward 49
"Street lights are working perfectly now, feel safe at night",POSITIVE,4,Public Safety,Ward 9
Project started but no updates for 6 months,NEGATIVE,1,Parks,Ward 26
"Public toilet in horrible condition, very unhygienic",NEGATIVE,1,Sanitation,Ward 37
Happy with the prompt response from civic authorities,POSITIVE,5,Electricity,Ward 17
"Contractor used substandard materials, work failing",NEGATIVE,1,Parks,Ward 34
"Park renovation looks beautiful, children love it",POSITIVE,4,Electricity,Ward 29
Street light maintenance scheduled for this weekend,NEUTRAL,3,Healthcare,Ward 11
"Water tank cleaning done thoroughly, water quality improved",POSITIVE,4,Parks,Ward 36
Public toilets are now clean and well maintained,POSITIVE,5,Healthcare,Ward 45
"Street lights are working perfectly now, feel safe at night",POSITIVE,5,Education,Ward 6
"Footpath occupied by vendors, pedestrians on road",NEGATIVE,1,Parks,Ward 34
"Garbage not collected for a week, health hazard",NEGATIVE,2,Electricity,Ward 11
"Water supply erratic, pressure very low",NEGATIVE,2,Public Safety,Ward 42
"The road repair was completed on time, very happy with the work",POSITIVE,5,Construction,Ward 15
"Water pipe burst causing damage, no immediate action",NEGATIVE,1,Roads,Ward 11
"No street lights on dark lane, women feel unsafe",NEGATIVE,2,Education,Ward 29
"Water supply has improved a lot in our area, thank you",POSITIVE,5,Education,Ward 45
"Water supply erratic, pressure very low",NEGATIVE,2,Education,Ward 41
New contractor assigned for road repair work,NEUTRAL,3,Healthcare,Ward 16
The contractor did excellent work on the drainage project,POSITIVE,4,Parks,Ward 16
"Water tank cleaning done thoroughly, water quality improved",POSITIVE,5,Parks,Ward 22
"Drainage overflowing, sewage on streets, disgusting",NEGATIVE,2,Transport,Ward 11
Street light maintenance scheduled for this weekend,NEUTRAL,3,Water,Ward 2
"Park facilities broken, children getting hurt",NEGATIVE,2,Construction,Ward 42
Water pipeline replacement work in progress,NEUTRAL,3,Healthcare,Ward 44
Public toilets are now clean and well maintained,POSITIVE,5,Education,Ward 30
Project completion date extended by two months,NEUTRAL,3,Public Safety,Ward 12
Authorities not responding to any complaints,NEGATIVE,1,Construction,Ward 39
"Road marking done properly, reduces accidents at night",POSITIVE,5,Transport,Ward 28
New contractor assigned for road repair work,NEUTRAL,3,Sanitation,Ward 46
"Park renovation looks beautiful, children love it",POSITIVE,5,Water,Ward 15
"Footpath occupied by vendors, pedestrians on road",NEGATIVE,2,Sanitation,Ward 2
"Water supply erratic, pressure very low",NEGATIVE,2,Public Safety,Ward 19
Traffic signal upgrade project is under review,NEUTRAL,3,Construction,Ward 12
"Electricity outages have reduced significantly, great work",POSITIVE,4,Roads,Ward 17
"Footpath occupied by vendors, pedestrians on road",NEGATIVE,2,Construction,Ward 38
Street light maintenance scheduled for this weekend,NEUTRAL,3,Public Safety,Ward 8
New hospital wing is a great addition to our area,POSITIVE,4,Parks,Ward 45
"Traffic signals not working, accidents happening daily",NEGATIVE,2,Parks,Ward 1
Road dug up for pipeline but not restored for months,NEGATIVE,2,Public Safety,Ward 19
"Construction noise at midnight, residents suffering",NEGATIVE,2,Electricity,Ward 50
"No street lights on dark lane, women feel unsafe",NEGATIVE,1,Transport,Ward 23
Project started but no updates for 6 months,NEGATIVE,1,Construction,Ward 37
New contractor assigned for road repair work,NEUTRAL,3,Water,Ward 1
Electricity cut for 3 days without any information,NEGATIVE,2,Sanitation,Ward 46
Electricity department working on transformer upgrade,NEUTRAL,3,Construction,Ward 45
"Street lights broken since 2 months, no action taken",NEGATIVE,2,Education,Ward 16
Environmental clearance received for park project,NEUTRAL,3,Public Safety,Ward 30
"Street lights are working perfectly now, feel safe at night",POSITIVE,4,Healthcare,Ward 2
"Complained 10 times about potholes, zero response",NEGATIVE,2,Roads,Ward 12
"Water supply has improved a lot in our area, thank you",POSITIVE,5,Public Safety,Ward 34
Electricity department working on transformer upgrade,NEUTRAL,3,Transport,Ward 27
"No water supply for the past 5 days, very frustrated",NEGATIVE,1,Public Safety,Ward 50
"Street lights are working perfectly now, feel safe at night",POSITIVE,5,Public Safety,Ward 30
"Drainage overflowing, sewage on streets, disgusting",NEGATIVE,1,Healthcare,Ward 40
Electricity cut for 3 days without any information,NEGATIVE,1,Education,Ward 35
"Park renovation looks beautiful, children love it",POSITIVE,5,Electricity,Ward 5
Road dug up for pipeline but not restored for months,NEGATIVE,1,Construction,Ward 17
Traffic signal upgrade project is under review,NEUTRAL,3,Water,Ward 12
Road marking work will start after monsoon,NEUTRAL,3,Transport,Ward 42
New traffic signals have reduced accidents in our area,POSITIVE,4,Electricity,Ward 42
"Electricity outages have reduced significantly, great work",POSITIVE,5,Construction,Ward 26
Survey completed for new drainage line,NEUTRAL,3,Healthcare,Ward 15
Garbage collection timings have been changed to morning,NEUTRAL,3,Healthcare,Ward 25
Project started but no updates for 6 months,NEGATIVE,1,Public Safety,Ward 7
Committee formed to review delayed projects,NEUTRAL,3,Roads,Ward 2
New contractor assigned for road repair work,NEUTRAL,3,Education,Ward 47
Authorities not responding to any complaints,NEGATIVE,2,Water,Ward 6
Solar street lights are a wonderful initiative,POSITIVE,5,Roads,Ward 8
New project for park development announced for our ward,NEUTRAL,3,Public Safety,Ward 43
Bridge inspection scheduled for next week,NEUTRAL,3,Electricity,Ward 5
"Park renovation looks beautiful, children love it",POSITIVE,5,Water,Ward 50
Water supply will be interrupted tomorrow for maintenance,NEUTRAL,3,Roads,Ward 22
Environmental clearance received for park project,NEUTRAL,3,Roads,Ward 47
"Complaint registered, under review by department",NEUTRAL,3,Construction,Ward 42
"Park facilities broken, children getting hurt",NEGATIVE,2,Transport,Ward 3
"Contractor used substandard materials, work failing",NEGATIVE,2,Education,Ward 8
Happy with the prompt response from civic authorities,POSITIVE,5,Roads,Ward 15
Street light maintenance scheduled for this weekend,NEUTRAL,3,Parks,Ward 13
"Bridge cracks visible, no action from authorities",NEGATIVE,1,Electricity,Ward 26
New traffic signals have reduced accidents in our area,POSITIVE,5,Construction,Ward 45
Road dug up for pipeline but not restored for months,NEGATIVE,2,Roads,Ward 1
"The road repair was completed on time, very happy with the work",POSITIVE,4,Construction,Ward 10
"Water supply has improved a lot in our area, thank you",POSITIVE,4,Healthcare,Ward 32
Solar street lights are a wonderful initiative,POSITIVE,4,Education,Ward 39
Work order issued for pothole repair,NEUTRAL,3,Construction,Ward 13
"Bus route cancelled without notice, people suffering",NEGATIVE,1,Healthcare,Ward 42
"Complaint registered, under review by department",NEUTRAL,3,Transport,Ward 30
Project started but no updates for 6 months,NEGATIVE,2,Roads,Ward 47
"Water supply erratic, pressure very low",NEGATIVE,1,Water,Ward 16
Public toilet construction tender has been floated,NEUTRAL,3,Healthcare,Ward 10
New traffic signals have reduced accidents in our area,POSITIVE,4,Transport,Ward 12
Bridge inspection scheduled for next week,NEUTRAL,3,Public Safety,Ward 12
"Complaint registered, under review by department",NEUTRAL,3,Construction,Ward 13
Drainage cleaning drive happening next week,NEUTRAL,3,Parks,Ward 11
"Road repair done poorly, breaking again within weeks",NEGATIVE,2,Healthcare,Ward 1
Traffic signal upgrade project is under review,NEUTRAL,3,Parks,Ward 7
"Garbage not collected for a week, health hazard",NEGATIVE,1,Roads,Ward 1
Road marking work will start after monsoon,NEUTRAL,3,Electricity,Ward 10
Authorities not responding to any complaints,NEGATIVE,2,Electricity,Ward 50
The bridge repair was done with high quality materials,POSITIVE,5,Parks,Ward 12
Construction of new school building underway,NEUTRAL,3,Electricity,Ward 37
Solar street lights are a wonderful initiative,POSITIVE,4,Construction,Ward 28
New project for park development announced for our ward,NEUTRAL,3,Electricity,Ward 41
Authorities not responding to any complaints,NEGATIVE,2,Public Safety,Ward 36
"Complaint registered, under review by department",NEUTRAL,3,Public Safety,Ward 2
New contractor assigned for road repair work,NEUTRAL,3,Construction,Ward 7
"Bus frequency has increased, commuting is easier",POSITIVE,4,Public Safety,Ward 19
The sanitation team is doing a commendable job,POSITIVE,5,Parks,Ward 45
"Water quality has improved, no more complaints from residents",POSITIVE,5,Roads,Ward 14
Bridge inspection scheduled for next week,NEUTRAL,3,Sanitation,Ward 33
"Drainage overflowing, sewage on streets, disgusting",NEGATIVE,1,Education,Ward 3
Road marking work will start after monsoon,NEUTRAL,3,Electricity,Ward 33
"Bus frequency has increased, commuting is easier",POSITIVE,5,Parks,Ward 39
Solar street lights are a wonderful initiative,POSITIVE,5,Public Safety,Ward 32
New traffic signals have reduced accidents in our area,POSITIVE,4,Sanitation,Ward 14
New project for park development announced for our ward,NEUTRAL,3,Parks,Ward 50
Road widening project completed ahead of schedule,POSITIVE,5,Water,Ward 37
"Park facilities broken, children getting hurt",NEGATIVE,2,Construction,Ward 13
Project started but no updates for 6 months,NEGATIVE,1,Sanitation,Ward 21
"Drainage overflowing, sewage on streets, disgusting",NEGATIVE,1,Electricity,Ward 45
New traffic signals have reduced accidents in our area,POSITIVE,4,Electricity,Ward 45
Happy with the prompt response from civic authorities,POSITIVE,5,Transport,Ward 6
"Public toilet in horrible condition, very unhygienic",NEGATIVE,1,Construction,Ward 39
Water pipeline replacement work in progress,NEUTRAL,3,Public Safety,Ward 49
"Bus frequency has increased, commuting is easier",POSITIVE,4,Sanitation,Ward 9
"Road marking done properly, reduces accidents at night",POSITIVE,4,Healthcare,Ward 3
Happy with the prompt response from civic authorities,POSITIVE,5,Transport,Ward 33
Happy with the prompt response from civic authorities,POSITIVE,4,Parks,Ward 27
"Traffic signals not working, accidents happening daily",NEGATIVE,1,Construction,Ward 8
Drainage cleaning drive happening next week,NEUTRAL,3,Parks,Ward 21
"Sewage line blocked for months, unbearable smell",NEGATIVE,2,Public Safety,Ward 47
New contractor assigned for road repair work,NEUTRAL,3,Transport,Ward 11
"Footpath occupied by vendors, pedestrians on road",NEGATIVE,2,Parks,Ward 44
Road repair work is ongoing in our sector,NEUTRAL,3,Parks,Ward 8
"Drainage overflowing, sewage on streets, disgusting",NEGATIVE,2,Construction,Ward 7
Construction of new school building underway,NEUTRAL,3,Education,Ward 25
"The road repair was completed on time, very happy with the work",POSITIVE,4,Parks,Ward 9
Electricity department working on transformer upgrade,NEUTRAL,3,Parks,Ward 32
Road marking work will start after monsoon,NEUTRAL,3,Parks,Ward 19
Environmental clearance received for park project,NEUTRAL,3,Roads,Ward 13
Public toilets are now clean and well maintained,POSITIVE,4,Public Safety,Ward 31
Electricity department working on transformer upgrade,NEUTRAL,3,Sanitation,Ward 2
Water pipeline replacement work in progress,NEUTRAL,3,Electricity,Ward 22
Survey completed for new drainage line,NEUTRAL,3,Sanitation,Ward 46
"Government hospital has no medicines, pathetic service",NEGATIVE,2,Parks,Ward 37
Pothole on main road not fixed even after 3 complaints,NEGATIVE,1,Healthcare,Ward 20
New contractor assigned for road repair work,NEUTRAL,3,Education,Ward 47
Water tanker supply continues until pipeline fixed,NEUTRAL,3,Education,Ward 6
"Footpath construction completed, senior citizens are happy",POSITIVE,5,Sanitation,Ward 6
Public toilets are now clean and well maintained,POSITIVE,5,Water,Ward 26
"The road repair was completed on time, very happy with the work",POSITIVE,5,Construction,Ward 13
New project for park development announced for our ward,NEUTRAL,3,Water,Ward 41
"Water quality has improved, no more complaints from residents",POSITIVE,4,Transport,Ward 29
"Footpath construction completed, senior citizens are happy",POSITIVE,4,Parks,Ward 38
Street light maintenance scheduled for this weekend,NEUTRAL,3,Roads,Ward 20
"Park facilities broken, children getting hurt",NEGATIVE,1,Public Safety,Ward 17
Traffic signal upgrade project is under review,NEUTRAL,3,Education,Ward 25
Pothole on main road not fixed even after 3 complaints,NEGATIVE,1,Sanitation,Ward 34
New bus route announcement expected soon,NEUTRAL,3,Construction,Ward 28
"Water tank cleaning done thoroughly, water quality improved",POSITIVE,4,Sanitation,Ward 48
"Water supply erratic, pressure very low",NEGATIVE,1,Public Safety,Ward 18
Drainage cleaning drive happening next week,NEUTRAL,3,Electricity,Ward 34
Pothole on main road not fixed even after 3 complaints,NEGATIVE,2,Parks,Ward 44
Survey completed for new drainage line,NEUTRAL,3,Water,Ward 24
New hospital wing is a great addition to our area,POSITIVE,4,Healthcare,Ward 18
Great improvement in garbage collection frequency,POSITIVE,4,Water,Ward 30
The bridge repair was done with high quality materials,POSITIVE,5,Water,Ward 13
Authorities not responding to any complaints,NEGATIVE,1,Public Safety,Ward 40
"Street lights are working perfectly now, feel safe at night",POSITIVE,5,Transport,Ward 16
The bridge repair was done with high quality materials,POSITIVE,5,Healthcare,Ward 14
Great improvement in garbage collection frequency,POSITIVE,5,Construction,Ward 15
Pothole on main road not fixed even after 3 complaints,NEGATIVE,1,Water,Ward 37
Traffic signal upgrade project is under review,NEUTRAL,3,Construction,Ward 20
Work order issued for pothole repair,NEUTRAL,3,Healthcare,Ward 41
"Drainage work done excellently, no more waterlogging",POSITIVE,4,Construction,Ward 2
Project completion date extended by two months,NEUTRAL,3,Transport,Ward 12
"Water pipe burst causing damage, no immediate action",NEGATIVE,1,Water,Ward 25
"The road repair was completed on time, very happy with the work",POSITIVE,4,Education,Ward 15
"Construction noise at midnight, residents suffering",NEGATIVE,1,Electricity,Ward 4
Road repair work is ongoing in our sector,NEUTRAL,3,Transport,Ward 5
"Water pipe burst causing damage, no immediate action",NEGATIVE,2,Healthcare,Ward 10
New bus route announcement expected soon,NEUTRAL,3,Transport,Ward 7
Construction of new school building underway,NEUTRAL,3,Transport,Ward 5
Happy with the prompt response from civic authorities,POSITIVE,5,Public Safety,Ward 19
Bridge inspection scheduled for next week,NEUTRAL,3,Water,Ward 2
"No water supply for the past 5 days, very frustrated",NEGATIVE,2,Sanitation,Ward 45
Work order issued for pothole repair,NEUTRAL,3,Roads,Ward 36
Happy with the prompt response from civic authorities,POSITIVE,5,Roads,Ward 36
"Complained 10 times about potholes, zero response",NEGATIVE,2,Healthcare,Ward 44
Water tanker supply continues until pipeline fixed,NEUTRAL,3,Water,Ward 10
New project for park development announced for our ward,NEUTRAL,3,Parks,Ward 45
"Bus frequency has increased, commuting is easier",POSITIVE,5,Healthcare,Ward 38
Road marking work will start after monsoon,NEUTRAL,3,Roads,Ward 14
"Contractor used substandard materials, work failing",NEGATIVE,2,Transport,Ward 20
"The road repair was completed on time, very happy with the work",POSITIVE,4,Roads,Ward 42
Project completion date extended by two months,NEUTRAL,3,Sanitation,Ward 15
"Footpath occupied by vendors, pedestrians on road",NEGATIVE,2,Sanitation,Ward 16
"Complaint registered, under review by department",NEUTRAL,3,Sanitation,Ward 49
"Garbage not collected for a week, health hazard",NEGATIVE,1,Electricity,Ward 33
The construction work was neat and professional,POSITIVE,4,Electricity,Ward 1
"The road repair was completed on time, very happy with the work",POSITIVE,5,Electricity,Ward 7
New school building construction is progressing well,POSITIVE,5,Transport,Ward 15
"The government responded quickly to our complaint, well done",POSITIVE,4,Water,Ward 38
"Traffic signals not working, accidents happening daily",NEGATIVE,1,Roads,Ward 31
"Quick action taken on our pothole complaint, impressed",POSITIVE,4,Healthcare,Ward 13
"Water supply has improved a lot in our area, thank you",POSITIVE,4,Transport,Ward 34
Water tanker supply continues until pipeline fixed,NEUTRAL,3,Healthcare,Ward 13
"Bus route cancelled without notice, people suffering",NEGATIVE,2,Construction,Ward 20
Great improvement in garbage collection frequency,POSITIVE,4,Transport,Ward 37
"Construction work stopped midway, area looks terrible",NEGATIVE,2,Electricity,Ward 46
Road dug up for pipeline but not restored for months,NEGATIVE,2,Electricity,Ward 45
"Drainage overflowing, sewage on streets, disgusting",NEGATIVE,1,Construction,Ward 19
Survey completed for new drainage line,NEUTRAL,3,Public Safety,Ward 50
"Footpath occupied by vendors, pedestrians on road",NEGATIVE,1,Education,Ward 31
Committee formed to review delayed projects,NEUTRAL,3,Parks,Ward 4
Public toilet construction tender has been floated,NEUTRAL,3,Public Safety,Ward 30
"Construction work stopped midway, area looks terrible",NEGATIVE,1,Sanitation,Ward 11
New hospital wing is a great addition to our area,POSITIVE,4,Construction,Ward 7
"Contractor used substandard materials, work failing",NEGATIVE,1,Parks,Ward 35
Road dug up for pipeline but not restored for months,NEGATIVE,1,Education,Ward 23
The sanitation team is doing a commendable job,POSITIVE,4,Water,Ward 50
The bridge repair was done with high quality materials,POSITIVE,5,Sanitation,Ward 47
The sanitation team is doing a commendable job,POSITIVE,4,Roads,Ward 21
"Footpath construction completed, senior citizens are happy",POSITIVE,5,Roads,Ward 15
"Traffic signals not working, accidents happening daily",NEGATIVE,1,Public Safety,Ward 36
"Electricity outages have reduced significantly, great work",POSITIVE,4,Parks,Ward 40
"Bridge cracks visible, no action from authorities",NEGATIVE,1,Roads,Ward 34
"Water supply erratic, pressure very low",NEGATIVE,1,Construction,Ward 50
Public toilets are now clean and well maintained,POSITIVE,5,Roads,Ward 40
Road marking work will start after monsoon,NEUTRAL,3,Education,Ward 45
New project for park development announced for our ward,NEUTRAL,3,Parks,Ward 45
The sanitation team is doing a commendable job,POSITIVE,4,Parks,Ward 9
Water supply will be interrupted tomorrow for maintenance,NEUTRAL,3,Sanitation,Ward 27
New school building construction is progressing well,POSITIVE,4,Public Safety,Ward 20
New hospital wing is a great addition to our area,POSITIVE,5,Sanitation,Ward 25
Authorities not responding to any complaints,NEGATIVE,2,Sanitation,Ward 10
"Park facilities broken, children getting hurt",NEGATIVE,1,Construction,Ward 7
"Drainage work done excellently, no more waterlogging",POSITIVE,5,Education,Ward 18
"Construction noise at midnight, residents suffering",NEGATIVE,2,Parks,Ward 25
Project started but no updates for 6 months,NEGATIVE,2,Electricity,Ward 50
Road repair work is ongoing in our sector,NEUTRAL,3,Education,Ward 13
"Government hospital has no medicines, pathetic service",NEGATIVE,1,Construction,Ward 49
Project completion date extended by two months,NEUTRAL,3,Roads,Ward 46
Electricity department working on transformer upgrade,NEUTRAL,3,Water,Ward 45
Public toilets are now clean and well maintained,POSITIVE,5,Public Safety,Ward 48
New contractor assigned for road repair work,NEUTRAL,3,Parks,Ward 30
Garbage collection timings have been changed to morning,NEUTRAL,3,Construction,Ward 25
Garbage collection timings have been changed to morning,NEUTRAL,3,Healthcare,Ward 25
Project completion date extended by two months,NEUTRAL,3,Water,Ward 18
"Park renovation looks beautiful, children love it",POSITIVE,4,Water,Ward 46
Project completion date extended by two months,NEUTRAL,3,Education,Ward 25
Hospital renovation work started last month,NEUTRAL,3,Electricity,Ward 17
Power outage scheduled for maintenance work,NEUTRAL,3,Parks,Ward 35
New school building construction is progressing well,POSITIVE,4,Healthcare,Ward 6
The sanitation team is doing a commendable job,POSITIVE,5,Transport,Ward 7
"Footpath construction completed, senior citizens are happy",POSITIVE,5,Healthcare,Ward 30
Road marking work will start after monsoon,NEUTRAL,3,Transport,Ward 33
"Street lights are working perfectly now, feel safe at night",POSITIVE,5,Parks,Ward 39
Public toilets are now clean and well maintained,POSITIVE,5,Roads,Ward 21
"The government responded quickly to our complaint, well done",POSITIVE,5,Parks,Ward 26
"Construction work stopped midway, area looks terrible",NEGATIVE,2,Roads,Ward 34
"Footpath occupied by vendors, pedestrians on road",NEGATIVE,2,Sanitation,Ward 27
The contractor did excellent work on the drainage project,POSITIVE,4,Sanitation,Ward 21
"Road marking done properly, reduces accidents at night",POSITIVE,5,Sanitation,Ward 50
"Water pipe burst causing damage, no immediate action",NEGATIVE,2,Construction,Ward 19
Street light maintenance scheduled for this weekend,NEUTRAL,3,Parks,Ward 11
Road widening project expected to complete next month,NEUTRAL,3,Water,Ward 12
New contractor assigned for road repair work,NEUTRAL,3,Water,Ward 4
New contractor assigned for road repair work,NEUTRAL,3,Public Safety,Ward 42
"Quick action taken on our pothole complaint, impressed",POSITIVE,4,Transport,Ward 7
The contractor did excellent work on the drainage project,POSITIVE,5,Roads,Ward 43
New bus route announcement expected soon,NEUTRAL,3,Transport,Ward 35
Survey completed for new drainage line,NEUTRAL,3,Transport,Ward 9
"Street lights are working perfectly now, feel safe at night",POSITIVE,4,Parks,Ward 7
"Road marking done properly, reduces accidents at night",POSITIVE,4,Healthcare,Ward 29
Road dug up for pipeline but not restored for months,NEGATIVE,1,Sanitation,Ward 20
"Road repair done poorly, breaking again within weeks",NEGATIVE,1,Sanitation,Ward 9
Authorities not responding to any complaints,NEGATIVE,1,Public Safety,Ward 38
"Bus frequency has increased, commuting is easier",POSITIVE,5,Transport,Ward 2
Happy with the prompt response from civic authorities,POSITIVE,5,Construction,Ward 15
"No water supply for the past 5 days, very frustrated",NEGATIVE,2,Parks,Ward 49
"Bus route cancelled without notice, people suffering",NEGATIVE,1,Public Safety,Ward 40
Survey completed for new drainage line,NEUTRAL,3,Construction,Ward 12
Happy with the prompt response from civic authorities,POSITIVE,4,Sanitation,Ward 14
Road widening project expected to complete next month,NEUTRAL,3,Healthcare,Ward 41
Public toilets are now clean and well maintained,POSITIVE,4,Healthcare,Ward 28
Work order issued for pothole repair,NEUTRAL,3,Construction,Ward 25
Pothole on main road not fixed even after 3 complaints,NEGATIVE,1,Parks,Ward 45
"Bus route cancelled without notice, people suffering",NEGATIVE,1,Electricity,Ward 40
"Quick action taken on our pothole complaint, impressed",POSITIVE,5,Construction,Ward 39
"Government hospital has no medicines, pathetic service",NEGATIVE,1,Healthcare,Ward 18
"Electricity outages have reduced significantly, great work",POSITIVE,5,Healthcare,Ward 12
"No street lights on dark lane, women feel unsafe",NEGATIVE,1,Healthcare,Ward 2
Water supply will be interrupted tomorrow for maintenance,NEUTRAL,3,Sanitation,Ward 35
"Traffic signals not working, accidents happening daily",NEGATIVE,2,Sanitation,Ward 43
Construction of new school building underway,NEUTRAL,3,Water,Ward 23
Work order issued for pothole repair,NEUTRAL,3,Public Safety,Ward 40
"Sewage line blocked for months, unbearable smell",NEGATIVE,1,Healthcare,Ward 11
"Water supply has improved a lot in our area, thank you",POSITIVE,5,Electricity,Ward 6
"Complained 10 times about potholes, zero response",NEGATIVE,2,Public Safety,Ward 37
"Water supply erratic, pressure very low",NEGATIVE,1,Water,Ward 35
"No water supply for the past 5 days, very frustrated",NEGATIVE,2,Education,Ward 27
Authorities not responding to any complaints,NEGATIVE,2,Roads,Ward 19
Environmental clearance received for park project,NEUTRAL,3,Public Safety,Ward 29
"Street lights broken since 2 months, no action taken",NEGATIVE,1,Electricity,Ward 2
"Bus frequency has increased, commuting is easier",POSITIVE,4,Education,Ward 14
Authorities not responding to any complaints,NEGATIVE,1,Public Safety,Ward 7
Public toilets are now clean and well maintained,POSITIVE,4,Transport,Ward 9
Drainage cleaning drive happening next week,NEUTRAL,3,Parks,Ward 13
"Drainage overflowing, sewage on streets, disgusting",NEGATIVE,1,Healthcare,Ward 7
"Bridge cracks visible, no action from authorities",NEGATIVE,1,Parks,Ward 14
Authorities not responding to any complaints,NEGATIVE,2,Water,Ward 30
New traffic signals have reduced accidents in our area,POSITIVE,5,Parks,Ward 19
"The road repair was completed on time, very happy with the work",POSITIVE,4,Roads,Ward 15
"Public toilet in horrible condition, very unhygienic",NEGATIVE,1,Roads,Ward 22
Public toilets are now clean and well maintained,POSITIVE,5,Sanitation,Ward 13
"Park facilities broken, children getting hurt",NEGATIVE,2,Electricity,Ward 47
Project started but no updates for 6 months,NEGATIVE,2,Education,Ward 44
Committee formed to review delayed projects,NEUTRAL,3,Public Safety,Ward 20
Environmental clearance received for park project,NEUTRAL,3,Healthcare,Ward 20
The contractor did excellent work on the drainage project,POSITIVE,5,Water,Ward 2
Environmental clearance received for park project,NEUTRAL,3,Education,Ward 24
"Footpath construction completed, senior citizens are happy",POSITIVE,5,Sanitation,Ward 17
Electricity department working on transformer upgrade,NEUTRAL,3,Roads,Ward 39
"Water quality has improved, no more complaints from residents",POSITIVE,5,Healthcare,Ward 21
Road widening project expected to complete next month,NEUTRAL,3,Roads,Ward 33
Street light maintenance scheduled for this weekend,NEUTRAL,3,Water,Ward 33
New project for park development announced for our ward,NEUTRAL,3,Construction,Ward 1
"Quick action taken on our pothole complaint, impressed",POSITIVE,5,Construction,Ward 18
"Park facilities broken, children getting hurt",NEGATIVE,1,Roads,Ward 33
"Drainage overflowing, sewage on streets, disgusting",NEGATIVE,2,Sanitation,Ward 21
"Garbage not collected for a week, health hazard",NEGATIVE,1,Transport,Ward 40
"The government responded quickly to our complaint, well done",POSITIVE,5,Public Safety,Ward 42
"Public toilet in horrible condition, very unhygienic",NEGATIVE,2,Healthcare,Ward 50
Traffic signal upgrade project is under review,NEUTRAL,3,Transport,Ward 24
"Water tank cleaning done thoroughly, water quality improved",POSITIVE,5,Sanitation,Ward 29
"Drainage work done excellently, no more waterlogging",POSITIVE,5,Construction,Ward 35
"Garbage not collected for a week, health hazard",NEGATIVE,2,Education,Ward 15
Authorities not responding to any complaints,NEGATIVE,1,Water,Ward 14
"No water supply for the past 5 days, very frustrated",NEGATIVE,1,Electricity,Ward 1
Pothole on main road not fixed even after 3 complaints,NEGATIVE,1,Public Safety,Ward 19
Electricity cut for 3 days without any information,NEGATIVE,2,Construction,Ward 36
Construction of new school building underway,NEUTRAL,3,Public Safety,Ward 38
New traffic signals have reduced accidents in our area,POSITIVE,4,Water,Ward 22
The sanitation team is doing a commendable job,POSITIVE,5,Healthcare,Ward 8
"No street lights on dark lane, women feel unsafe",NEGATIVE,1,Parks,Ward 43
Project started but no updates for 6 months,NEGATIVE,2,Public Safety,Ward 49
"Complaint registered, under review by department",NEUTRAL,3,Sanitation,Ward 18
New school building construction is progressing well,POSITIVE,5,Education,Ward 7
Pothole on main road not fixed even after 3 complaints,NEGATIVE,1,Construction,Ward 40
Drainage cleaning drive happening next week,NEUTRAL,3,Construction,Ward 38
"The government responded quickly to our complaint, well done",POSITIVE,4,Sanitation,Ward 35
The bridge repair was done with high quality materials,POSITIVE,5,Roads,Ward 2
New bus route announcement expected soon,NEUTRAL,3,Education,Ward 6
Project completion date extended by two months,NEUTRAL,3,Transport,Ward 25
"Complaint registered, under review by department",NEUTRAL,3,Sanitation,Ward 40
"Electricity outages have reduced significantly, great work",POSITIVE,4,Public Safety,Ward 44
Construction of new school building underway,NEUTRAL,3,Roads,Ward 39
"Street lights are working perfectly now, feel safe at night",POSITIVE,5,Public Safety,Ward 37
"Complaint registered, under review by department",NEUTRAL,3,Electricity,Ward 42
"Water supply has improved a lot in our area, thank you",POSITIVE,4,Construction,Ward 35
"Complaint registered, under review by department",NEUTRAL,3,Sanitation,Ward 32
Electricity department working on transformer upgrade,NEUTRAL,3,Parks,Ward 7
"Drainage work done excellently, no more waterlogging",POSITIVE,5,Transport,Ward 1
Construction of new school building underway,NEUTRAL,3,Transport,Ward 24
Committee formed to review delayed projects,NEUTRAL,3,Healthcare,Ward 42
The construction work was neat and professional,POSITIVE,5,Education,Ward 40
The bridge repair was done with high quality materials,POSITIVE,4,Public Safety,Ward 2
"Water supply erratic, pressure very low",NEGATIVE,1,Public Safety,Ward 25
"Footpath occupied by vendors, pedestrians on road",NEGATIVE,2,Transport,Ward 34
New hospital wing is a great addition to our area,POSITIVE,5,Water,Ward 17
"Road repair done poorly, breaking again within weeks",NEGATIVE,1,Sanitation,Ward 27
"Footpath occupied by vendors, pedestrians on road",NEGATIVE,1,Public Safety,Ward 37
Solar street lights are a wonderful initiative,POSITIVE,4,Roads,Ward 26
Road widening project expected to complete next month,NEUTRAL,3,Parks,Ward 19
"Water tank cleaning done thoroughly, water quality improved",POSITIVE,5,Electricity,Ward 9
The contractor did excellent work on the drainage project,POSITIVE,4,Parks,Ward 33
"Road repair done poorly, breaking again within weeks",NEGATIVE,1,Electricity,Ward 18
"No water supply for the past 5 days, very frustrated",NEGATIVE,2,Public Safety,Ward 4
The bridge repair was done with high quality materials,POSITIVE,4,Water,Ward 3
Pothole on main road not fixed even after 3 complaints,NEGATIVE,2,Transport,Ward 8
"Water supply erratic, pressure very low",NEGATIVE,2,Electricity,Ward 46
New project for park development announced for our ward,NEUTRAL,3,Electricity,Ward 12
Work order issued for pothole repair,NEUTRAL,3,Construction,Ward 45
"Park facilities broken, children getting hurt",NEGATIVE,2,Education,Ward 36
"Road repair done poorly, breaking again within weeks",NEGATIVE,1,Water,Ward 3
"Bus frequency has increased, commuting is easier",POSITIVE,5,Electricity,Ward 27
Water pipeline replacement work in progress,NEUTRAL,3,Education,Ward 22
Pothole on main road not fixed even after 3 complaints,NEGATIVE,1,Sanitation,Ward 45
Environmental clearance received for park project,NEUTRAL,3,Education,Ward 43
Public toilets are now clean and well maintained,POSITIVE,5,Electricity,Ward 42
Project completion date extended by two months,NEUTRAL,3,Education,Ward 43
New hospital wing is a great addition to our area,POSITIVE,4,Transport,Ward 16
Electricity cut for 3 days without any information,NEGATIVE,1,Education,Ward 4
Authorities not responding to any complaints,NEGATIVE,2,Transport,Ward 45
Electricity cut for 3 days without any information,NEGATIVE,2,Healthcare,Ward 41
Hospital renovation work started last month,NEUTRAL,3,Construction,Ward 47
Water supply will be interrupted tomorrow for maintenance,NEUTRAL,3,Healthcare,Ward 8
Project started but no updates for 6 months,NEGATIVE,1,Education,Ward 26
Project completion date extended by two months,NEUTRAL,3,Water,Ward 43
Pothole on main road not fixed even after 3 complaints,NEGATIVE,1,Water,Ward 10
Construction of new school building underway,NEUTRAL,3,Electricity,Ward 47
The construction work was neat and professional,POSITIVE,4,Public Safety,Ward 9
"Sewage line blocked for months, unbearable smell",NEGATIVE,1,Electricity,Ward 7
The construction work was neat and professional,POSITIVE,4,Sanitation,Ward 9
New bus route announcement expected soon,NEUTRAL,3,Public Safety,Ward 25
Happy with the prompt response from civic authorities,POSITIVE,5,Water,Ward 49
Water tanker supply continues until pipeline fixed,NEUTRAL,3,Healthcare,Ward 26
Environmental clearance received for park project,NEUTRAL,3,Electricity,Ward 36
"Park facilities broken, children getting hurt",NEGATIVE,1,Transport,Ward 11
"Drainage overflowing, sewage on streets, disgusting",NEGATIVE,1,Healthcare,Ward 24
"Drainage work done excellently, no more waterlogging",POSITIVE,5,Electricity,Ward 9
"Water quality has improved, no more complaints from residents",POSITIVE,4,Transport,Ward 9
The sanitation team is doing a commendable job,POSITIVE,4,Electricity,Ward 33
"The government responded quickly to our complaint, well done",POSITIVE,5,Construction,Ward 32
Electricity department working on transformer upgrade,NEUTRAL,3,Water,Ward 24
Road dug up for pipeline but not restored for months,NEGATIVE,2,Education,Ward 50
The sanitation team is doing a commendable job,POSITIVE,4,Education,Ward 46
New project for park development announced for our ward,NEUTRAL,3,Education,Ward 46
"The government responded quickly to our complaint, well done",POSITIVE,4,Education,Ward 42
Road widening project expected to complete next month,NEUTRAL,3,Education,Ward 37
Authorities not responding to any complaints,NEGATIVE,1,Transport,Ward 47
Road repair work is ongoing in our sector,NEUTRAL,3,Parks,Ward 44
"Road repair done poorly, breaking again within weeks",NEGATIVE,2,Sanitation,Ward 27
Road marking work will start after monsoon,NEUTRAL,3,Public Safety,Ward 35
"Construction noise at midnight, residents suffering",NEGATIVE,2,Education,Ward 30
"Water quality has improved, no more complaints from residents",POSITIVE,4,Sanitation,Ward 48
The sanitation team is doing a commendable job,POSITIVE,4,Construction,Ward 8
"Road repair done poorly, breaking again within weeks",NEGATIVE,1,Sanitation,Ward 45
"Water tank cleaning done thoroughly, water quality improved",POSITIVE,5,Construction,Ward 40
Authorities not responding to any complaints,NEGATIVE,1,Parks,Ward 4
Electricity cut for 3 days without any information,NEGATIVE,1,Water,Ward 11
Solar street lights are a wonderful initiative,POSITIVE,5,Transport,Ward 14
"Water tank cleaning done thoroughly, water quality improved",POSITIVE,5,Sanitation,Ward 31
"The road repair was completed on time, very happy with the work",POSITIVE,5,Transport,Ward 44
Electricity department working on transformer upgrade,NEUTRAL,3,Transport,Ward 31
"The road repair was completed on time, very happy with the work",POSITIVE,5,Parks,Ward 18
Road widening project completed ahead of schedule,POSITIVE,5,Education,Ward 7
"Bridge cracks visible, no action from authorities",NEGATIVE,2,Sanitation,Ward 12
Water tanker supply continues until pipeline fixed,NEUTRAL,3,Parks,Ward 1
New project for park development announced for our ward,NEUTRAL,3,Transport,Ward 17
"Water tank cleaning done thoroughly, water quality improved",POSITIVE,4,Roads,Ward 10
Water supply will be interrupted tomorrow for maintenance,NEUTRAL,3,Parks,Ward 12
Garbage collection timings have been changed to morning,NEUTRAL,3,Electricity,Ward 6
Traffic signal upgrade project is under review,NEUTRAL,3,Transport,Ward 31
Drainage cleaning drive happening next week,NEUTRAL,3,Construction,Ward 2
Water tanker supply continues until pipeline fixed,NEUTRAL,3,Electricity,Ward 10
"Street lights broken since 2 months, no action taken",NEGATIVE,1,Construction,Ward 49
Road dug up for pipeline but not restored for months,NEGATIVE,1,Education,Ward 27
Pothole on main road not fixed even after 3 complaints,NEGATIVE,2,Healthcare,Ward 17
"Park facilities broken, children getting hurt",NEGATIVE,2,Electricity,Ward 30
Survey completed for new drainage line,NEUTRAL,3,Roads,Ward 23
"Bus frequency has increased, commuting is easier",POSITIVE,4,Water,Ward 41
"Construction work stopped midway, area looks terrible",NEGATIVE,2,Parks,Ward 29
"Water supply has improved a lot in our area, thank you",POSITIVE,4,Healthcare,Ward 32
"Bus route cancelled without notice, people suffering",NEGATIVE,2,Sanitation,Ward 13
New school building construction is progressing well,POSITIVE,4,Public Safety,Ward 13
"Street lights are working perfectly now, feel safe at night",POSITIVE,5,Sanitation,Ward 26
"Water supply erratic, pressure very low",NEGATIVE,2,Sanitation,Ward 27
Survey completed for new drainage line,NEUTRAL,3,Healthcare,Ward 6
Road widening project completed ahead of schedule,POSITIVE,4,Healthcare,Ward 17
The contractor did excellent work on the drainage project,POSITIVE,4,Healthcare,Ward 43
"Street lights are working perfectly now, feel safe at night",POSITIVE,5,Water,Ward 23
"Street lights broken since 2 months, no action taken",NEGATIVE,1,Electricity,Ward 50
Solar street lights are a wonderful initiative,POSITIVE,5,Roads,Ward 27
Construction of new school building underway,NEUTRAL,3,Construction,Ward 17
New traffic signals have reduced accidents in our area,POSITIVE,4,Sanitation,Ward 28
Road marking work will start after monsoon,NEUTRAL,3,Construction,Ward 40
"Contractor used substandard materials, work failing",NEGATIVE,1,Transport,Ward 33
"Water supply erratic, pressure very low",NEGATIVE,2,Construction,Ward 10
The bridge repair was done with high quality materials,POSITIVE,5,Water,Ward 16
"Road marking done properly, reduces accidents at night",POSITIVE,4,Transport,Ward 3
The sanitation team is doing a commendable job,POSITIVE,4,Construction,Ward 13
"Park renovation looks beautiful, children love it",POSITIVE,5,Water,Ward 6
Committee formed to review delayed projects,NEUTRAL,3,Sanitation,Ward 29
Project completion date extended by two months,NEUTRAL,3,Education,Ward 4
"Road marking done properly, reduces accidents at night",POSITIVE,4,Education,Ward 18
Drainage cleaning drive happening next week,NEUTRAL,3,Electricity,Ward 15
"Road marking done properly, reduces accidents at night",POSITIVE,4,Water,Ward 18
Public toilets are now clean and well maintained,POSITIVE,4,Transport,Ward 24
"Park facilities broken, children getting hurt",NEGATIVE,2,Sanitation,Ward 12
"Street lights broken since 2 months, no action taken",NEGATIVE,2,Roads,Ward 33
"Water tank cleaning done thoroughly, water quality improved",POSITIVE,5,Electricity,Ward 36
Authorities not responding to any complaints,NEGATIVE,2,Public Safety,Ward 22
Happy with the prompt response from civic authorities,POSITIVE,4,Parks,Ward 6
"Water pipe burst causing damage, no immediate action",NEGATIVE,1,Transport,Ward 16
"Street lights are working perfectly now, feel safe at night",POSITIVE,5,Construction,Ward 21
"Drainage work done excellently, no more waterlogging",POSITIVE,4,Transport,Ward 28
"Garbage not collected for a week, health hazard",NEGATIVE,2,Transport,Ward 31
Drainage cleaning drive happening next week,NEUTRAL,3,Parks,Ward 2
"Contractor used substandard materials, work failing",NEGATIVE,1,Transport,Ward 11
"No water supply for the past 5 days, very frustrated",NEGATIVE,1,Construction,Ward 10
"Park renovation looks beautiful, children love it",POSITIVE,5,Transport,Ward 40
Project started but no updates for 6 months,NEGATIVE,2,Construction,Ward 4
New contractor assigned for road repair work,NEUTRAL,3,Parks,Ward 22
"Footpath construction completed, senior citizens are happy",POSITIVE,4,Transport,Ward 50
Survey completed for new drainage line,NEUTRAL,3,Sanitation,Ward 17
"Quick action taken on our pothole complaint, impressed",POSITIVE,5,Parks,Ward 50
Road repair work is ongoing in our sector,NEUTRAL,3,Education,Ward 22
"Quick action taken on our pothole complaint, impressed",POSITIVE,4,Public Safety,Ward 39
Road marking work will start after monsoon,NEUTRAL,3,Parks,Ward 31
Solar street lights are a wonderful initiative,POSITIVE,4,Roads,Ward 49
"Complaint registered, under review by department",NEUTRAL,3,Transport,Ward 22
Bridge inspection scheduled for next week,NEUTRAL,3,Water,Ward 22
New bus route announcement expected soon,NEUTRAL,3,Electricity,Ward 20
"Water supply has improved a lot in our area, thank you",POSITIVE,4,Public Safety,Ward 27
The bridge repair was done with high quality materials,POSITIVE,4,Construction,Ward 39
"Construction noise at midnight, residents suffering",NEGATIVE,2,Parks,Ward 39
"Water quality has improved, no more complaints from residents",POSITIVE,5,Sanitation,Ward 24
"Bus frequency has increased, commuting is easier",POSITIVE,4,Healthcare,Ward 37
The sanitation team is doing a commendable job,POSITIVE,5,Electricity,Ward 25
Survey completed for new drainage line,NEUTRAL,3,Water,Ward 7
"Bus frequency has increased, commuting is easier",POSITIVE,4,Parks,Ward 36
Electricity cut for 3 days without any information,NEGATIVE,2,Public Safety,Ward 35
"Footpath occupied by vendors, pedestrians on road",NEGATIVE,2,Education,Ward 10
"Footpath occupied by vendors, pedestrians on road",NEGATIVE,2,Construction,Ward 42
New project for park development announced for our ward,NEUTRAL,3,Transport,Ward 10
Work order issued for pothole repair,NEUTRAL,3,Electricity,Ward 27
Solar street lights are a wonderful initiative,POSITIVE,5,Education,Ward 10
Road repair work is ongoing in our sector,NEUTRAL,3,Transport,Ward 46
Traffic signal upgrade project is under review,NEUTRAL,3,Parks,Ward 17
Street light maintenance scheduled for this weekend,NEUTRAL,3,Healthcare,Ward 46
"Sewage line blocked for months, unbearable smell",NEGATIVE,2,Healthcare,Ward 35
"Construction work stopped midway, area looks terrible",NEGATIVE,1,Electricity,Ward 32
"Street lights are working perfectly now, feel safe at night",POSITIVE,5,Roads,Ward 17
Great improvement in garbage collection frequency,POSITIVE,5,Electricity,Ward 8
Work order issued for pothole repair,NEUTRAL,3,Transport,Ward 32
"Park facilities broken, children getting hurt",NEGATIVE,1,Water,Ward 5
Water tanker supply continues until pipeline fixed,NEUTRAL,3,Education,Ward 30
New contractor assigned for road repair work,NEUTRAL,3,Water,Ward 32
"Road repair done poorly, breaking again within weeks",NEGATIVE,2,Education,Ward 11
New school building construction is progressing well,POSITIVE,5,Construction,Ward 3
The contractor did excellent work on the drainage project,POSITIVE,4,Water,Ward 50
"Complained 10 times about potholes, zero response",NEGATIVE,1,Transport,Ward 49
New bus route announcement expected soon,NEUTRAL,3,Electricity,Ward 17
Project started but no updates for 6 months,NEGATIVE,1,Sanitation,Ward 28
"No water supply for the past 5 days, very frustrated",NEGATIVE,2,Healthcare,Ward 30
Public toilet construction tender has been floated,NEUTRAL,3,Water,Ward 40
New hospital wing is a great addition to our area,POSITIVE,5,Construction,Ward 20
"Water quality has improved, no more complaints from residents",POSITIVE,5,Transport,Ward 3
Drainage cleaning drive happening next week,NEUTRAL,3,Parks,Ward 2
"Complained 10 times about potholes, zero response",NEGATIVE,1,Water,Ward 44
"Bus frequency has increased, commuting is easier",POSITIVE,5,Education,Ward 35
"Water supply has improved a lot in our area, thank you",POSITIVE,5,Healthcare,Ward 47
Electricity department working on transformer upgrade,NEUTRAL,3,Education,Ward 11
Hospital renovation work started last month,NEUTRAL,3,Healthcare,Ward 33
"Traffic signals not working, accidents happening daily",NEGATIVE,1,Construction,Ward 32
"Public toilet in horrible condition, very unhygienic",NEGATIVE,1,Electricity,Ward 14
"Footpath occupied by vendors, pedestrians on road",NEGATIVE,1,Transport,Ward 44
Great improvement in garbage collection frequency,POSITIVE,5,Public Safety,Ward 49
Garbage collection timings have been changed to morning,NEUTRAL,3,Construction,Ward 31
New school building construction is progressing well,POSITIVE,4,Sanitation,Ward 9
"Water quality has improved, no more complaints from residents",POSITIVE,5,Electricity,Ward 4
Power outage scheduled for maintenance work,NEUTRAL,3,Healthcare,Ward 7
Road widening project completed ahead of schedule,POSITIVE,5,Electricity,Ward 23
"Water tank cleaning done thoroughly, water quality improved",POSITIVE,5,Electricity,Ward 35
Construction of new school building underway,NEUTRAL,3,Water,Ward 22
"Government hospital has no medicines, pathetic service",NEGATIVE,2,Public Safety,Ward 10
"Bridge cracks visible, no action from authorities",NEGATIVE,2,Education,Ward 24
"Electricity outages have reduced significantly, great work",POSITIVE,4,Construction,Ward 32
The sanitation team is doing a commendable job,POSITIVE,5,Electricity,Ward 16
Electricity department working on transformer upgrade,NEUTRAL,3,Roads,Ward 18
"Street lights broken since 2 months, no action taken",NEGATIVE,1,Parks,Ward 36
"Footpath occupied by vendors, pedestrians on road",NEGATIVE,2,Healthcare,Ward 24
Garbage collection timings have been changed to morning,NEUTRAL,3,Education,Ward 48
"Contractor used substandard materials, work failing",NEGATIVE,1,Education,Ward 19
"Park renovation looks beautiful, children love it",POSITIVE,5,Public Safety,Ward 8
The bridge repair was done with high quality materials,POSITIVE,5,Public Safety,Ward 6
The bridge repair was done with high quality materials,POSITIVE,4,Electricity,Ward 21
Road repair work is ongoing in our sector,NEUTRAL,3,Water,Ward 6
"Water quality has improved, no more complaints from residents",POSITIVE,5,Sanitation,Ward 8
Survey completed for new drainage line,NEUTRAL,3,Transport,Ward 31
Environmental clearance received for park project,NEUTRAL,3,Water,Ward 23
Road marking work will start after monsoon,NEUTRAL,3,Transport,Ward 38
The sanitation team is doing a commendable job,POSITIVE,4,Sanitation,Ward 43
"Traffic signals not working, accidents happening daily",NEGATIVE,1,Education,Ward 44
"Contractor used substandard materials, work failing",NEGATIVE,1,Construction,Ward 11
New traffic signals have reduced accidents in our area,POSITIVE,5,Water,Ward 33
"Park facilities broken, children getting hurt",NEGATIVE,1,Water,Ward 50
"Public toilet in horrible condition, very unhygienic",NEGATIVE,1,Transport,Ward 29
"Quick action taken on our pothole complaint, impressed",POSITIVE,4,Parks,Ward 44
"Street lights broken since 2 months, no action taken",NEGATIVE,1,Public Safety,Ward 5
"Bus route cancelled without notice, people suffering",NEGATIVE,2,Roads,Ward 25
Electricity department working on transformer upgrade,NEUTRAL,3,Education,Ward 41
Project started but no updates for 6 months,NEGATIVE,2,Parks,Ward 26
"Water tank cleaning done thoroughly, water quality improved",POSITIVE,5,Healthcare,Ward 47
Authorities not responding to any complaints,NEGATIVE,1,Electricity,Ward 12
New contractor assigned for road repair work,NEUTRAL,3,Healthcare,Ward 30
Public toilet construction tender has been floated,NEUTRAL,3,Transport,Ward 15
New contractor assigned for road repair work,NEUTRAL,3,Transport,Ward 42
Road widening project expected to complete next month,NEUTRAL,3,Electricity,Ward 4
"Water supply has improved a lot in our area, thank you",POSITIVE,4,Electricity,Ward 38
Environmental clearance received for park project,NEUTRAL,3,Construction,Ward 19
"The government responded quickly to our complaint, well done",POSITIVE,4,Healthcare,Ward 8
"Street lights broken since 2 months, no action taken",NEGATIVE,1,Transport,Ward 48
The bridge repair was done with high quality materials,POSITIVE,5,Public Safety,Ward 33
Garbage collection timings have been changed to morning,NEUTRAL,3,Roads,Ward 29
New school building construction is progressing well,POSITIVE,4,Healthcare,Ward 43
"Construction work stopped midway, area looks terrible",NEGATIVE,1,Parks,Ward 41
The construction work was neat and professional,POSITIVE,4,Education,Ward 22
Bridge inspection scheduled for next week,NEUTRAL,3,Healthcare,Ward 19
"Bus frequency has increased, commuting is easier",POSITIVE,5,Construction,Ward 26
"Footpath construction completed, senior citizens are happy",POSITIVE,4,Electricity,Ward 21
New traffic signals have reduced accidents in our area,POSITIVE,4,Water,Ward 34
New project for park development announced for our ward,NEUTRAL,3,Roads,Ward 38
Construction of new school building underway,NEUTRAL,3,Parks,Ward 17
"Traffic signals not working, accidents happening daily",NEGATIVE,2,Public Safety,Ward 3
"Footpath construction completed, senior citizens are happy",POSITIVE,5,Construction,Ward 7
"Quick action taken on our pothole complaint, impressed",POSITIVE,5,Education,Ward 26
New hospital wing is a great addition to our area,POSITIVE,5,Healthcare,Ward 22
The bridge repair was done with high quality materials,POSITIVE,4,Electricity,Ward 2
"Traffic signals not working, accidents happening daily",NEGATIVE,1,Healthcare,Ward 26
Committee formed to review delayed projects,NEUTRAL,3,Parks,Ward 5
Solar street lights are a wonderful initiative,POSITIVE,4,Construction,Ward 39
Water pipeline replacement work in progress,NEUTRAL,3,Water,Ward 38
"Drainage work done excellently, no more waterlogging",POSITIVE,5,Public Safety,Ward 9
"Traffic signals not working, accidents happening daily",NEGATIVE,1,Water,Ward 2
New project for park development announced for our ward,NEUTRAL,3,Water,Ward 35
"No water supply for the past 5 days, very frustrated",NEGATIVE,1,Construction,Ward 47
"Complained 10 times about potholes, zero response",NEGATIVE,1,Public Safety,Ward 44
"The road repair was completed on time, very happy with the work",POSITIVE,4,Electricity,Ward 37
Work order issued for pothole repair,NEUTRAL,3,Parks,Ward 23
"Park facilities broken, children getting hurt",NEGATIVE,1,Construction,Ward 47
Traffic signal upgrade project is under review,NEUTRAL,3,Sanitation,Ward 18
"Street lights are working perfectly now, feel safe at night",POSITIVE,4,Education,Ward 21
The sanitation team is doing a commendable job,POSITIVE,4,Construction,Ward 21
New school building construction is progressing well,POSITIVE,4,Sanitation,Ward 41
The sanitation team is doing a commendable job,POSITIVE,5,Parks,Ward 3
Bridge inspection scheduled for next week,NEUTRAL,3,Public Safety,Ward 26
"Park facilities broken, children getting hurt",NEGATIVE,2,Parks,Ward 28
"Water tank cleaning done thoroughly, water quality improved",POSITIVE,4,Construction,Ward 26
"Water quality has improved, no more complaints from residents",POSITIVE,5,Electricity,Ward 50
"Complained 10 times about potholes, zero response",NEGATIVE,2,Transport,Ward 31
Water supply will be interrupted tomorrow for maintenance,NEUTRAL,3,Electricity,Ward 18
"Bridge cracks visible, no action from authorities",NEGATIVE,2,Sanitation,Ward 40
Hospital renovation work started last month,NEUTRAL,3,Transport,Ward 47
"Road repair done poorly, breaking again within weeks",NEGATIVE,2,Roads,Ward 50
Road marking work will start after monsoon,NEUTRAL,3,Education,Ward 1
Great improvement in garbage collection frequency,POSITIVE,5,Sanitation,Ward 15
New project for park development announced for our ward,NEUTRAL,3,Parks,Ward 38
"Traffic signals not working, accidents happening daily",NEGATIVE,1,Sanitation,Ward 40
"Footpath construction completed, senior citizens are happy",POSITIVE,4,Electricity,Ward 15
Solar street lights are a wonderful initiative,POSITIVE,5,Healthcare,Ward 12
"Electricity outages have reduced significantly, great work",POSITIVE,4,Parks,Ward 43
Pothole on main road not fixed even after 3 complaints,NEGATIVE,2,Water,Ward 19
Road widening project expected to complete next month,NEUTRAL,3,Public Safety,Ward 2
"No street lights on dark lane, women feel unsafe",NEGATIVE,2,Electricity,Ward 24
New school building construction is progressing well,POSITIVE,5,Construction,Ward 44
Road widening project completed ahead of schedule,POSITIVE,5,Electricity,Ward 29
"Bus route cancelled without notice, people suffering",NEGATIVE,1,Education,Ward 6
New school building construction is progressing well,POSITIVE,5,Water,Ward 45
"Garbage not collected for a week, health hazard",NEGATIVE,1,Education,Ward 14
Public toilet construction tender has been floated,NEUTRAL,3,Sanitation,Ward 38
Electricity cut for 3 days without any information,NEGATIVE,2,Public Safety,Ward 36
Traffic signal upgrade project is under review,NEUTRAL,3,Healthcare,Ward 8
"Water supply erratic, pressure very low",NEGATIVE,2,Water,Ward 24
Solar street lights are a wonderful initiative,POSITIVE,5,Healthcare,Ward 38
"Road marking done properly, reduces accidents at night",POSITIVE,5,Public Safety,Ward 38
"Bus route cancelled without notice, people suffering",NEGATIVE,1,Sanitation,Ward 5
"Drainage overflowing, sewage on streets, disgusting",NEGATIVE,1,Healthcare,Ward 7
Great improvement in garbage collection frequency,POSITIVE,4,Construction,Ward 14
Project started but no updates for 6 months,NEGATIVE,1,Roads,Ward 44
"Road repair done poorly, breaking again within weeks",NEGATIVE,1,Water,Ward 31
Bridge inspection scheduled for next week,NEUTRAL,3,Sanitation,Ward 33
Electricity cut for 3 days without any information,NEGATIVE,1,Public Safety,Ward 10
"Street lights are working perfectly now, feel safe at night",POSITIVE,5,Water,Ward 30
New bus route announcement expected soon,NEUTRAL,3,Water,Ward 43
"No street lights on dark lane, women feel unsafe",NEGATIVE,1,Transport,Ward 26
Project started but no updates for 6 months,NEGATIVE,2,Healthcare,Ward 44
"Water pipe burst causing damage, no immediate action",NEGATIVE,2,Public Safety,Ward 34
Power outage scheduled for maintenance work,NEUTRAL,3,Parks,Ward 42
Bridge inspection scheduled for next week,NEUTRAL,3,Education,Ward 31
Construction of new school building underway,NEUTRAL,3,Water,Ward 37
"Road repair done poorly, breaking again within weeks",NEGATIVE,1,Water,Ward 16
"Complained 10 times about potholes, zero response",NEGATIVE,1,Roads,Ward 48
"Bridge cracks visible, no action from authorities",NEGATIVE,1,Public Safety,Ward 44
Work order issued for pothole repair,NEUTRAL,3,Education,Ward 45
"Garbage not collected for a week, health hazard",NEGATIVE,2,Education,Ward 36
The sanitation team is doing a commendable job,POSITIVE,5,Roads,Ward 47
"Public toilet in horrible condition, very unhygienic",NEGATIVE,1,Roads,Ward 13
The contractor did excellent work on the drainage project,POSITIVE,5,Parks,Ward 10
"Quick action taken on our pothole complaint, impressed",POSITIVE,4,Roads,Ward 38
Public toilets are now clean and well maintained,POSITIVE,5,Public Safety,Ward 24
"No water supply for the past 5 days, very frustrated",NEGATIVE,2,Construction,Ward 11
"Street lights are working perfectly now, feel safe at night",POSITIVE,4,Education,Ward 8
"Contractor used substandard materials, work failing",NEGATIVE,2,Healthcare,Ward 38
Happy with the prompt response from civic authorities,POSITIVE,4,Water,Ward 34
"Construction work stopped midway, area looks terrible",NEGATIVE,2,Electricity,Ward 37
Road marking work will start after monsoon,NEUTRAL,3,Sanitation,Ward 46
Authorities not responding to any complaints,NEGATIVE,2,Construction,Ward 23
Authorities not responding to any complaints,NEGATIVE,1,Transport,Ward 13
Water pipeline replacement work in progress,NEUTRAL,3,Education,Ward 39
The construction work was neat and professional,POSITIVE,5,Education,Ward 19
"Bus frequency has increased, commuting is easier",POSITIVE,4,Transport,Ward 19
"Complaint registered, under review by department",NEUTRAL,3,Water,Ward 19
"Construction work stopped midway, area looks terrible",NEGATIVE,2,Electricity,Ward 40
Project started but no updates for 6 months,NEGATIVE,1,Public Safety,Ward 33
Road widening project completed ahead of schedule,POSITIVE,5,Electricity,Ward 43
"Public toilet in horrible condition, very unhygienic",NEGATIVE,2,Public Safety,Ward 41
"Traffic signals not working, accidents happening daily",NEGATIVE,1,Public Safety,Ward 7
"Drainage overflowing, sewage on streets, disgusting",NEGATIVE,2,Education,Ward 47
Water pipeline replacement work in progress,NEUTRAL,3,Roads,Ward 41
The bridge repair was done with high quality materials,POSITIVE,4,Transport,Ward 36
Road widening project completed ahead of schedule,POSITIVE,5,Parks,Ward 25
"No water supply for the past 5 days, very frustrated",NEGATIVE,2,Parks,Ward 6
The construction work was neat and professional,POSITIVE,5,Education,Ward 35
"No street lights on dark lane, women feel unsafe",NEGATIVE,2,Transport,Ward 47
"Bridge cracks visible, no action from authorities",NEGATIVE,1,Transport,Ward 37
Road repair work is ongoing in our sector,NEUTRAL,3,Water,Ward 50
Happy with the prompt response from civic authorities,POSITIVE,4,Electricity,Ward 49
Authorities not responding to any complaints,NEGATIVE,1,Sanitation,Ward 40
Authorities not responding to any complaints,NEGATIVE,2,Education,Ward 31
The bridge repair was done with high quality materials,POSITIVE,5,Water,Ward 2
"Water quality has improved, no more complaints from residents",POSITIVE,5,Healthcare,Ward 38
"Public toilet in horrible condition, very unhygienic",NEGATIVE,2,Water,Ward 24
"Street lights are working perfectly now, feel safe at night",POSITIVE,4,Electricity,Ward 23
"Street lights are working perfectly now, feel safe at night",POSITIVE,5,Water,Ward 50
Authorities not responding to any complaints,NEGATIVE,1,Electricity,Ward 6
"Sewage line blocked for months, unbearable smell",NEGATIVE,2,Education,Ward 46
Traffic signal upgrade project is under review,NEUTRAL,3,Roads,Ward 45
"Bridge cracks visible, no action from authorities",NEGATIVE,1,Parks,Ward 12
"Construction noise at midnight, residents suffering",NEGATIVE,2,Construction,Ward 16
Work order issued for pothole repair,NEUTRAL,3,Sanitation,Ward 2
The bridge repair was done with high quality materials,POSITIVE,5,Parks,Ward 23
Survey completed for new drainage line,NEUTRAL,3,Roads,Ward 10
"Construction work stopped midway, area looks terrible",NEGATIVE,1,Healthcare,Ward 31
"No water supply for the past 5 days, very frustrated",NEGATIVE,1,Transport,Ward 22
Solar street lights are a wonderful initiative,POSITIVE,5,Healthcare,Ward 6
New contractor assigned for road repair work,NEUTRAL,3,Electricity,Ward 33
"Road marking done properly, reduces accidents at night",POSITIVE,5,Construction,Ward 40
Happy with the prompt response from civic authorities,POSITIVE,4,Healthcare,Ward 46
Great improvement in garbage collection frequency,POSITIVE,4,Electricity,Ward 27
New traffic signals have reduced accidents in our area,POSITIVE,5,Sanitation,Ward 26
"Water tank cleaning done thoroughly, water quality improved",POSITIVE,5,Electricity,Ward 12
"Water pipe burst causing damage, no immediate action",NEGATIVE,2,Electricity,Ward 19
Bridge inspection scheduled for next week,NEUTRAL,3,Construction,Ward 32
The contractor did excellent work on the drainage project,POSITIVE,5,Transport,Ward 34
The construction work was neat and professional,POSITIVE,5,Construction,Ward 33
"Bridge cracks visible, no action from authorities",NEGATIVE,1,Transport,Ward 30
"Water quality has improved, no more complaints from residents",POSITIVE,5,Parks,Ward 45
Street light maintenance scheduled for this weekend,NEUTRAL,3,Public Safety,Ward 13
"Water pipe burst causing damage, no immediate action",NEGATIVE,2,Healthcare,Ward 14
Authorities not responding to any complaints,NEGATIVE,1,Water,Ward 2
Great improvement in garbage collection frequency,POSITIVE,5,Parks,Ward 36
"Water tank cleaning done thoroughly, water quality improved",POSITIVE,4,Roads,Ward 49
Solar street lights are a wonderful initiative,POSITIVE,4,Sanitation,Ward 7
"Park facilities broken, children getting hurt",NEGATIVE,1,Roads,Ward 36
Road repair work is ongoing in our sector,NEUTRAL,3,Education,Ward 10
"Contractor used substandard materials, work failing",NEGATIVE,1,Water,Ward 6
"Government hospital has no medicines, pathetic service",NEGATIVE,2,Parks,Ward 7
"Street lights broken since 2 months, no action taken",NEGATIVE,2,Roads,Ward 39
Authorities not responding to any complaints,NEGATIVE,2,Education,Ward 1
"Electricity outages have reduced significantly, great work",POSITIVE,4,Sanitation,Ward 18
"Contractor used substandard materials, work failing",NEGATIVE,1,Electricity,Ward 13
Electricity department working on transformer upgrade,NEUTRAL,3,Sanitation,Ward 2
New project for park development announced for our ward,NEUTRAL,3,Construction,Ward 27
Road widening project expected to complete next month,NEUTRAL,3,Parks,Ward 2
New school building construction is progressing well,POSITIVE,4,Electricity,Ward 7
"Water tank cleaning done thoroughly, water quality improved",POSITIVE,5,Parks,Ward 25
Bridge inspection scheduled for next week,NEUTRAL,3,Transport,Ward 32
"Footpath construction completed, senior citizens are happy",POSITIVE,5,Parks,Ward 2
Public toilet construction tender has been floated,NEUTRAL,3,Water,Ward 4
"Electricity outages have reduced significantly, great work",POSITIVE,5,Public Safety,Ward 30
"Footpath occupied by vendors, pedestrians on road",NEGATIVE,2,Education,Ward 26
"Government hospital has no medicines, pathetic service",NEGATIVE,1,Roads,Ward 15
"Sewage line blocked for months, unbearable smell",NEGATIVE,1,Healthcare,Ward 11
Water tanker supply continues until pipeline fixed,NEUTRAL,3,Water,Ward 18
Public toilets are now clean and well maintained,POSITIVE,4,Transport,Ward 10
Hospital renovation work started last month,NEUTRAL,3,Sanitation,Ward 42
"Street lights broken since 2 months, no action taken",NEGATIVE,1,Electricity,Ward 17
New school building construction is progressing well,POSITIVE,4,Water,Ward 35
"Bridge cracks visible, no action from authorities",NEGATIVE,1,Water,Ward 31
"Complaint registered, under review by department",NEUTRAL,3,Water,Ward 48
Electricity cut for 3 days without any information,NEGATIVE,2,Education,Ward 18
"Quick action taken on our pothole complaint, impressed",POSITIVE,4,Education,Ward 12
Traffic signal upgrade project is under review,NEUTRAL,3,Water,Ward 3
New contractor assigned for road repair work,NEUTRAL,3,Roads,Ward 7
"Public toilet in horrible condition, very unhygienic",NEGATIVE,1,Water,Ward 48
"Park renovation looks beautiful, children love it",POSITIVE,4,Public Safety,Ward 35
Electricity department working on transformer upgrade,NEUTRAL,3,Construction,Ward 35
"Street lights broken since 2 months, no action taken",NEGATIVE,2,Transport,Ward 25
New school building construction is progressing well,POSITIVE,4,Healthcare,Ward 4
New hospital wing is a great addition to our area,POSITIVE,4,Parks,Ward 40
Traffic signal upgrade project is under review,NEUTRAL,3,Roads,Ward 33
Happy with the prompt response from civic authorities,POSITIVE,5,Education,Ward 31
Water tanker supply continues until pipeline fixed,NEUTRAL,3,Electricity,Ward 24
Hospital renovation work started last month,NEUTRAL,3,Public Safety,Ward 23
Water tanker supply continues until pipeline fixed,NEUTRAL,3,Electricity,Ward 41
Traffic signal upgrade project is under review,NEUTRAL,3,Healthcare,Ward 32
Garbage collection timings have been changed to morning,NEUTRAL,3,Sanitation,Ward 29
"Water tank cleaning done thoroughly, water quality improved",POSITIVE,4,Parks,Ward 42
Road marking work will start after monsoon,NEUTRAL,3,Education,Ward 20
New bus route announcement expected soon,NEUTRAL,3,Healthcare,Ward 3
Work order issued for pothole repair,NEUTRAL,3,Water,Ward 13
Street light maintenance scheduled for this weekend,NEUTRAL,3,Education,Ward 49
"Contractor used substandard materials, work failing",NEGATIVE,2,Electricity,Ward 46
Road marking work will start after monsoon,NEUTRAL,3,Parks,Ward 32
"Quick action taken on our pothole complaint, impressed",POSITIVE,5,Public Safety,Ward 1
Project completion date extended by two months,NEUTRAL,3,Public Safety,Ward 19
"Street lights are working perfectly now, feel safe at night",POSITIVE,4,Healthcare,Ward 29
New bus route announcement expected soon,NEUTRAL,3,Transport,Ward 43
Street light maintenance scheduled for this weekend,NEUTRAL,3,Construction,Ward 49
"Road repair done poorly, breaking again within weeks",NEGATIVE,1,Construction,Ward 22
Project started but no updates for 6 months,NEGATIVE,2,Construction,Ward 31
"Road marking done properly, reduces accidents at night",POSITIVE,4,Public Safety,Ward 50
"Complained 10 times about potholes, zero response",NEGATIVE,2,Healthcare,Ward 39
Water tanker supply continues until pipeline fixed,NEUTRAL,3,Parks,Ward 23
Hospital renovation work started last month,NEUTRAL,3,Education,Ward 25
Public toilets are now clean and well maintained,POSITIVE,4,Public Safety,Ward 5
The bridge repair was done with high quality materials,POSITIVE,4,Education,Ward 20
"Water supply erratic, pressure very low",NEGATIVE,1,Roads,Ward 4
"Contractor used substandard materials, work failing",NEGATIVE,1,Healthcare,Ward 1
Authorities not responding to any complaints,NEGATIVE,2,Education,Ward 18
Bridge inspection scheduled for next week,NEUTRAL,3,Water,Ward 28
Project completion date extended by two months,NEUTRAL,3,Education,Ward 28
"Quick action taken on our pothole complaint, impressed",POSITIVE,5,Healthcare,Ward 8
"Water tank cleaning done thoroughly, water quality improved",POSITIVE,4,Construction,Ward 5
"Bus route cancelled without notice, people suffering",NEGATIVE,2,Sanitation,Ward 2
New school building construction is progressing well,POSITIVE,5,Education,Ward 18
"Government hospital has no medicines, pathetic service",NEGATIVE,2,Construction,Ward 31
"Quick action taken on our pothole complaint, impressed",POSITIVE,5,Transport,Ward 32
Great improvement in garbage collection frequency,POSITIVE,4,Education,Ward 36
The construction work was neat and professional,POSITIVE,4,Sanitation,Ward 30
"Traffic signals not working, accidents happening daily",NEGATIVE,2,Education,Ward 23
Water pipeline replacement work in progress,NEUTRAL,3,Parks,Ward 10
"Road repair done poorly, breaking again within weeks",NEGATIVE,2,Sanitation,Ward 38
The contractor did excellent work on the drainage project,POSITIVE,5,Transport,Ward 48
Construction of new school building underway,NEUTRAL,3,Construction,Ward 15
Garbage collection timings have been changed to morning,NEUTRAL,3,Transport,Ward 48
"No street lights on dark lane, women feel unsafe",NEGATIVE,1,Transport,Ward 21
"The government responded quickly to our complaint, well done",POSITIVE,5,Sanitation,Ward 30
Authorities not responding to any complaints,NEGATIVE,2,Electricity,Ward 2
Road marking work will start after monsoon,NEUTRAL,3,Construction,Ward 7
"Water supply erratic, pressure very low",NEGATIVE,2,Roads,Ward 37
"Contractor used substandard materials, work failing",NEGATIVE,1,Roads,Ward 9
Public toilet construction tender has been floated,NEUTRAL,3,Public Safety,Ward 10
Water supply will be interrupted tomorrow for maintenance,NEUTRAL,3,Parks,Ward 48
"Water supply has improved a lot in our area, thank you",POSITIVE,5,Roads,Ward 37
"Construction noise at midnight, residents suffering",NEGATIVE,1,Transport,Ward 48
New traffic signals have reduced accidents in our area,POSITIVE,4,Water,Ward 7
Garbage collection timings have been changed to morning,NEUTRAL,3,Sanitation,Ward 45
New contractor assigned for road repair work,NEUTRAL,3,Electricity,Ward 18
"Water supply erratic, pressure very low",NEGATIVE,2,Roads,Ward 36
"Water supply erratic, pressure very low",NEGATIVE,2,Public Safety,Ward 27
"Complaint registered, under review by department",NEUTRAL,3,Construction,Ward 50
"Bus frequency has increased, commuting is easier",POSITIVE,4,Healthcare,Ward 47
"Park renovation looks beautiful, children love it",POSITIVE,4,Sanitation,Ward 10
"No street lights on dark lane, women feel unsafe",NEGATIVE,2,Sanitation,Ward 10
"Complaint registered, under review by department",NEUTRAL,3,Healthcare,Ward 5
"Bridge cracks visible, no action from authorities",NEGATIVE,1,Sanitation,Ward 21
"Quick action taken on our pothole complaint, impressed",POSITIVE,4,Transport,Ward 3
Water pipeline replacement work in progress,NEUTRAL,3,Healthcare,Ward 8
"Electricity outages have reduced significantly, great work",POSITIVE,5,Roads,Ward 6
Work order issued for pothole repair,NEUTRAL,3,Public Safety,Ward 13
The contractor did excellent work on the drainage project,POSITIVE,4,Education,Ward 33
New bus route announcement expected soon,NEUTRAL,3,Roads,Ward 45
Drainage cleaning drive happening next week,NEUTRAL,3,Public Safety,Ward 11
The bridge repair was done with high quality materials,POSITIVE,5,Education,Ward 35
Water supply will be interrupted tomorrow for maintenance,NEUTRAL,3,Parks,Ward 37
Solar street lights are a wonderful initiative,POSITIVE,4,Parks,Ward 8
New project for park development announced for our ward,NEUTRAL,3,Water,Ward 19
"Road marking done properly, reduces accidents at night",POSITIVE,4,Transport,Ward 42
"Sewage line blocked for months, unbearable smell",NEGATIVE,1,Healthcare,Ward 48
Construction of new school building underway,NEUTRAL,3,Education,Ward 1
Bridge inspection scheduled for next week,NEUTRAL,3,Construction,Ward 41
Road repair work is ongoing in our sector,NEUTRAL,3,Electricity,Ward 24
"Construction noise at midnight, residents suffering",NEGATIVE,1,Education,Ward 33
"Water supply has improved a lot in our area, thank you",POSITIVE,5,Public Safety,Ward 14
"Public toilet in horrible condition, very unhygienic",NEGATIVE,2,Roads,Ward 16
"Park facilities broken, children getting hurt",NEGATIVE,2,Public Safety,Ward 44
New project for park development announced for our ward,NEUTRAL,3,Roads,Ward 28
"Construction work stopped midway, area looks terrible",NEGATIVE,1,Transport,Ward 24
Road dug up for pipeline but not restored for months,NEGATIVE,1,Public Safety,Ward 11
"The government responded quickly to our complaint, well done",POSITIVE,5,Healthcare,Ward 11
"Sewage line blocked for months, unbearable smell",NEGATIVE,1,Education,Ward 33
Electricity department working on transformer upgrade,NEUTRAL,3,Roads,Ward 30
Power outage scheduled for maintenance work,NEUTRAL,3,Transport,Ward 36
New contractor assigned for road repair work,NEUTRAL,3,Education,Ward 4
Project completion date extended by two months,NEUTRAL,3,Healthcare,Ward 47
Committee formed to review delayed projects,NEUTRAL,3,Public Safety,Ward 11
Project started but no updates for 6 months,NEGATIVE,1,Construction,Ward 43
"Water supply erratic, pressure very low",NEGATIVE,2,Transport,Ward 39
Garbage collection timings have been changed to morning,NEUTRAL,3,Public Safety,Ward 5
"Construction work stopped midway, area looks terrible",NEGATIVE,2,Electricity,Ward 24
New contractor assigned for road repair work,NEUTRAL,3,Water,Ward 10
Public toilet construction tender has been floated,NEUTRAL,3,Electricity,Ward 13
"Water pipe burst causing damage, no immediate action",NEGATIVE,1,Public Safety,Ward 50
"Road marking done properly, reduces accidents at night",POSITIVE,4,Construction,Ward 43
The sanitation team is doing a commendable job,POSITIVE,4,Education,Ward 20
Project started but no updates for 6 months,NEGATIVE,1,Healthcare,Ward 9
"Complained 10 times about potholes, zero response",NEGATIVE,1,Transport,Ward 48
Survey completed for new drainage line,NEUTRAL,3,Sanitation,Ward 20
The construction work was neat and professional,POSITIVE,4,Transport,Ward 27
Public toilets are now clean and well maintained,POSITIVE,5,Education,Ward 18
The contractor did excellent work on the drainage project,POSITIVE,5,Sanitation,Ward 29
Road widening project expected to complete next month,NEUTRAL,3,Education,Ward 42
"Contractor used substandard materials, work failing",NEGATIVE,1,Roads,Ward 39
The bridge repair was done with high quality materials,POSITIVE,4,Education,Ward 35
New project for park development announced for our ward,NEUTRAL,3,Parks,Ward 6
"Quick action taken on our pothole complaint, impressed",POSITIVE,5,Transport,Ward 3
Bridge inspection scheduled for next week,NEUTRAL,3,Sanitation,Ward 12
Project completion date extended by two months,NEUTRAL,3,Electricity,Ward 17
Construction of new school building underway,NEUTRAL,3,Public Safety,Ward 20
"The road repair was completed on time, very happy with the work",POSITIVE,5,Parks,Ward 12
Survey completed for new drainage line,NEUTRAL,3,Parks,Ward 45
Great improvement in garbage collection frequency,POSITIVE,4,Transport,Ward 24
Electricity cut for 3 days without any information,NEGATIVE,2,Roads,Ward 20
Public toilets are now clean and well maintained,POSITIVE,4,Construction,Ward 23
Road repair work is ongoing in our sector,NEUTRAL,3,Parks,Ward 50
"The government responded quickly to our complaint, well done",POSITIVE,5,Electricity,Ward 9
"Drainage work done excellently, no more waterlogging",POSITIVE,4,Education,Ward 36
"No street lights on dark lane, women feel unsafe",NEGATIVE,2,Water,Ward 23
Road marking work will start after monsoon,NEUTRAL,3,Education,Ward 25
Water supply will be interrupted tomorrow for maintenance,NEUTRAL,3,Public Safety,Ward 16
Public toilets are now clean and well maintained,POSITIVE,4,Parks,Ward 18
Road repair work is ongoing in our sector,NEUTRAL,3,Water,Ward 35
"Complaint registered, under review by department",NEUTRAL,3,Electricity,Ward 25
"Public toilet in horrible condition, very unhygienic",NEGATIVE,1,Public Safety,Ward 9
Drainage cleaning drive happening next week,NEUTRAL,3,Healthcare,Ward 30
Authorities not responding to any complaints,NEGATIVE,1,Water,Ward 26
Garbage collection timings have been changed to morning,NEUTRAL,3,Sanitation,Ward 3
Happy with the prompt response from civic authorities,POSITIVE,5,Sanitation,Ward 47
"Street lights broken since 2 months, no action taken",NEGATIVE,1,Education,Ward 15
Public toilets are now clean and well maintained,POSITIVE,4,Sanitation,Ward 21
Road widening project completed ahead of schedule,POSITIVE,4,Electricity,Ward 3
Pothole on main road not fixed even after 3 complaints,NEGATIVE,2,Roads,Ward 7
Public toilet construction tender has been floated,NEUTRAL,3,Education,Ward 17
"Sewage line blocked for months, unbearable smell",NEGATIVE,2,Transport,Ward 34
"Public toilet in horrible condition, very unhygienic",NEGATIVE,2,Public Safety,Ward 40
Road repair work is ongoing in our sector,NEUTRAL,3,Roads,Ward 16
"Bridge cracks visible, no action from authorities",NEGATIVE,1,Roads,Ward 23
"Sewage line blocked for months, unbearable smell",NEGATIVE,1,Public Safety,Ward 7
Garbage collection timings have been changed to morning,NEUTRAL,3,Water,Ward 32
"Garbage not collected for a week, health hazard",NEGATIVE,1,Water,Ward 39
Traffic signal upgrade project is under review,NEUTRAL,3,Education,Ward 21
"Electricity outages have reduced significantly, great work",POSITIVE,5,Roads,Ward 14
Road widening project completed ahead of schedule,POSITIVE,4,Sanitation,Ward 5
New school building construction is progressing well,POSITIVE,5,Water,Ward 50
"Drainage work done excellently, no more waterlogging",POSITIVE,5,Electricity,Ward 40
"Street lights are working perfectly now, feel safe at night",POSITIVE,4,Parks,Ward 29
Public toilets are now clean and well maintained,POSITIVE,4,Healthcare,Ward 37
"Park facilities broken, children getting hurt",NEGATIVE,2,Sanitation,Ward 16
Road marking work will start after monsoon,NEUTRAL,3,Roads,Ward 18
"Footpath construction completed, senior citizens are happy",POSITIVE,5,Parks,Ward 46
Road widening project completed ahead of schedule,POSITIVE,5,Sanitation,Ward 11
Electricity cut for 3 days without any information,NEGATIVE,2,Electricity,Ward 41
Water pipeline replacement work in progress,NEUTRAL,3,Roads,Ward 8
"Electricity outages have reduced significantly, great work",POSITIVE,5,Education,Ward 21
Road widening project completed ahead of schedule,POSITIVE,4,Transport,Ward 6
Water supply will be interrupted tomorrow for maintenance,NEUTRAL,3,Parks,Ward 47
"Electricity outages have reduced significantly, great work",POSITIVE,5,Construction,Ward 44
Construction of new school building underway,NEUTRAL,3,Sanitation,Ward 28
Hospital renovation work started last month,NEUTRAL,3,Healthcare,Ward 6
"Government hospital has no medicines, pathetic service",NEGATIVE,2,Healthcare,Ward 13
Electricity cut for 3 days without any information,NEGATIVE,1,Public Safety,Ward 18
"Bridge cracks visible, no action from authorities",NEGATIVE,1,Roads,Ward 18
Project started but no updates for 6 months,NEGATIVE,2,Construction,Ward 17
The construction work was neat and professional,POSITIVE,4,Sanitation,Ward 18
"Garbage not collected for a week, health hazard",NEGATIVE,2,Transport,Ward 27
Survey completed for new drainage line,NEUTRAL,3,Roads,Ward 32
Electricity cut for 3 days without any information,NEGATIVE,2,Water,Ward 4
Road widening project expected to complete next month,NEUTRAL,3,Sanitation,Ward 5
Great improvement in garbage collection frequency,POSITIVE,5,Construction,Ward 24
"Traffic signals not working, accidents happening daily",NEGATIVE,2,Transport,Ward 48
Street light maintenance scheduled for this weekend,NEUTRAL,3,Public Safety,Ward 27
Road repair work is ongoing in our sector,NEUTRAL,3,Education,Ward 2
"Water supply has improved a lot in our area, thank you",POSITIVE,4,Parks,Ward 43
Survey completed for new drainage line,NEUTRAL,3,Healthcare,Ward 49
New contractor assigned for road repair work,NEUTRAL,3,Transport,Ward 43
The contractor did excellent work on the drainage project,POSITIVE,5,Water,Ward 6
"Drainage overflowing, sewage on streets, disgusting",NEGATIVE,2,Construction,Ward 8
Water pipeline replacement work in progress,NEUTRAL,3,Electricity,Ward 31
Hospital renovation work started last month,NEUTRAL,3,Sanitation,Ward 2
Construction of new school building underway,NEUTRAL,3,Water,Ward 21
Public toilets are now clean and well maintained,POSITIVE,5,Healthcare,Ward 30
Water pipeline replacement work in progress,NEUTRAL,3,Transport,Ward 34
"Bridge cracks visible, no action from authorities",NEGATIVE,1,Transport,Ward 8
"Electricity outages have reduced significantly, great work",POSITIVE,5,Public Safety,Ward 26
Road dug up for pipeline but not restored for months,NEGATIVE,1,Construction,Ward 39
"Water supply erratic, pressure very low",NEGATIVE,1,Water,Ward 8
Drainage cleaning drive happening next week,NEUTRAL,3,Education,Ward 21
Environmental clearance received for park project,NEUTRAL,3,Electricity,Ward 49
Survey completed for new drainage line,NEUTRAL,3,Public Safety,Ward 35
New school building construction is progressing well,POSITIVE,5,Water,Ward 8
Environmental clearance received for park project,NEUTRAL,3,Construction,Ward 24
Great improvement in garbage collection frequency,POSITIVE,5,Electricity,Ward 24
"Water tank cleaning done thoroughly, water quality improved",POSITIVE,5,Construction,Ward 22
"Footpath construction completed, senior citizens are happy",POSITIVE,4,Sanitation,Ward 4
The construction work was neat and professional,POSITIVE,5,Parks,Ward 22
Work order issued for pothole repair,NEUTRAL,3,Public Safety,Ward 27
"Road marking done properly, reduces accidents at night",POSITIVE,4,Healthcare,Ward 3
New bus route announcement expected soon,NEUTRAL,3,Construction,Ward 42
Hospital renovation work started last month,NEUTRAL,3,Parks,Ward 10
Electricity department working on transformer upgrade,NEUTRAL,3,Construction,Ward 28
"Contractor used substandard materials, work failing",NEGATIVE,2,Construction,Ward 47
"Water supply erratic, pressure very low",NEGATIVE,1,Sanitation,Ward 18
"Traffic signals not working, accidents happening daily",NEGATIVE,1,Electricity,Ward 40
Hospital renovation work started last month,NEUTRAL,3,Electricity,Ward 35
Electricity department working on transformer upgrade,NEUTRAL,3,Healthcare,Ward 31
Garbage collection timings have been changed to morning,NEUTRAL,3,Parks,Ward 40
Traffic signal upgrade project is under review,NEUTRAL,3,Roads,Ward 43
"Complaint registered, under review by department",NEUTRAL,3,Transport,Ward 6
Committee formed to review delayed projects,NEUTRAL,3,Healthcare,Ward 38
"Road marking done properly, reduces accidents at night",POSITIVE,5,Sanitation,Ward 20
"Bridge cracks visible, no action from authorities",NEGATIVE,1,Construction,Ward 12
"Quick action taken on our pothole complaint, impressed",POSITIVE,4,Transport,Ward 4
Public toilet construction tender has been floated,NEUTRAL,3,Electricity,Ward 1
Power outage scheduled for maintenance work,NEUTRAL,3,Sanitation,Ward 14
Road marking work will start after monsoon,NEUTRAL,3,Sanitation,Ward 21
"No street lights on dark lane, women feel unsafe",NEGATIVE,1,Sanitation,Ward 35
"Sewage line blocked for months, unbearable smell",NEGATIVE,2,Electricity,Ward 21
"Traffic signals not working, accidents happening daily",NEGATIVE,2,Parks,Ward 48
"Construction work stopped midway, area looks terrible",NEGATIVE,1,Sanitation,Ward 8
"Electricity outages have reduced significantly, great work",POSITIVE,4,Healthcare,Ward 11
"Park facilities broken, children getting hurt",NEGATIVE,1,Transport,Ward 23
Survey completed for new drainage line,NEUTRAL,3,Roads,Ward 38
"The government responded quickly to our complaint, well done",POSITIVE,4,Electricity,Ward 31
Water tanker supply continues until pipeline fixed,NEUTRAL,3,Parks,Ward 15
The contractor did excellent work on the drainage project,POSITIVE,5,Transport,Ward 2
Project started but no updates for 6 months,NEGATIVE,1,Construction,Ward 11
Road dug up for pipeline but not restored for months,NEGATIVE,2,Public Safety,Ward 29
"Construction work stopped midway, area looks terrible",NEGATIVE,1,Healthcare,Ward 2
The construction work was neat and professional,POSITIVE,4,Water,Ward 23
"No street lights on dark lane, women feel unsafe",NEGATIVE,2,Water,Ward 2
The construction work was neat and professional,POSITIVE,4,Education,Ward 42
"Water supply erratic, pressure very low",NEGATIVE,1,Construction,Ward 15
"Street lights are working perfectly now, feel safe at night",POSITIVE,5,Water,Ward 3
"Contractor used substandard materials, work failing",NEGATIVE,1,Electricity,Ward 50
Electricity department working on transformer upgrade,NEUTRAL,3,Transport,Ward 27
"Footpath construction completed, senior citizens are happy",POSITIVE,5,Education,Ward 28
"Water supply erratic, pressure very low",NEGATIVE,1,Parks,Ward 7
"Government hospital has no medicines, pathetic service",NEGATIVE,2,Water,Ward 48
"Footpath construction completed, senior citizens are happy",POSITIVE,4,Healthcare,Ward 6
"Footpath construction completed, senior citizens are happy",POSITIVE,5,Construction,Ward 25
"The road repair was completed on time, very happy with the work",POSITIVE,4,Sanitation,Ward 2
"Bridge cracks visible, no action from authorities",NEGATIVE,1,Sanitation,Ward 42
Electricity department working on transformer upgrade,NEUTRAL,3,Water,Ward 19
"Water quality has improved, no more complaints from residents",POSITIVE,5,Transport,Ward 39
"Complaint registered, under review by department",NEUTRAL,3,Sanitation,Ward 28
"Traffic signals not working, accidents happening daily",NEGATIVE,2,Transport,Ward 24
Drainage cleaning drive happening next week,NEUTRAL,3,Construction,Ward 3
Great improvement in garbage collection frequency,POSITIVE,4,Parks,Ward 42
Happy with the prompt response from civic authorities,POSITIVE,4,Parks,Ward 5
"Drainage work done excellently, no more waterlogging",POSITIVE,4,Parks,Ward 29
"Drainage overflowing, sewage on streets, disgusting",NEGATIVE,2,Electricity,Ward 47
The bridge repair was done with high quality materials,POSITIVE,4,Public Safety,Ward 44
"Construction noise at midnight, residents suffering",NEGATIVE,2,Parks,Ward 37
"Street lights are working perfectly now, feel safe at night",POSITIVE,5,Public Safety,Ward 6
Construction of new school building underway,NEUTRAL,3,Parks,Ward 20
"Complaint registered, under review by department",NEUTRAL,3,Public Safety,Ward 17
New school building construction is progressing well,POSITIVE,4,Public Safety,Ward 25
"Public toilet in horrible condition, very unhygienic",NEGATIVE,1,Electricity,Ward 37
Authorities not responding to any complaints,NEGATIVE,1,Education,Ward 35
Authorities not responding to any complaints,NEGATIVE,1,Education,Ward 33
"Footpath occupied by vendors, pedestrians on road",NEGATIVE,1,Healthcare,Ward 5
"Water quality has improved, no more complaints from residents",POSITIVE,5,Roads,Ward 40
"Electricity outages have reduced significantly, great work",POSITIVE,4,Electricity,Ward 22
Authorities not responding to any complaints,NEGATIVE,1,Healthcare,Ward 35
"Government hospital has no medicines, pathetic service",NEGATIVE,1,Parks,Ward 23
"Footpath construction completed, senior citizens are happy",POSITIVE,5,Education,Ward 24
Hospital renovation work started last month,NEUTRAL,3,Education,Ward 10
Garbage collection timings have been changed to morning,NEUTRAL,3,Electricity,Ward 13
"Footpath construction completed, senior citizens are happy",POSITIVE,5,Water,Ward 35
"Road marking done properly, reduces accidents at night",POSITIVE,5,Education,Ward 33
Great improvement in garbage collection frequency,POSITIVE,5,Water,Ward 2
Solar street lights are a wonderful initiative,POSITIVE,5,Parks,Ward 45
"No water supply for the past 5 days, very frustrated",NEGATIVE,2,Healthcare,Ward 12
"Complained 10 times about potholes, zero response",NEGATIVE,1,Roads,Ward 44
Traffic signal upgrade project is under review,NEUTRAL,3,Water,Ward 10
Street light maintenance scheduled for this weekend,NEUTRAL,3,Parks,Ward 34
Bridge inspection scheduled for next week,NEUTRAL,3,Electricity,Ward 32
"Traffic signals not working, accidents happening daily",NEGATIVE,1,Sanitation,Ward 48
Electricity cut for 3 days without any information,NEGATIVE,2,Parks,Ward 17
"Water tank cleaning done thoroughly, water quality improved",POSITIVE,4,Healthcare,Ward 26
"Drainage overflowing, sewage on streets, disgusting",NEGATIVE,1,Water,Ward 14
"Construction noise at midnight, residents suffering",NEGATIVE,2,Construction,Ward 6
The construction work was neat and professional,POSITIVE,4,Transport,Ward 36
"The government responded quickly to our complaint, well done",POSITIVE,4,Sanitation,Ward 14
Traffic signal upgrade project is under review,NEUTRAL,3,Electricity,Ward 19
Road dug up for pipeline but not restored for months,NEGATIVE,2,Sanitation,Ward 21
Project started but no updates for 6 months,NEGATIVE,1,Roads,Ward 42
"Electricity outages have reduced significantly, great work",POSITIVE,5,Sanitation,Ward 49
"Water pipe burst causing damage, no immediate action",NEGATIVE,2,Transport,Ward 36
"Road marking done properly, reduces accidents at night",POSITIVE,5,Public Safety,Ward 1
Construction of new school building underway,NEUTRAL,3,Public Safety,Ward 33
Road dug up for pipeline but not restored for months,NEGATIVE,1,Transport,Ward 49
Authorities not responding to any complaints,NEGATIVE,1,Healthcare,Ward 4
"Bus route cancelled without notice, people suffering",NEGATIVE,1,Public Safety,Ward 11
"Water supply has improved a lot in our area, thank you",POSITIVE,5,Public Safety,Ward 5
"Government hospital has no medicines, pathetic service",NEGATIVE,2,Electricity,Ward 39
Water supply will be interrupted tomorrow for maintenance,NEUTRAL,3,Education,Ward 28
Traffic signal upgrade project is under review,NEUTRAL,3,Healthcare,Ward 19
"Quick action taken on our pothole complaint, impressed",POSITIVE,5,Parks,Ward 12
Street light maintenance scheduled for this weekend,NEUTRAL,3,Water,Ward 46
"The road repair was completed on time, very happy with the work",POSITIVE,5,Sanitation,Ward 3
Bridge inspection scheduled for next week,NEUTRAL,3,Construction,Ward 17
New hospital wing is a great addition to our area,POSITIVE,5,Education,Ward 22
"Sewage line blocked for months, unbearable smell",NEGATIVE,2,Healthcare,Ward 41
Public toilets are now clean and well maintained,POSITIVE,4,Transport,Ward 23
Water pipeline replacement work in progress,NEUTRAL,3,Healthcare,Ward 37
"Bus frequency has increased, commuting is easier",POSITIVE,4,Water,Ward 40
"Electricity outages have reduced significantly, great work",POSITIVE,5,Parks,Ward 9
Survey completed for new drainage line,NEUTRAL,3,Roads,Ward 39
"Sewage line blocked for months, unbearable smell",NEGATIVE,1,Electricity,Ward 21
"Contractor used substandard materials, work failing",NEGATIVE,2,Parks,Ward 44
"Water pipe burst causing damage, no immediate action",NEGATIVE,1,Education,Ward 34
"Construction work stopped midway, area looks terrible",NEGATIVE,1,Parks,Ward 7
Road marking work will start after monsoon,NEUTRAL,3,Healthcare,Ward 11
Electricity department working on transformer upgrade,NEUTRAL,3,Public Safety,Ward 1
"Water supply erratic, pressure very low",NEGATIVE,1,Healthcare,Ward 27
"Bridge cracks visible, no action from authorities",NEGATIVE,1,Water,Ward 39
"Complained 10 times about potholes, zero response",NEGATIVE,2,Transport,Ward 9
Road repair work is ongoing in our sector,NEUTRAL,3,Public Safety,Ward 46
Solar street lights are a wonderful initiative,POSITIVE,4,Public Safety,Ward 1
"Park renovation looks beautiful, children love it",POSITIVE,4,Sanitation,Ward 23
Water tanker supply continues until pipeline fixed,NEUTRAL,3,Healthcare,Ward 45
"Street lights broken since 2 months, no action taken",NEGATIVE,2,Water,Ward 13
"Quick action taken on our pothole complaint, impressed",POSITIVE,5,Sanitation,Ward 7
Environmental clearance received for park project,NEUTRAL,3,Parks,Ward 42
Electricity cut for 3 days without any information,NEGATIVE,2,Transport,Ward 26
Environmental clearance received for park project,NEUTRAL,3,Parks,Ward 35
"Public toilet in horrible condition, very unhygienic",NEGATIVE,1,Education,Ward 46
"Government hospital has no medicines, pathetic service",NEGATIVE,2,Education,Ward 24
Road marking work will start after monsoon,NEUTRAL,3,Roads,Ward 8
The bridge repair was done with high quality materials,POSITIVE,4,Water,Ward 42
Road dug up for pipeline but not restored for months,NEGATIVE,1,Electricity,Ward 38
Traffic signal upgrade project is under review,NEUTRAL,3,Parks,Ward 30
Electricity cut for 3 days without any information,NEGATIVE,1,Sanitation,Ward 21
"Water quality has improved, no more complaints from residents",POSITIVE,5,Sanitation,Ward 5
Road widening project completed ahead of schedule,POSITIVE,4,Construction,Ward 10
Pothole on main road not fixed even after 3 complaints,NEGATIVE,2,Sanitation,Ward 27
Water supply will be interrupted tomorrow for maintenance,NEUTRAL,3,Education,Ward 50
"Water pipe burst causing damage, no immediate action",NEGATIVE,2,Construction,Ward 10
"Road marking done properly, reduces accidents at night",POSITIVE,4,Roads,Ward 43
"Water quality has improved, no more complaints from residents",POSITIVE,4,Roads,Ward 40
"Water pipe burst causing damage, no immediate action",NEGATIVE,1,Transport,Ward 47
New hospital wing is a great addition to our area,POSITIVE,5,Education,Ward 12
Road marking work will start after monsoon,NEUTRAL,3,Public Safety,Ward 47
"Water quality has improved, no more complaints from residents",POSITIVE,5,Healthcare,Ward 17
Road widening project completed ahead of schedule,POSITIVE,4,Healthcare,Ward 50
Bridge inspection scheduled for next week,NEUTRAL,3,Public Safety,Ward 24
"Bridge cracks visible, no action from authorities",NEGATIVE,1,Healthcare,Ward 44
New school building construction is progressing well,POSITIVE,4,Water,Ward 12
"Water quality has improved, no more complaints from residents",POSITIVE,5,Construction,Ward 44
"Construction work stopped midway, area looks terrible",NEGATIVE,1,Roads,Ward 40
"Water supply has improved a lot in our area, thank you",POSITIVE,4,Healthcare,Ward 6
Water tanker supply continues until pipeline fixed,NEUTRAL,3,Transport,Ward 9
Road dug up for pipeline but not restored for months,NEGATIVE,1,Education,Ward 27
Garbage collection timings have been changed to morning,NEUTRAL,3,Roads,Ward 18
"Road marking done properly, reduces accidents at night",POSITIVE,4,Electricity,Ward 39
Road widening project expected to complete next month,NEUTRAL,3,Construction,Ward 38
Work order issued for pothole repair,NEUTRAL,3,Education,Ward 27
Survey completed for new drainage line,NEUTRAL,3,Sanitation,Ward 46
"Footpath construction completed, senior citizens are happy",POSITIVE,5,Parks,Ward 4
Pothole on main road not fixed even after 3 complaints,NEGATIVE,2,Public Safety,Ward 33
Project started but no updates for 6 months,NEGATIVE,1,Parks,Ward 7
Road widening project completed ahead of schedule,POSITIVE,4,Sanitation,Ward 32
"Public toilet in horrible condition, very unhygienic",NEGATIVE,2,Electricity,Ward 9
"Construction noise at midnight, residents suffering",NEGATIVE,2,Parks,Ward 42
"Construction work stopped midway, area looks terrible",NEGATIVE,2,Parks,Ward 12
Pothole on main road not fixed even after 3 complaints,NEGATIVE,2,Electricity,Ward 4
"Park facilities broken, children getting hurt",NEGATIVE,2,Water,Ward 29
"Construction noise at midnight, residents suffering",NEGATIVE,2,Water,Ward 49
Authorities not responding to any complaints,NEGATIVE,1,Transport,Ward 40
Committee formed to review delayed projects,NEUTRAL,3,Education,Ward 41
Survey completed for new drainage line,NEUTRAL,3,Healthcare,Ward 43
"Water supply erratic, pressure very low",NEGATIVE,1,Education,Ward 16
Project started but no updates for 6 months,NEGATIVE,1,Parks,Ward 16
Power outage scheduled for maintenance work,NEUTRAL,3,Sanitation,Ward 35
"Water supply erratic, pressure very low",NEGATIVE,2,Construction,Ward 43
"Drainage overflowing, sewage on streets, disgusting",NEGATIVE,2,Water,Ward 50
"Park facilities broken, children getting hurt",NEGATIVE,1,Sanitation,Ward 21
Work order issued for pothole repair,NEUTRAL,3,Transport,Ward 42
Pothole on main road not fixed even after 3 complaints,NEGATIVE,2,Transport,Ward 46
Environmental clearance received for park project,NEUTRAL,3,Healthcare,Ward 10
Garbage collection timings have been changed to morning,NEUTRAL,3,Education,Ward 11
The contractor did excellent work on the drainage project,POSITIVE,5,Healthcare,Ward 3
"Footpath occupied by vendors, pedestrians on road",NEGATIVE,1,Healthcare,Ward 3
Environmental clearance received for park project,NEUTRAL,3,Education,Ward 23
"Water supply erratic, pressure very low",NEGATIVE,1,Electricity,Ward 10
"Sewage line blocked for months, unbearable smell",NEGATIVE,2,Education,Ward 11
New contractor assigned for road repair work,NEUTRAL,3,Transport,Ward 5
Hospital renovation work started last month,NEUTRAL,3,Electricity,Ward 16
Public toilet construction tender has been floated,NEUTRAL,3,Transport,Ward 19
Survey completed for new drainage line,NEUTRAL,3,Education,Ward 17
"Water tank cleaning done thoroughly, water quality improved",POSITIVE,5,Public Safety,Ward 25
"Park renovation looks beautiful, children love it",POSITIVE,4,Electricity,Ward 45
New contractor assigned for road repair work,NEUTRAL,3,Electricity,Ward 33
Water tanker supply continues until pipeline fixed,NEUTRAL,3,Roads,Ward 29
Water pipeline replacement work in progress,NEUTRAL,3,Transport,Ward 15
Survey completed for new drainage line,NEUTRAL,3,Healthcare,Ward 12
Environmental clearance received for park project,NEUTRAL,3,Construction,Ward 20
"Water supply has improved a lot in our area, thank you",POSITIVE,4,Construction,Ward 15
"Traffic signals not working, accidents happening daily",NEGATIVE,2,Roads,Ward 3
The sanitation team is doing a commendable job,POSITIVE,4,Water,Ward 50
"Footpath construction completed, senior citizens are happy",POSITIVE,4,Construction,Ward 2
Road widening project expected to complete next month,NEUTRAL,3,Electricity,Ward 37
New project for park development announced for our ward,NEUTRAL,3,Sanitation,Ward 28
New bus route announcement expected soon,NEUTRAL,3,Public Safety,Ward 29
New school building construction is progressing well,POSITIVE,5,Sanitation,Ward 43
Public toilet construction tender has been floated,NEUTRAL,3,Education,Ward 9
"Water pipe burst causing damage, no immediate action",NEGATIVE,2,Healthcare,Ward 15
Solar street lights are a wonderful initiative,POSITIVE,4,Water,Ward 1
"Street lights are working perfectly now, feel safe at night",POSITIVE,4,Roads,Ward 27
"Quick action taken on our pothole complaint, impressed",POSITIVE,4,Parks,Ward 22
Project started but no updates for 6 months,NEGATIVE,1,Roads,Ward 12
"Complaint registered, under review by department",NEUTRAL,3,Public Safety,Ward 47
"Road marking done properly, reduces accidents at night",POSITIVE,4,Transport,Ward 14
"Footpath construction completed, senior citizens are happy",POSITIVE,5,Transport,Ward 34
Road widening project completed ahead of schedule,POSITIVE,5,Water,Ward 16
"Road marking done properly, reduces accidents at night",POSITIVE,5,Sanitation,Ward 45
"Water tank cleaning done thoroughly, water quality improved",POSITIVE,4,Water,Ward 1
"No street lights on dark lane, women feel unsafe",NEGATIVE,2,Healthcare,Ward 20
New bus route announcement expected soon,NEUTRAL,3,Water,Ward 45
Environmental clearance received for park project,NEUTRAL,3,Healthcare,Ward 46
Traffic signal upgrade project is under review,NEUTRAL,3,Education,Ward 33
Road widening project completed ahead of schedule,POSITIVE,5,Construction,Ward 45
"Footpath occupied by vendors, pedestrians on road",NEGATIVE,2,Public Safety,Ward 21
Road widening project completed ahead of schedule,POSITIVE,4,Water,Ward 13
"Quick action taken on our pothole complaint, impressed",POSITIVE,5,Parks,Ward 50
"Water quality has improved, no more complaints from residents",POSITIVE,5,Electricity,Ward 45
Road dug up for pipeline but not restored for months,NEGATIVE,2,Education,Ward 25
Road dug up for pipeline but not restored for months,NEGATIVE,1,Construction,Ward 1
Great improvement in garbage collection frequency,POSITIVE,4,Electricity,Ward 18
Garbage collection timings have been changed to morning,NEUTRAL,3,Sanitation,Ward 2
Water supply will be interrupted tomorrow for maintenance,NEUTRAL,3,Education,Ward 6
Great improvement in garbage collection frequency,POSITIVE,4,Transport,Ward 15
Electricity department working on transformer upgrade,NEUTRAL,3,Sanitation,Ward 22
"Garbage not collected for a week, health hazard",NEGATIVE,1,Education,Ward 37
Bridge inspection scheduled for next week,NEUTRAL,3,Construction,Ward 13
"Park facilities broken, children getting hurt",NEGATIVE,2,Electricity,Ward 20
"Footpath construction completed, senior citizens are happy",POSITIVE,4,Electricity,Ward 17
Project started but no updates for 6 months,NEGATIVE,2,Education,Ward 27
Construction of new school building underway,NEUTRAL,3,Healthcare,Ward 6
Project completion date extended by two months,NEUTRAL,3,Electricity,Ward 19
New bus route announcement expected soon,NEUTRAL,3,Education,Ward 3
"Water quality has improved, no more complaints from residents",POSITIVE,5,Public Safety,Ward 1
Bridge inspection scheduled for next week,NEUTRAL,3,Water,Ward 15
Road marking work will start after monsoon,NEUTRAL,3,Transport,Ward 18
Drainage cleaning drive happening next week,NEUTRAL,3,Construction,Ward 20
"Footpath construction completed, senior citizens are happy",POSITIVE,4,Healthcare,Ward 33
"Drainage overflowing, sewage on streets, disgusting",NEGATIVE,2,Roads,Ward 6
"Complained 10 times about potholes, zero response",NEGATIVE,1,Public Safety,Ward 25
"No water supply for the past 5 days, very frustrated",NEGATIVE,1,Construction,Ward 6
Survey completed for new drainage line,NEUTRAL,3,Water,Ward 21
Great improvement in garbage collection frequency,POSITIVE,4,Roads,Ward 9
Drainage cleaning drive happening next week,NEUTRAL,3,Sanitation,Ward 27
"Water supply erratic, pressure very low",NEGATIVE,1,Roads,Ward 42
"Contractor used substandard materials, work failing",NEGATIVE,2,Water,Ward 44
"Park facilities broken, children getting hurt",NEGATIVE,1,Water,Ward 17
"Garbage not collected for a week, health hazard",NEGATIVE,1,Public Safety,Ward 30
"Drainage work done excellently, no more waterlogging",POSITIVE,4,Construction,Ward 5
"Contractor used substandard materials, work failing",NEGATIVE,2,Public Safety,Ward 37
"Water quality has improved, no more complaints from residents",POSITIVE,5,Parks,Ward 18
"Road marking done properly, reduces accidents at night",POSITIVE,4,Healthcare,Ward 23
The contractor did excellent work on the drainage project,POSITIVE,4,Public Safety,Ward 3
"Public toilet in horrible condition, very unhygienic",NEGATIVE,2,Construction,Ward 2
"Street lights broken since 2 months, no action taken",NEGATIVE,2,Education,Ward 15
"Bus frequency has increased, commuting is easier",POSITIVE,4,Water,Ward 41
"Water supply has improved a lot in our area, thank you",POSITIVE,5,Water,Ward 27
Water pipeline replacement work in progress,NEUTRAL,3,Parks,Ward 44
"Footpath occupied by vendors, pedestrians on road",NEGATIVE,2,Parks,Ward 9
Happy with the prompt response from civic authorities,POSITIVE,4,Water,Ward 18
"Water pipe burst causing damage, no immediate action",NEGATIVE,1,Sanitation,Ward 30
New traffic signals have reduced accidents in our area,POSITIVE,5,Transport,Ward 14
"Bus frequency has increased, commuting is easier",POSITIVE,4,Roads,Ward 38
Drainage cleaning drive happening next week,NEUTRAL,3,Transport,Ward 23
"Construction noise at midnight, residents suffering",NEGATIVE,2,Water,Ward 35
Solar street lights are a wonderful initiative,POSITIVE,5,Transport,Ward 16
"Footpath construction completed, senior citizens are happy",POSITIVE,5,Water,Ward 10
Public toilet construction tender has been floated,NEUTRAL,3,Transport,Ward 15
Power outage scheduled for maintenance work,NEUTRAL,3,Sanitation,Ward 49
Road dug up for pipeline but not restored for months,NEGATIVE,2,Healthcare,Ward 24
Environmental clearance received for park project,NEUTRAL,3,Transport,Ward 41
New contractor assigned for road repair work,NEUTRAL,3,Education,Ward 10
The construction work was neat and professional,POSITIVE,4,Public Safety,Ward 41
Great improvement in garbage collection frequency,POSITIVE,4,Parks,Ward 38
Road repair work is ongoing in our sector,NEUTRAL,3,Roads,Ward 21
Public toilet construction tender has been floated,NEUTRAL,3,Construction,Ward 19
Construction of new school building underway,NEUTRAL,3,Public Safety,Ward 3
Public toilets are now clean and well maintained,POSITIVE,5,Education,Ward 2
"Bus route cancelled without notice, people suffering",NEGATIVE,2,Parks,Ward 16
Pothole on main road not fixed even after 3 complaints,NEGATIVE,1,Construction,Ward 34
"Electricity outages have reduced significantly, great work",POSITIVE,5,Roads,Ward 28
"Street lights are working perfectly now, feel safe at night",POSITIVE,5,Healthcare,Ward 16
"Water tank cleaning done thoroughly, water quality improved",POSITIVE,4,Education,Ward 4
"Park renovation looks beautiful, children love it",POSITIVE,5,Electricity,Ward 21
The sanitation team is doing a commendable job,POSITIVE,4,Healthcare,Ward 45
Environmental clearance received for park project,NEUTRAL,3,Electricity,Ward 39
"Bus frequency has increased, commuting is easier",POSITIVE,5,Water,Ward 19
The sanitation team is doing a commendable job,POSITIVE,4,Electricity,Ward 16
Survey completed for new drainage line,NEUTRAL,3,Sanitation,Ward 40
"Bus frequency has increased, commuting is easier",POSITIVE,5,Education,Ward 23
The construction work was neat and professional,POSITIVE,5,Transport,Ward 2
Authorities not responding to any complaints,NEGATIVE,2,Education,Ward 27
"Footpath construction completed, senior citizens are happy",POSITIVE,5,Public Safety,Ward 21
"Government hospital has no medicines, pathetic service",NEGATIVE,1,Sanitation,Ward 16
Road repair work is ongoing in our sector,NEUTRAL,3,Public Safety,Ward 35
Street light maintenance scheduled for this weekend,NEUTRAL,3,Sanitation,Ward 23
Great improvement in garbage collection frequency,POSITIVE,4,Public Safety,Ward 27
"Electricity outages have reduced significantly, great work",POSITIVE,4,Transport,Ward 26
Road widening project expected to complete next month,NEUTRAL,3,Sanitation,Ward 4
Road repair work is ongoing in our sector,NEUTRAL,3,Transport,Ward 30
Road dug up for pipeline but not restored for months,NEGATIVE,2,Construction,Ward 23
"Sewage line blocked for months, unbearable smell",NEGATIVE,1,Healthcare,Ward 12
"Drainage overflowing, sewage on streets, disgusting",NEGATIVE,1,Healthcare,Ward 50
"Park renovation looks beautiful, children love it",POSITIVE,5,Water,Ward 29
"Water pipe burst causing damage, no immediate action",NEGATIVE,1,Construction,Ward 18
"Quick action taken on our pothole complaint, impressed",POSITIVE,4,Parks,Ward 33
"Quick action taken on our pothole complaint, impressed",POSITIVE,5,Construction,Ward 45
"Footpath occupied by vendors, pedestrians on road",NEGATIVE,1,Construction,Ward 12
"Bridge cracks visible, no action from authorities",NEGATIVE,2,Transport,Ward 5
"Footpath construction completed, senior citizens are happy",POSITIVE,4,Parks,Ward 8
The sanitation team is doing a commendable job,POSITIVE,5,Electricity,Ward 40
"Construction noise at midnight, residents suffering",NEGATIVE,1,Sanitation,Ward 14
"The road repair was completed on time, very happy with the work",POSITIVE,5,Roads,Ward 2
Project completion date extended by two months,NEUTRAL,3,Sanitation,Ward 31
"Water supply erratic, pressure very low",NEGATIVE,2,Electricity,Ward 6
Construction of new school building underway,NEUTRAL,3,Transport,Ward 29
"Road repair done poorly, breaking again within weeks",NEGATIVE,1,Electricity,Ward 44
New school building construction is progressing well,POSITIVE,4,Electricity,Ward 20
Happy with the prompt response from civic authorities,POSITIVE,5,Construction,Ward 20
Pothole on main road not fixed even after 3 complaints,NEGATIVE,1,Sanitation,Ward 43
"Traffic signals not working, accidents happening daily",NEGATIVE,2,Roads,Ward 22
"Footpath construction completed, senior citizens are happy",POSITIVE,5,Public Safety,Ward 25
Traffic signal upgrade project is under review,NEUTRAL,3,Education,Ward 35
"Park renovation looks beautiful, children love it",POSITIVE,5,Water,Ward 29
"No street lights on dark lane, women feel unsafe",NEGATIVE,2,Construction,Ward 49
"Construction work stopped midway, area looks terrible",NEGATIVE,2,Education,Ward 44
The contractor did excellent work on the drainage project,POSITIVE,4,Water,Ward 34
Environmental clearance received for park project,NEUTRAL,3,Roads,Ward 41
Public toilets are now clean and well maintained,POSITIVE,5,Electricity,Ward 39
Committee formed to review delayed projects,NEUTRAL,3,Construction,Ward 35
"Construction noise at midnight, residents suffering",NEGATIVE,1,Public Safety,Ward 41
Project started but no updates for 6 months,NEGATIVE,1,Construction,Ward 15
"Street lights broken since 2 months, no action taken",NEGATIVE,2,Water,Ward 33
New project for park development announced for our ward,NEUTRAL,3,Healthcare,Ward 14
"Construction noise at midnight, residents suffering",NEGATIVE,2,Water,Ward 49
New contractor assigned for road repair work,NEUTRAL,3,Roads,Ward 25
Water tanker supply continues until pipeline fixed,NEUTRAL,3,Electricity,Ward 17
"Construction noise at midnight, residents suffering",NEGATIVE,1,Parks,Ward 41
Public toilet construction tender has been floated,NEUTRAL,3,Public Safety,Ward 34
Water pipeline replacement work in progress,NEUTRAL,3,Electricity,Ward 8
"Complained 10 times about potholes, zero response",NEGATIVE,2,Transport,Ward 6
Project started but no updates for 6 months,NEGATIVE,2,Roads,Ward 24
Work order issued for pothole repair,NEUTRAL,3,Public Safety,Ward 14
"Footpath occupied by vendors, pedestrians on road",NEGATIVE,1,Transport,Ward 23
"Water supply has improved a lot in our area, thank you",POSITIVE,4,Sanitation,Ward 41
Survey completed for new drainage line,NEUTRAL,3,Electricity,Ward 32
"Complained 10 times about potholes, zero response",NEGATIVE,1,Roads,Ward 48
Survey completed for new drainage line,NEUTRAL,3,Public Safety,Ward 43
"Sewage line blocked for months, unbearable smell",NEGATIVE,2,Construction,Ward 14
"Complained 10 times about potholes, zero response",NEGATIVE,2,Parks,Ward 49
Drainage cleaning drive happening next week,NEUTRAL,3,Construction,Ward 50
Street light maintenance scheduled for this weekend,NEUTRAL,3,Roads,Ward 28
"Footpath occupied by vendors, pedestrians on road",NEGATIVE,2,Healthcare,Ward 13
"Complaint registered, under review by department",NEUTRAL,3,Construction,Ward 45
Survey completed for new drainage line,NEUTRAL,3,Water,Ward 11
Project completion date extended by two months,NEUTRAL,3,Water,Ward 47
"Contractor used substandard materials, work failing",NEGATIVE,1,Construction,Ward 41
Road repair work is ongoing in our sector,NEUTRAL,3,Healthcare,Ward 17
Happy with the prompt response from civic authorities,POSITIVE,4,Healthcare,Ward 43
Project started but no updates for 6 months,NEGATIVE,1,Electricity,Ward 13
"The government responded quickly to our complaint, well done",POSITIVE,4,Healthcare,Ward 6
"Public toilet in horrible condition, very unhygienic",NEGATIVE,2,Roads,Ward 19
Bridge inspection scheduled for next week,NEUTRAL,3,Construction,Ward 43
"Bridge cracks visible, no action from authorities",NEGATIVE,1,Water,Ward 29
"Park renovation looks beautiful, children love it",POSITIVE,4,Roads,Ward 19
"Public toilet in horrible condition, very unhygienic",NEGATIVE,2,Construction,Ward 27
"Park renovation looks beautiful, children love it",POSITIVE,4,Sanitation,Ward 33
Project started but no updates for 6 months,NEGATIVE,2,Roads,Ward 30
Bridge inspection scheduled for next week,NEUTRAL,3,Water,Ward 31
Public toilet construction tender has been floated,NEUTRAL,3,Construction,Ward 49
Water tanker supply continues until pipeline fixed,NEUTRAL,3,Transport,Ward 44
"Sewage line blocked for months, unbearable smell",NEGATIVE,1,Parks,Ward 20
"Road repair done poorly, breaking again within weeks",NEGATIVE,2,Sanitation,Ward 1
New hospital wing is a great addition to our area,POSITIVE,4,Public Safety,Ward 29
"Government hospital has no medicines, pathetic service",NEGATIVE,2,Electricity,Ward 25
"Government hospital has no medicines, pathetic service",NEGATIVE,1,Sanitation,Ward 17
Traffic signal upgrade project is under review,NEUTRAL,3,Transport,Ward 35
Environmental clearance received for park project,NEUTRAL,3,Construction,Ward 7
The bridge repair was done with high quality materials,POSITIVE,4,Education,Ward 11
"Drainage overflowing, sewage on streets, disgusting",NEGATIVE,1,Transport,Ward 48
"Road marking done properly, reduces accidents at night",POSITIVE,4,Education,Ward 28
"Water pipe burst causing damage, no immediate action",NEGATIVE,1,Transport,Ward 39
"Street lights broken since 2 months, no action taken",NEGATIVE,1,Parks,Ward 12
The construction work was neat and professional,POSITIVE,4,Public Safety,Ward 37
"Quick action taken on our pothole complaint, impressed",POSITIVE,4,Public Safety,Ward 20
"Park renovation looks beautiful, children love it",POSITIVE,4,Healthcare,Ward 17
Road repair work is ongoing in our sector,NEUTRAL,3,Electricity,Ward 41
"Water quality has improved, no more complaints from residents",POSITIVE,4,Healthcare,Ward 40
"Construction work stopped midway, area looks terrible",NEGATIVE,1,Healthcare,Ward 42
"Drainage work done excellently, no more waterlogging",POSITIVE,4,Healthcare,Ward 41
"Contractor used substandard materials, work failing",NEGATIVE,2,Water,Ward 27
Construction of new school building underway,NEUTRAL,3,Transport,Ward 31
Road dug up for pipeline but not restored for months,NEGATIVE,2,Transport,Ward 30
"Sewage line blocked for months, unbearable smell",NEGATIVE,1,Transport,Ward 24
The contractor did excellent work on the drainage project,POSITIVE,4,Parks,Ward 33
Road marking work will start after monsoon,NEUTRAL,3,Public Safety,Ward 14
The construction work was neat and professional,POSITIVE,4,Construction,Ward 14
Project completion date extended by two months,NEUTRAL,3,Electricity,Ward 28
Water supply will be interrupted tomorrow for maintenance,NEUTRAL,3,Education,Ward 45
"Drainage work done excellently, no more waterlogging",POSITIVE,5,Electricity,Ward 33
Drainage cleaning drive happening next week,NEUTRAL,3,Sanitation,Ward 45
"The government responded quickly to our complaint, well done",POSITIVE,4,Roads,Ward 29
Road widening project completed ahead of schedule,POSITIVE,5,Education,Ward 36
Public toilets are now clean and well maintained,POSITIVE,4,Parks,Ward 32
"Water pipe burst causing damage, no immediate action",NEGATIVE,1,Construction,Ward 1
"Park facilities broken, children getting hurt",NEGATIVE,1,Construction,Ward 39
Survey completed for new drainage line,NEUTRAL,3,Transport,Ward 49
"Quick action taken on our pothole complaint, impressed",POSITIVE,5,Transport,Ward 8
"Water quality has improved, no more complaints from residents",POSITIVE,4,Electricity,Ward 37
"No street lights on dark lane, women feel unsafe",NEGATIVE,1,Electricity,Ward 20
"Sewage line blocked for months, unbearable smell",NEGATIVE,1,Transport,Ward 44
"Road marking done properly, reduces accidents at night",POSITIVE,5,Healthcare,Ward 7
"Construction work stopped midway, area looks terrible",NEGATIVE,1,Transport,Ward 47
Happy with the prompt response from civic authorities,POSITIVE,5,Water,Ward 47
Water supply will be interrupted tomorrow for maintenance,NEUTRAL,3,Sanitation,Ward 27
Garbage collection timings have been changed to morning,NEUTRAL,3,Water,Ward 37
Road repair work is ongoing in our sector,NEUTRAL,3,Healthcare,Ward 45
Electricity department working on transformer upgrade,NEUTRAL,3,Parks,Ward 27
"Government hospital has no medicines, pathetic service",NEGATIVE,1,Water,Ward 47
The construction work was neat and professional,POSITIVE,4,Healthcare,Ward 27
"Bus frequency has increased, commuting is easier",POSITIVE,4,Healthcare,Ward 29
Power outage scheduled for maintenance work,NEUTRAL,3,Roads,Ward 22
"Contractor used substandard materials, work failing",NEGATIVE,1,Parks,Ward 43
Electricity cut for 3 days without any information,NEGATIVE,2,Electricity,Ward 9
Bridge inspection scheduled for next week,NEUTRAL,3,Roads,Ward 35
"Road marking done properly, reduces accidents at night",POSITIVE,5,Roads,Ward 19
Project completion date extended by two months,NEUTRAL,3,Transport,Ward 45
"Street lights broken since 2 months, no action taken",NEGATIVE,1,Electricity,Ward 47
Solar street lights are a wonderful initiative,POSITIVE,4,Transport,Ward 11
Happy with the prompt response from civic authorities,POSITIVE,4,Education,Ward 24
Electricity department working on transformer upgrade,NEUTRAL,3,Public Safety,Ward 15
"Road marking done properly, reduces accidents at night",POSITIVE,5,Roads,Ward 46
"Footpath construction completed, senior citizens are happy",POSITIVE,5,Water,Ward 42
New contractor assigned for road repair work,NEUTRAL,3,Education,Ward 9
Power outage scheduled for maintenance work,NEUTRAL,3,Sanitation,Ward 50
Road widening project completed ahead of schedule,POSITIVE,4,Water,Ward 7
"Construction work stopped midway, area looks terrible",NEGATIVE,2,Construction,Ward 49
Public toilet construction tender has been floated,NEUTRAL,3,Parks,Ward 14
The contractor did excellent work on the drainage project,POSITIVE,4,Parks,Ward 3
Construction of new school building underway,NEUTRAL,3,Sanitation,Ward 11
"No water supply for the past 5 days, very frustrated",NEGATIVE,1,Water,Ward 20
Water supply will be interrupted tomorrow for maintenance,NEUTRAL,3,Healthcare,Ward 39
Pothole on main road not fixed even after 3 complaints,NEGATIVE,1,Water,Ward 19
"Park renovation looks beautiful, children love it",POSITIVE,4,Parks,Ward 20
"Bus frequency has increased, commuting is easier",POSITIVE,5,Parks,Ward 24
"Road repair done poorly, breaking again within weeks",NEGATIVE,1,Roads,Ward 1
"No water supply for the past 5 days, very frustrated",NEGATIVE,1,Transport,Ward 18
Electricity department working on transformer upgrade,NEUTRAL,3,Water,Ward 8
Road marking work will start after monsoon,NEUTRAL,3,Public Safety,Ward 23
"Public toilet in horrible condition, very unhygienic",NEGATIVE,1,Transport,Ward 18
Survey completed for new drainage line,NEUTRAL,3,Sanitation,Ward 46
New contractor assigned for road repair work,NEUTRAL,3,Water,Ward 19
"Public toilet in horrible condition, very unhygienic",NEGATIVE,1,Transport,Ward 6
Project completion date extended by two months,NEUTRAL,3,Parks,Ward 15
Great improvement in garbage collection frequency,POSITIVE,5,Public Safety,Ward 43
Road widening project expected to complete next month,NEUTRAL,3,Transport,Ward 27
Garbage collection timings have been changed to morning,NEUTRAL,3,Roads,Ward 39
Survey completed for new drainage line,NEUTRAL,3,Parks,Ward 5
Public toilet construction tender has been floated,NEUTRAL,3,Transport,Ward 21
Road dug up for pipeline but not restored for months,NEGATIVE,2,Healthcare,Ward 16
"Bridge cracks visible, no action from authorities",NEGATIVE,1,Transport,Ward 50
Water pipeline replacement work in progress,NEUTRAL,3,Healthcare,Ward 10
"Park facilities broken, children getting hurt",NEGATIVE,1,Roads,Ward 20
"Bus route cancelled without notice, people suffering",NEGATIVE,2,Healthcare,Ward 6
Water pipeline replacement work in progress,NEUTRAL,3,Sanitation,Ward 2
Water supply will be interrupted tomorrow for maintenance,NEUTRAL,3,Public Safety,Ward 40
Environmental clearance received for park project,NEUTRAL,3,Transport,Ward 38
Authorities not responding to any complaints,NEGATIVE,1,Transport,Ward 19
"Road marking done properly, reduces accidents at night",POSITIVE,5,Construction,Ward 5
"No street lights on dark lane, women feel unsafe",NEGATIVE,2,Healthcare,Ward 31
The sanitation team is doing a commendable job,POSITIVE,5,Parks,Ward 27
"Road repair done poorly, breaking again within weeks",NEGATIVE,1,Healthcare,Ward 5
The construction work was neat and professional,POSITIVE,5,Roads,Ward 14
"Traffic signals not working, accidents happening daily",NEGATIVE,2,Public Safety,Ward 35
Hospital renovation work started last month,NEUTRAL,3,Roads,Ward 44
New traffic signals have reduced accidents in our area,POSITIVE,4,Healthcare,Ward 42
Road dug up for pipeline but not restored for months,NEGATIVE,1,Water,Ward 19
Power outage scheduled for maintenance work,NEUTRAL,3,Healthcare,Ward 28
"Drainage work done excellently, no more waterlogging",POSITIVE,5,Roads,Ward 1
Environmental clearance received for park project,NEUTRAL,3,Construction,Ward 29
"Complained 10 times about potholes, zero response",NEGATIVE,1,Water,Ward 18
Construction of new school building underway,NEUTRAL,3,Construction,Ward 18
Power outage scheduled for maintenance work,NEUTRAL,3,Construction,Ward 34
Water tanker supply continues until pipeline fixed,NEUTRAL,3,Construction,Ward 13
"Park renovation looks beautiful, children love it",POSITIVE,5,Sanitation,Ward 47
Water tanker supply continues until pipeline fixed,NEUTRAL,3,Construction,Ward 12
Great improvement in garbage collection frequency,POSITIVE,5,Sanitation,Ward 20
"Water tank cleaning done thoroughly, water quality improved",POSITIVE,4,Water,Ward 48
Great improvement in garbage collection frequency,POSITIVE,4,Electricity,Ward 1
"Park renovation looks beautiful, children love it",POSITIVE,5,Sanitation,Ward 39
Electricity department working on transformer upgrade,NEUTRAL,3,Public Safety,Ward 38
"The road repair was completed on time, very happy with the work",POSITIVE,5,Transport,Ward 1
"The road repair was completed on time, very happy with the work",POSITIVE,4,Healthcare,Ward 12
Road dug up for pipeline but not restored for months,NEGATIVE,1,Roads,Ward 30
Road widening project completed ahead of schedule,POSITIVE,5,Public Safety,Ward 27
"Drainage overflowing, sewage on streets, disgusting",NEGATIVE,1,Sanitation,Ward 7
Authorities not responding to any complaints,NEGATIVE,1,Transport,Ward 46
The construction work was neat and professional,POSITIVE,4,Roads,Ward 8
"Complained 10 times about potholes, zero response",NEGATIVE,2,Parks,Ward 47
"Bus frequency has increased, commuting is easier",POSITIVE,5,Construction,Ward 14
"Drainage overflowing, sewage on streets, disgusting",NEGATIVE,1,Electricity,Ward 7
Road widening project expected to complete next month,NEUTRAL,3,Parks,Ward 46
"Street lights broken since 2 months, no action taken",NEGATIVE,2,Transport,Ward 9
"Bridge cracks visible, no action from authorities",NEGATIVE,2,Education,Ward 46
Project started but no updates for 6 months,NEGATIVE,1,Water,Ward 13
"Contractor used substandard materials, work failing",NEGATIVE,2,Public Safety,Ward 31
"Government hospital has no medicines, pathetic service",NEGATIVE,2,Education,Ward 39
New bus route announcement expected soon,NEUTRAL,3,Healthcare,Ward 23
"Water supply has improved a lot in our area, thank you",POSITIVE,5,Education,Ward 17
New project for park development announced for our ward,NEUTRAL,3,Public Safety,Ward 2
Public toilet construction tender has been floated,NEUTRAL,3,Water,Ward 35
"Water tank cleaning done thoroughly, water quality improved",POSITIVE,5,Education,Ward 16
Great improvement in garbage collection frequency,POSITIVE,5,Healthcare,Ward 3
"Water tank cleaning done thoroughly, water quality improved",POSITIVE,5,Construction,Ward 28
New school building construction is progressing well,POSITIVE,5,Education,Ward 47
Work order issued for pothole repair,NEUTRAL,3,Public Safety,Ward 37
"Street lights are working perfectly now, feel safe at night",POSITIVE,5,Roads,Ward 24
Solar street lights are a wonderful initiative,POSITIVE,5,Construction,Ward 7
Electricity department working on transformer upgrade,NEUTRAL,3,Water,Ward 36
"Park renovation looks beautiful, children love it",POSITIVE,5,Electricity,Ward 48
Survey completed for new drainage line,NEUTRAL,3,Transport,Ward 23
"Water supply erratic, pressure very low",NEGATIVE,2,Sanitation,Ward 50
"Contractor used substandard materials, work failing",NEGATIVE,1,Sanitation,Ward 40
"Contractor used substandard materials, work failing",NEGATIVE,1,Construction,Ward 24
The bridge repair was done with high quality materials,POSITIVE,5,Transport,Ward 6
Power outage scheduled for maintenance work,NEUTRAL,3,Healthcare,Ward 37
New school building construction is progressing well,POSITIVE,4,Parks,Ward 48
"Electricity outages have reduced significantly, great work",POSITIVE,4,Healthcare,Ward 23
Traffic signal upgrade project is under review,NEUTRAL,3,Roads,Ward 7
The contractor did excellent work on the drainage project,POSITIVE,4,Roads,Ward 11
Construction of new school building underway,NEUTRAL,3,Education,Ward 39
The bridge repair was done with high quality materials,POSITIVE,4,Transport,Ward 30
"The government responded quickly to our complaint, well done",POSITIVE,4,Transport,Ward 46
"Footpath occupied by vendors, pedestrians on road",NEGATIVE,2,Parks,Ward 13
Solar street lights are a wonderful initiative,POSITIVE,4,Electricity,Ward 41
Street light maintenance scheduled for this weekend,NEUTRAL,3,Public Safety,Ward 19
The sanitation team is doing a commendable job,POSITIVE,4,Transport,Ward 9
New school building construction is progressing well,POSITIVE,4,Sanitation,Ward 11
Great improvement in garbage collection frequency,POSITIVE,5,Healthcare,Ward 20
Water supply will be interrupted tomorrow for maintenance,NEUTRAL,3,Healthcare,Ward 25
Work order issued for pothole repair,NEUTRAL,3,Parks,Ward 40
"No water supply for the past 5 days, very frustrated",NEGATIVE,2,Education,Ward 28
"Road repair done poorly, breaking again within weeks",NEGATIVE,1,Roads,Ward 50
"Public toilet in horrible condition, very unhygienic",NEGATIVE,2,Electricity,Ward 12
New hospital wing is a great addition to our area,POSITIVE,4,Healthcare,Ward 49
Construction of new school building underway,NEUTRAL,3,Education,Ward 28
"Sewage line blocked for months, unbearable smell",NEGATIVE,2,Education,Ward 28
"Contractor used substandard materials, work failing",NEGATIVE,1,Water,Ward 24
New bus route announcement expected soon,NEUTRAL,3,Water,Ward 4
Road dug up for pipeline but not restored for months,NEGATIVE,1,Education,Ward 31
Traffic signal upgrade project is under review,NEUTRAL,3,Construction,Ward 43
"Traffic signals not working, accidents happening daily",NEGATIVE,2,Roads,Ward 39
Work order issued for pothole repair,NEUTRAL,3,Public Safety,Ward 8
Water tanker supply continues until pipeline fixed,NEUTRAL,3,Transport,Ward 46
"Water supply erratic, pressure very low",NEGATIVE,2,Transport,Ward 20
"Quick action taken on our pothole complaint, impressed",POSITIVE,4,Roads,Ward 16
"Water tank cleaning done thoroughly, water quality improved",POSITIVE,4,Education,Ward 5
Pothole on main road not fixed even after 3 complaints,NEGATIVE,2,Transport,Ward 28
New bus route announcement expected soon,NEUTRAL,3,Electricity,Ward 14
Project completion date extended by two months,NEUTRAL,3,Healthcare,Ward 45
Happy with the prompt response from civic authorities,POSITIVE,5,Public Safety,Ward 46
Solar street lights are a wonderful initiative,POSITIVE,4,Electricity,Ward 29
"Bus frequency has increased, commuting is easier",POSITIVE,4,Construction,Ward 44
New traffic signals have reduced accidents in our area,POSITIVE,4,Construction,Ward 43
"Construction work stopped midway, area looks terrible",NEGATIVE,2,Education,Ward 43
Environmental clearance received for park project,NEUTRAL,3,Electricity,Ward 37
Project started but no updates for 6 months,NEGATIVE,2,Electricity,Ward 31
"Bridge cracks visible, no action from authorities",NEGATIVE,1,Healthcare,Ward 35
Garbage collection timings have been changed to morning,NEUTRAL,3,Roads,Ward 13
"The road repair was completed on time, very happy with the work",POSITIVE,5,Transport,Ward 31
New contractor assigned for road repair work,NEUTRAL,3,Sanitation,Ward 44
"Footpath occupied by vendors, pedestrians on road",NEGATIVE,2,Education,Ward 46
The sanitation team is doing a commendable job,POSITIVE,4,Sanitation,Ward 39
Great improvement in garbage collection frequency,POSITIVE,5,Transport,Ward 21
Traffic signal upgrade project is under review,NEUTRAL,3,Roads,Ward 18
"Electricity outages have reduced significantly, great work",POSITIVE,5,Water,Ward 5
"Garbage not collected for a week, health hazard",NEGATIVE,2,Transport,Ward 3
Survey completed for new drainage line,NEUTRAL,3,Transport,Ward 9
"Water supply has improved a lot in our area, thank you",POSITIVE,5,Parks,Ward 21
"Traffic signals not working, accidents happening daily",NEGATIVE,2,Roads,Ward 19
"Contractor used substandard materials, work failing",NEGATIVE,1,Construction,Ward 38
Road widening project expected to complete next month,NEUTRAL,3,Education,Ward 16
"Garbage not collected for a week, health hazard",NEGATIVE,2,Healthcare,Ward 39
New school building construction is progressing well,POSITIVE,5,Roads,Ward 43
Road dug up for pipeline but not restored for months,NEGATIVE,1,Electricity,Ward 25
"Water quality has improved, no more complaints from residents",POSITIVE,5,Transport,Ward 40
Traffic signal upgrade project is under review,NEUTRAL,3,Roads,Ward 49
Hospital renovation work started last month,NEUTRAL,3,Healthcare,Ward 8
"Bus frequency has increased, commuting is easier",POSITIVE,5,Healthcare,Ward 28
Drainage cleaning drive happening next week,NEUTRAL,3,Electricity,Ward 36
Road dug up for pipeline but not restored for months,NEGATIVE,1,Education,Ward 5
"Water supply erratic, pressure very low",NEGATIVE,2,Healthcare,Ward 37
"Construction noise at midnight, residents suffering",NEGATIVE,1,Parks,Ward 50
Electricity department working on transformer upgrade,NEUTRAL,3,Sanitation,Ward 40
"Bus route cancelled without notice, people suffering",NEGATIVE,2,Sanitation,Ward 25
"Road repair done poorly, breaking again within weeks",NEGATIVE,1,Parks,Ward 7
Electricity cut for 3 days without any information,NEGATIVE,2,Public Safety,Ward 22
Electricity department working on transformer upgrade,NEUTRAL,3,Electricity,Ward 5
"Water quality has improved, no more complaints from residents",POSITIVE,4,Healthcare,Ward 16
Road dug up for pipeline but not restored for months,NEGATIVE,2,Education,Ward 47
New traffic signals have reduced accidents in our area,POSITIVE,4,Parks,Ward 39
New hospital wing is a great addition to our area,POSITIVE,5,Parks,Ward 44
Traffic signal upgrade project is under review,NEUTRAL,3,Water,Ward 32
"Sewage line blocked for months, unbearable smell",NEGATIVE,1,Construction,Ward 1
Project started but no updates for 6 months,NEGATIVE,2,Transport,Ward 37
"Contractor used substandard materials, work failing",NEGATIVE,2,Public Safety,Ward 46
"Traffic signals not working, accidents happening daily",NEGATIVE,2,Roads,Ward 5
"Water tank cleaning done thoroughly, water quality improved",POSITIVE,5,Education,Ward 14
"No street lights on dark lane, women feel unsafe",NEGATIVE,1,Water,Ward 3
"Garbage not collected for a week, health hazard",NEGATIVE,2,Electricity,Ward 11
Water tanker supply continues until pipeline fixed,NEUTRAL,3,Electricity,Ward 39
Survey completed for new drainage line,NEUTRAL,3,Education,Ward 16
"Drainage work done excellently, no more waterlogging",POSITIVE,4,Electricity,Ward 6
Project completion date extended by two months,NEUTRAL,3,Education,Ward 6
Environmental clearance received for park project,NEUTRAL,3,Parks,Ward 45
"Garbage not collected for a week, health hazard",NEGATIVE,1,Transport,Ward 39
Project started but no updates for 6 months,NEGATIVE,2,Education,Ward 12
The construction work was neat and professional,POSITIVE,5,Construction,Ward 1
"Footpath occupied by vendors, pedestrians on road",NEGATIVE,2,Parks,Ward 22
Project started but no updates for 6 months,NEGATIVE,2,Construction,Ward 12
"Water pipe burst causing damage, no immediate action",NEGATIVE,2,Education,Ward 2
"Water quality has improved, no more complaints from residents",POSITIVE,4,Public Safety,Ward 31
Road widening project expected to complete next month,NEUTRAL,3,Public Safety,Ward 33
"Complained 10 times about potholes, zero response",NEGATIVE,1,Education,Ward 41
Authorities not responding to any complaints,NEGATIVE,1,Construction,Ward 34
Committee formed to review delayed projects,NEUTRAL,3,Parks,Ward 29
"Park renovation looks beautiful, children love it",POSITIVE,4,Roads,Ward 11
Pothole on main road not fixed even after 3 complaints,NEGATIVE,1,Roads,Ward 30
"Drainage overflowing, sewage on streets, disgusting",NEGATIVE,2,Construction,Ward 46
"Complaint registered, under review by department",NEUTRAL,3,Education,Ward 37
Public toilets are now clean and well maintained,POSITIVE,4,Roads,Ward 26
Electricity department working on transformer upgrade,NEUTRAL,3,Construction,Ward 19
Water pipeline replacement work in progress,NEUTRAL,3,Parks,Ward 7
"Street lights are working perfectly now, feel safe at night",POSITIVE,4,Construction,Ward 3
"Footpath construction completed, senior citizens are happy",POSITIVE,5,Sanitation,Ward 48
Electricity department working on transformer upgrade,NEUTRAL,3,Public Safety,Ward 13
Bridge inspection scheduled for next week,NEUTRAL,3,Parks,Ward 6
Environmental clearance received for park project,NEUTRAL,3,Education,Ward 14
Water pipeline replacement work in progress,NEUTRAL,3,Public Safety,Ward 13
Street light maintenance scheduled for this weekend,NEUTRAL,3,Transport,Ward 44
"The government responded quickly to our complaint, well done",POSITIVE,4,Public Safety,Ward 10
"Garbage not collected for a week, health hazard",NEGATIVE,1,Water,Ward 44
"Quick action taken on our pothole complaint, impressed",POSITIVE,4,Public Safety,Ward 9
"Drainage work done excellently, no more waterlogging",POSITIVE,4,Sanitation,Ward 43
Garbage collection timings have been changed to morning,NEUTRAL,3,Water,Ward 41
"Drainage work done excellently, no more waterlogging",POSITIVE,5,Education,Ward 7
New contractor assigned for road repair work,NEUTRAL,3,Education,Ward 45
Authorities not responding to any complaints,NEGATIVE,2,Parks,Ward 21
Solar street lights are a wonderful initiative,POSITIVE,5,Electricity,Ward 41
"Footpath construction completed, senior citizens are happy",POSITIVE,5,Construction,Ward 48
"Footpath construction completed, senior citizens are happy",POSITIVE,4,Water,Ward 29
"No street lights on dark lane, women feel unsafe",NEGATIVE,1,Sanitation,Ward 35
Hospital renovation work started last month,NEUTRAL,3,Roads,Ward 34
"Sewage line blocked for months, unbearable smell",NEGATIVE,2,Education,Ward 44
Project completion date extended by two months,NEUTRAL,3,Public Safety,Ward 3
New bus route announcement expected soon,NEUTRAL,3,Healthcare,Ward 16
"Road repair done poorly, breaking again within weeks",NEGATIVE,2,Public Safety,Ward 19
Road repair work is ongoing in our sector,NEUTRAL,3,Electricity,Ward 27
Water tanker supply continues until pipeline fixed,NEUTRAL,3,Electricity,Ward 40
Street light maintenance scheduled for this weekend,NEUTRAL,3,Sanitation,Ward 36
"Water tank cleaning done thoroughly, water quality improved",POSITIVE,5,Education,Ward 28
Great improvement in garbage collection frequency,POSITIVE,4,Education,Ward 21
Environmental clearance received for park project,NEUTRAL,3,Public Safety,Ward 44
Public toilets are now clean and well maintained,POSITIVE,4,Transport,Ward 24
"Bridge cracks visible, no action from authorities",NEGATIVE,2,Construction,Ward 34
Road widening project completed ahead of schedule,POSITIVE,5,Construction,Ward 19
"No street lights on dark lane, women feel unsafe",NEGATIVE,2,Transport,Ward 43
Street light maintenance scheduled for this weekend,NEUTRAL,3,Healthcare,Ward 24
Road widening project completed ahead of schedule,POSITIVE,5,Public Safety,Ward 15
New project for park development announced for our ward,NEUTRAL,3,Public Safety,Ward 26
"Park renovation looks beautiful, children love it",POSITIVE,4,Roads,Ward 16
Survey completed for new drainage line,NEUTRAL,3,Transport,Ward 30
"Electricity outages have reduced significantly, great work",POSITIVE,4,Water,Ward 33
"Water tank cleaning done thoroughly, water quality improved",POSITIVE,5,Public Safety,Ward 46
New bus route announcement expected soon,NEUTRAL,3,Water,Ward 5
Road widening project completed ahead of schedule,POSITIVE,5,Construction,Ward 9
Road dug up for pipeline but not restored for months,NEGATIVE,2,Construction,Ward 12
Happy with the prompt response from civic authorities,POSITIVE,4,Parks,Ward 16
Road widening project completed ahead of schedule,POSITIVE,4,Parks,Ward 14
"The government responded quickly to our complaint, well done",POSITIVE,4,Water,Ward 1
Road dug up for pipeline but not restored for months,NEGATIVE,1,Public Safety,Ward 35
"Water supply erratic, pressure very low",NEGATIVE,2,Healthcare,Ward 10
Environmental clearance received for park project,NEUTRAL,3,Electricity,Ward 43
"Government hospital has no medicines, pathetic service",NEGATIVE,1,Sanitation,Ward 3
Water supply will be interrupted tomorrow for maintenance,NEUTRAL,3,Parks,Ward 14
Survey completed for new drainage line,NEUTRAL,3,Parks,Ward 31
New school building construction is progressing well,POSITIVE,5,Healthcare,Ward 35
Authorities not responding to any complaints,NEGATIVE,1,Water,Ward 25
"Road repair done poorly, breaking again within weeks",NEGATIVE,2,Electricity,Ward 11
Committee formed to review delayed projects,NEUTRAL,3,Healthcare,Ward 45
"Sewage line blocked for months, unbearable smell",NEGATIVE,2,Parks,Ward 48
Traffic signal upgrade project is under review,NEUTRAL,3,Water,Ward 7
Road marking work will start after monsoon,NEUTRAL,3,Education,Ward 28
New project for park development announced for our ward,NEUTRAL,3,Education,Ward 49
"Street lights broken since 2 months, no action taken",NEGATIVE,2,Transport,Ward 35
The construction work was neat and professional,POSITIVE,5,Sanitation,Ward 39
New traffic signals have reduced accidents in our area,POSITIVE,5,Education,Ward 35
Water pipeline replacement work in progress,NEUTRAL,3,Public Safety,Ward 25
"Complained 10 times about potholes, zero response",NEGATIVE,2,Healthcare,Ward 18
Solar street lights are a wonderful initiative,POSITIVE,4,Electricity,Ward 20
Committee formed to review delayed projects,NEUTRAL,3,Public Safety,Ward 47
Road dug up for pipeline but not restored for months,NEGATIVE,1,Public Safety,Ward 25
Pothole on main road not fixed even after 3 complaints,NEGATIVE,2,Construction,Ward 37
"Water tank cleaning done thoroughly, water quality improved",POSITIVE,5,Roads,Ward 7
Happy with the prompt response from civic authorities,POSITIVE,4,Education,Ward 50
The construction work was neat and professional,POSITIVE,4,Education,Ward 48
The bridge repair was done with high quality materials,POSITIVE,5,Education,Ward 38
"Bridge cracks visible, no action from authorities",NEGATIVE,1,Transport,Ward 29
"Water supply erratic, pressure very low",NEGATIVE,2,Parks,Ward 12
Environmental clearance received for park project,NEUTRAL,3,Construction,Ward 33
New traffic signals have reduced accidents in our area,POSITIVE,5,Sanitation,Ward 29
Solar street lights are a wonderful initiative,POSITIVE,4,Public Safety,Ward 33
"The road repair was completed on time, very happy with the work",POSITIVE,5,Construction,Ward 37
New project for park development announced for our ward,NEUTRAL,3,Sanitation,Ward 44
Road widening project expected to complete next month,NEUTRAL,3,Roads,Ward 11
The construction work was neat and professional,POSITIVE,4,Parks,Ward 24
The contractor did excellent work on the drainage project,POSITIVE,5,Public Safety,Ward 3
"Park facilities broken, children getting hurt",NEGATIVE,1,Construction,Ward 8
"Street lights broken since 2 months, no action taken",NEGATIVE,1,Electricity,Ward 19
"Government hospital has no medicines, pathetic service",NEGATIVE,1,Construction,Ward 33
"Street lights are working perfectly now, feel safe at night",POSITIVE,4,Electricity,Ward 29
"No water supply for the past 5 days, very frustrated",NEGATIVE,1,Education,Ward 47
Work order issued for pothole repair,NEUTRAL,3,Parks,Ward 8
Garbage collection timings have been changed to morning,NEUTRAL,3,Healthcare,Ward 18
New school building construction is progressing well,POSITIVE,5,Education,Ward 29
"Park facilities broken, children getting hurt",NEGATIVE,1,Transport,Ward 21
Project started but no updates for 6 months,NEGATIVE,1,Roads,Ward 25
Public toilet construction tender has been floated,NEUTRAL,3,Public Safety,Ward 15
"Street lights are working perfectly now, feel safe at night",POSITIVE,5,Water,Ward 49
Pothole on main road not fixed even after 3 complaints,NEGATIVE,1,Public Safety,Ward 18
Water supply will be interrupted tomorrow for maintenance,NEUTRAL,3,Roads,Ward 33
"Street lights broken since 2 months, no action taken",NEGATIVE,2,Transport,Ward 37
"Park renovation looks beautiful, children love it",POSITIVE,4,Public Safety,Ward 21
"Construction work stopped midway, area looks terrible",NEGATIVE,1,Water,Ward 40
"Park facilities broken, children getting hurt",NEGATIVE,2,Transport,Ward 41
Committee formed to review delayed projects,NEUTRAL,3,Education,Ward 12
New hospital wing is a great addition to our area,POSITIVE,4,Construction,Ward 6
New school building construction is progressing well,POSITIVE,5,Education,Ward 2
"Quick action taken on our pothole complaint, impressed",POSITIVE,5,Parks,Ward 31
New project for park development announced for our ward,NEUTRAL,3,Transport,Ward 48
Water supply will be interrupted tomorrow for maintenance,NEUTRAL,3,Public Safety,Ward 1
Garbage collection timings have been changed to morning,NEUTRAL,3,Sanitation,Ward 12
Public toilet construction tender has been floated,NEUTRAL,3,Construction,Ward 40
"Water supply has improved a lot in our area, thank you",POSITIVE,5,Public Safety,Ward 19
Construction of new school building underway,NEUTRAL,3,Public Safety,Ward 25
Environmental clearance received for park project,NEUTRAL,3,Education,Ward 32
New contractor assigned for road repair work,NEUTRAL,3,Transport,Ward 40
New bus route announcement expected soon,NEUTRAL,3,Transport,Ward 15
"Water tank cleaning done thoroughly, water quality improved",POSITIVE,5,Public Safety,Ward 49
"Water supply erratic, pressure very low",NEGATIVE,2,Electricity,Ward 36
"Public toilet in horrible condition, very unhygienic",NEGATIVE,1,Transport,Ward 30
"Drainage overflowing, sewage on streets, disgusting",NEGATIVE,1,Public Safety,Ward 46
Water tanker supply continues until pipeline fixed,NEUTRAL,3,Parks,Ward 17
Traffic signal upgrade project is under review,NEUTRAL,3,Transport,Ward 2
"Water quality has improved, no more complaints from residents",POSITIVE,5,Education,Ward 11
"Traffic signals not working, accidents happening daily",NEGATIVE,2,Parks,Ward 21
Road widening project completed ahead of schedule,POSITIVE,4,Electricity,Ward 42
"Footpath occupied by vendors, pedestrians on road",NEGATIVE,2,Education,Ward 23
The construction work was neat and professional,POSITIVE,4,Public Safety,Ward 50
"Sewage line blocked for months, unbearable smell",NEGATIVE,1,Parks,Ward 27
"Street lights are working perfectly now, feel safe at night",POSITIVE,4,Education,Ward 24
"Road repair done poorly, breaking again within weeks",NEGATIVE,1,Water,Ward 36
Power outage scheduled for maintenance work,NEUTRAL,3,Parks,Ward 14
"Bus frequency has increased, commuting is easier",POSITIVE,4,Healthcare,Ward 23
Project completion date extended by two months,NEUTRAL,3,Education,Ward 22
"Complained 10 times about potholes, zero response",NEGATIVE,2,Education,Ward 19
Road dug up for pipeline but not restored for months,NEGATIVE,1,Electricity,Ward 43
Street light maintenance scheduled for this weekend,NEUTRAL,3,Water,Ward 7
"Water quality has improved, no more complaints from residents",POSITIVE,5,Parks,Ward 33
"Traffic signals not working, accidents happening daily",NEGATIVE,1,Healthcare,Ward 27
"Drainage overflowing, sewage on streets, disgusting",NEGATIVE,2,Public Safety,Ward 25
"Bridge cracks visible, no action from authorities",NEGATIVE,2,Construction,Ward 2
"Construction work stopped midway, area looks terrible",NEGATIVE,2,Construction,Ward 16
Survey completed for new drainage line,NEUTRAL,3,Water,Ward 32
"Complaint registered, under review by department",NEUTRAL,3,Sanitation,Ward 47
"No water supply for the past 5 days, very frustrated",NEGATIVE,1,Healthcare,Ward 13
"Construction noise at midnight, residents suffering",NEGATIVE,2,Construction,Ward 35
"Sewage line blocked for months, unbearable smell",NEGATIVE,2,Electricity,Ward 1
Public toilet construction tender has been floated,NEUTRAL,3,Public Safety,Ward 41
Happy with the prompt response from civic authorities,POSITIVE,5,Education,Ward 30
Construction of new school building underway,NEUTRAL,3,Education,Ward 44
Water supply will be interrupted tomorrow for maintenance,NEUTRAL,3,Education,Ward 13
Road marking work will start after monsoon,NEUTRAL,3,Sanitation,Ward 10
Traffic signal upgrade project is under review,NEUTRAL,3,Electricity,Ward 7
New school building construction is progressing well,POSITIVE,4,Construction,Ward 42
"Street lights are working perfectly now, feel safe at night",POSITIVE,4,Education,Ward 19
"Quick action taken on our pothole complaint, impressed",POSITIVE,4,Education,Ward 19
"No street lights on dark lane, women feel unsafe",NEGATIVE,1,Roads,Ward 5
"Electricity outages have reduced significantly, great work",POSITIVE,5,Water,Ward 36
Electricity cut for 3 days without any information,NEGATIVE,2,Roads,Ward 41
Hospital renovation work started last month,NEUTRAL,3,Water,Ward 16
"Electricity outages have reduced significantly, great work",POSITIVE,4,Public Safety,Ward 45
The contractor did excellent work on the drainage project,POSITIVE,5,Public Safety,Ward 3
"Bridge cracks visible, no action from authorities",NEGATIVE,2,Parks,Ward 3
Construction of new school building underway,NEUTRAL,3,Public Safety,Ward 22
"No street lights on dark lane, women feel unsafe",NEGATIVE,1,Electricity,Ward 48
New contractor assigned for road repair work,NEUTRAL,3,Education,Ward 15
The contractor did excellent work on the drainage project,POSITIVE,5,Healthcare,Ward 3
Hospital renovation work started last month,NEUTRAL,3,Healthcare,Ward 32
"Public toilet in horrible condition, very unhygienic",NEGATIVE,1,Construction,Ward 5
Environmental clearance received for park project,NEUTRAL,3,Parks,Ward 16
New traffic signals have reduced accidents in our area,POSITIVE,4,Water,Ward 5
Bridge inspection scheduled for next week,NEUTRAL,3,Sanitation,Ward 17
The contractor did excellent work on the drainage project,POSITIVE,4,Healthcare,Ward 36
New hospital wing is a great addition to our area,POSITIVE,5,Water,Ward 9
"Park facilities broken, children getting hurt",NEGATIVE,2,Healthcare,Ward 34
New hospital wing is a great addition to our area,POSITIVE,5,Education,Ward 47
New bus route announcement expected soon,NEUTRAL,3,Construction,Ward 29
"Water quality has improved, no more complaints from residents",POSITIVE,4,Construction,Ward 9
New project for park development announced for our ward,NEUTRAL,3,Construction,Ward 31
Solar street lights are a wonderful initiative,POSITIVE,4,Roads,Ward 48
"Footpath construction completed, senior citizens are happy",POSITIVE,5,Education,Ward 41
Road repair work is ongoing in our sector,NEUTRAL,3,Parks,Ward 32
"Road marking done properly, reduces accidents at night",POSITIVE,4,Transport,Ward 41
Project started but no updates for 6 months,NEGATIVE,1,Construction,Ward 13
Solar street lights are a wonderful initiative,POSITIVE,5,Electricity,Ward 17
"Contractor used substandard materials, work failing",NEGATIVE,2,Education,Ward 23
Hospital renovation work started last month,NEUTRAL,3,Electricity,Ward 4
"Street lights are working perfectly now, feel safe at night",POSITIVE,4,Water,Ward 31
Great improvement in garbage collection frequency,POSITIVE,5,Sanitation,Ward 29
"Park renovation looks beautiful, children love it",POSITIVE,4,Education,Ward 40
New project for park development announced for our ward,NEUTRAL,3,Sanitation,Ward 9
"The government responded quickly to our complaint, well done",POSITIVE,5,Education,Ward 46
New project for park development announced for our ward,NEUTRAL,3,Education,Ward 12
"Electricity outages have reduced significantly, great work",POSITIVE,4,Parks,Ward 45
Committee formed to review delayed projects,NEUTRAL,3,Water,Ward 30
Hospital renovation work started last month,NEUTRAL,3,Roads,Ward 42
Street light maintenance scheduled for this weekend,NEUTRAL,3,Roads,Ward 22
New hospital wing is a great addition to our area,POSITIVE,5,Construction,Ward 49
"Bridge cracks visible, no action from authorities",NEGATIVE,1,Transport,Ward 24
New project for park development announced for our ward,NEUTRAL,3,Parks,Ward 34
Water supply will be interrupted tomorrow for maintenance,NEUTRAL,3,Sanitation,Ward 13
"Park renovation looks beautiful, children love it",POSITIVE,5,Sanitation,Ward 12
"Construction noise at midnight, residents suffering",NEGATIVE,2,Education,Ward 45
Survey completed for new drainage line,NEUTRAL,3,Education,Ward 9
"Government hospital has no medicines, pathetic service",NEGATIVE,2,Public Safety,Ward 13
New hospital wing is a great addition to our area,POSITIVE,5,Water,Ward 11
"Electricity outages have reduced significantly, great work",POSITIVE,4,Water,Ward 9
New traffic signals have reduced accidents in our area,POSITIVE,5,Construction,Ward 40
"Water pipe burst causing damage, no immediate action",NEGATIVE,2,Construction,Ward 3
Hospital renovation work started last month,NEUTRAL,3,Roads,Ward 13
"No street lights on dark lane, women feel unsafe",NEGATIVE,2,Transport,Ward 40
"Street lights are working perfectly now, feel safe at night",POSITIVE,4,Construction,Ward 46
"Complained 10 times about potholes, zero response",NEGATIVE,2,Water,Ward 10
Great improvement in garbage collection frequency,POSITIVE,4,Electricity,Ward 28
Pothole on main road not fixed even after 3 complaints,NEGATIVE,2,Roads,Ward 30
"The government responded quickly to our complaint, well done",POSITIVE,5,Construction,Ward 39
"Bus route cancelled without notice, people suffering",NEGATIVE,1,Education,Ward 22
"Complaint registered, under review by department",NEUTRAL,3,Construction,Ward 46
"Quick action taken on our pothole complaint, impressed",POSITIVE,4,Public Safety,Ward 42
"Sewage line blocked for months, unbearable smell",NEGATIVE,1,Water,Ward 43
Road repair work is ongoing in our sector,NEUTRAL,3,Healthcare,Ward 20
"Quick action taken on our pothole complaint, impressed",POSITIVE,4,Transport,Ward 8
Authorities not responding to any complaints,NEGATIVE,1,Healthcare,Ward 43
"Electricity outages have reduced significantly, great work",POSITIVE,4,Transport,Ward 35
Great improvement in garbage collection frequency,POSITIVE,5,Water,Ward 49
"Road repair done poorly, breaking again within weeks",NEGATIVE,2,Electricity,Ward 6
"Water tank cleaning done thoroughly, water quality improved",POSITIVE,5,Parks,Ward 43
Road widening project expected to complete next month,NEUTRAL,3,Sanitation,Ward 18
"Bus route cancelled without notice, people suffering",NEGATIVE,1,Transport,Ward 48
Road repair work is ongoing in our sector,NEUTRAL,3,Sanitation,Ward 30
"Water supply erratic, pressure very low",NEGATIVE,1,Electricity,Ward 1
Water tanker supply continues until pipeline fixed,NEUTRAL,3,Sanitation,Ward 4
"Drainage overflowing, sewage on streets, disgusting",NEGATIVE,2,Sanitation,Ward 32
"Park facilities broken, children getting hurt",NEGATIVE,1,Roads,Ward 3
"Water pipe burst causing damage, no immediate action",NEGATIVE,2,Public Safety,Ward 11
"Drainage overflowing, sewage on streets, disgusting",NEGATIVE,1,Public Safety,Ward 10
Road repair work is ongoing in our sector,NEUTRAL,3,Construction,Ward 32
Survey completed for new drainage line,NEUTRAL,3,Transport,Ward 26
"No water supply for the past 5 days, very frustrated",NEGATIVE,2,Roads,Ward 26
New project for park development announced for our ward,NEUTRAL,3,Healthcare,Ward 12
Water tanker supply continues until pipeline fixed,NEUTRAL,3,Public Safety,Ward 50
Road widening project completed ahead of schedule,POSITIVE,5,Education,Ward 15
"Construction work stopped midway, area looks terrible",NEGATIVE,1,Roads,Ward 5
Pothole on main road not fixed even after 3 complaints,NEGATIVE,2,Sanitation,Ward 48
"Street lights are working perfectly now, feel safe at night",POSITIVE,5,Construction,Ward 31
Street light maintenance scheduled for this weekend,NEUTRAL,3,Healthcare,Ward 15
New bus route announcement expected soon,NEUTRAL,3,Roads,Ward 34
"Construction noise at midnight, residents suffering",NEGATIVE,2,Roads,Ward 6
"The government responded quickly to our complaint, well done",POSITIVE,4,Parks,Ward 29
"Public toilet in horrible condition, very unhygienic",NEGATIVE,2,Healthcare,Ward 32
New bus route announcement expected soon,NEUTRAL,3,Education,Ward 36
Traffic signal upgrade project is under review,NEUTRAL,3,Parks,Ward 2
Power outage scheduled for maintenance work,NEUTRAL,3,Public Safety,Ward 22
"Water supply erratic, pressure very low",NEGATIVE,2,Education,Ward 32
Happy with the prompt response from civic authorities,POSITIVE,5,Public Safety,Ward 3
Electricity department working on transformer upgrade,NEUTRAL,3,Public Safety,Ward 50
"Footpath construction completed, senior citizens are happy",POSITIVE,5,Transport,Ward 10
"Electricity outages have reduced significantly, great work",POSITIVE,5,Electricity,Ward 27
Garbage collection timings have been changed to morning,NEUTRAL,3,Water,Ward 41
Project started but no updates for 6 months,NEGATIVE,2,Electricity,Ward 42
New project for park development announced for our ward,NEUTRAL,3,Roads,Ward 37
"Drainage work done excellently, no more waterlogging",POSITIVE,4,Construction,Ward 25
"Street lights broken since 2 months, no action taken",NEGATIVE,2,Parks,Ward 15
"Drainage overflowing, sewage on streets, disgusting",NEGATIVE,1,Public Safety,Ward 30
"Public toilet in horrible condition, very unhygienic",NEGATIVE,1,Transport,Ward 4
The bridge repair was done with high quality materials,POSITIVE,5,Construction,Ward 42
Project started but no updates for 6 months,NEGATIVE,1,Healthcare,Ward 13
Public toilet construction tender has been floated,NEUTRAL,3,Public Safety,Ward 42
"Drainage overflowing, sewage on streets, disgusting",NEGATIVE,2,Construction,Ward 32
"Water pipe burst causing damage, no immediate action",NEGATIVE,2,Healthcare,Ward 25
"Water pipe burst causing damage, no immediate action",NEGATIVE,1,Sanitation,Ward 11
"Traffic signals not working, accidents happening daily",NEGATIVE,2,Healthcare,Ward 11
The bridge repair was done with high quality materials,POSITIVE,5,Transport,Ward 29
Road repair work is ongoing in our sector,NEUTRAL,3,Parks,Ward 6
"Traffic signals not working, accidents happening daily",NEGATIVE,2,Public Safety,Ward 17
The bridge repair was done with high quality materials,POSITIVE,4,Water,Ward 49
"Government hospital has no medicines, pathetic service",NEGATIVE,2,Electricity,Ward 21
"Water supply has improved a lot in our area, thank you",POSITIVE,5,Healthcare,Ward 23
"Quick action taken on our pothole complaint, impressed",POSITIVE,4,Education,Ward 29
"No water supply for the past 5 days, very frustrated",NEGATIVE,2,Sanitation,Ward 45
Road widening project completed ahead of schedule,POSITIVE,5,Water,Ward 21
"Road marking done properly, reduces accidents at night",POSITIVE,4,Parks,Ward 24
Hospital renovation work started last month,NEUTRAL,3,Healthcare,Ward 32
Power outage scheduled for maintenance work,NEUTRAL,3,Parks,Ward 8
"Sewage line blocked for months, unbearable smell",NEGATIVE,1,Transport,Ward 1
"Public toilet in horrible condition, very unhygienic",NEGATIVE,1,Education,Ward 6
Drainage cleaning drive happening next week,NEUTRAL,3,Education,Ward 3
"Street lights broken since 2 months, no action taken",NEGATIVE,1,Transport,Ward 14
Water supply will be interrupted tomorrow for maintenance,NEUTRAL,3,Roads,Ward 5
"Water tank cleaning done thoroughly, water quality improved",POSITIVE,4,Public Safety,Ward 6
Water pipeline replacement work in progress,NEUTRAL,3,Education,Ward 10
"Public toilet in horrible condition, very unhygienic",NEGATIVE,2,Education,Ward 34
Garbage collection timings have been changed to morning,NEUTRAL,3,Water,Ward 45
"No street lights on dark lane, women feel unsafe",NEGATIVE,1,Healthcare,Ward 47
Drainage cleaning drive happening next week,NEUTRAL,3,Transport,Ward 30
Survey completed for new drainage line,NEUTRAL,3,Transport,Ward 27
Great improvement in garbage collection frequency,POSITIVE,5,Healthcare,Ward 11
"Bridge cracks visible, no action from authorities",NEGATIVE,2,Transport,Ward 43
Garbage collection timings have been changed to morning,NEUTRAL,3,Roads,Ward 44
"Road marking done properly, reduces accidents at night",POSITIVE,5,Healthcare,Ward 49
Garbage collection timings have been changed to morning,NEUTRAL,3,Sanitation,Ward 10
Work order issued for pothole repair,NEUTRAL,3,Parks,Ward 23
"Complained 10 times about potholes, zero response",NEGATIVE,2,Water,Ward 25
Great improvement in garbage collection frequency,POSITIVE,5,Education,Ward 22
Electricity cut for 3 days without any information,NEGATIVE,1,Public Safety,Ward 3
"Contractor used substandard materials, work failing",NEGATIVE,2,Education,Ward 45
"Road repair done poorly, breaking again within weeks",NEGATIVE,2,Education,Ward 40
Great improvement in garbage collection frequency,POSITIVE,4,Roads,Ward 18
"Complaint registered, under review by department",NEUTRAL,3,Healthcare,Ward 38
Project started but no updates for 6 months,NEGATIVE,2,Sanitation,Ward 41
Garbage collection timings have been changed to morning,NEUTRAL,3,Education,Ward 46
Road widening project completed ahead of schedule,POSITIVE,5,Water,Ward 41
Electricity cut for 3 days without any information,NEGATIVE,1,Electricity,Ward 23
"Electricity outages have reduced significantly, great work",POSITIVE,4,Transport,Ward 42
Electricity department working on transformer upgrade,NEUTRAL,3,Electricity,Ward 2
"Footpath construction completed, senior citizens are happy",POSITIVE,4,Public Safety,Ward 49
Construction of new school building underway,NEUTRAL,3,Roads,Ward 16
"Water pipe burst causing damage, no immediate action",NEGATIVE,2,Water,Ward 40
"Drainage overflowing, sewage on streets, disgusting",NEGATIVE,2,Parks,Ward 15
Bridge inspection scheduled for next week,NEUTRAL,3,Electricity,Ward 12
"Sewage line blocked for months, unbearable smell",NEGATIVE,1,Water,Ward 27
Road marking work will start after monsoon,NEUTRAL,3,Transport,Ward 12
The contractor did excellent work on the drainage project,POSITIVE,5,Water,Ward 44
Pothole on main road not fixed even after 3 complaints,NEGATIVE,1,Education,Ward 21
Water pipeline replacement work in progress,NEUTRAL,3,Construction,Ward 44
Hospital renovation work started last month,NEUTRAL,3,Electricity,Ward 8
New traffic signals have reduced accidents in our area,POSITIVE,5,Water,Ward 31
"Footpath construction completed, senior citizens are happy",POSITIVE,5,Public Safety,Ward 41
"No water supply for the past 5 days, very frustrated",NEGATIVE,1,Public Safety,Ward 24
"Construction noise at midnight, residents suffering",NEGATIVE,1,Education,Ward 34
"Park facilities broken, children getting hurt",NEGATIVE,2,Sanitation,Ward 14
"Contractor used substandard materials, work failing",NEGATIVE,2,Public Safety,Ward 40
"Water supply erratic, pressure very low",NEGATIVE,2,Construction,Ward 1
Pothole on main road not fixed even after 3 complaints,NEGATIVE,1,Roads,Ward 35
"Water pipe burst causing damage, no immediate action",NEGATIVE,2,Electricity,Ward 7
Public toilets are now clean and well maintained,POSITIVE,5,Public Safety,Ward 25
"Complaint registered, under review by department",NEUTRAL,3,Construction,Ward 1
Power outage scheduled for maintenance work,NEUTRAL,3,Electricity,Ward 21
Bridge inspection scheduled for next week,NEUTRAL,3,Electricity,Ward 39
"Park facilities broken, children getting hurt",NEGATIVE,2,Healthcare,Ward 25
Solar street lights are a wonderful initiative,POSITIVE,5,Education,Ward 36
"Water supply erratic, pressure very low",NEGATIVE,2,Education,Ward 7
Survey completed for new drainage line,NEUTRAL,3,Transport,Ward 42
The contractor did excellent work on the drainage project,POSITIVE,5,Roads,Ward 12
"Drainage work done excellently, no more waterlogging",POSITIVE,5,Education,Ward 47
Authorities not responding to any complaints,NEGATIVE,2,Water,Ward 7
Power outage scheduled for maintenance work,NEUTRAL,3,Construction,Ward 14
"Complaint registered, under review by department",NEUTRAL,3,Electricity,Ward 36
"No water supply for the past 5 days, very frustrated",NEGATIVE,1,Water,Ward 6
The contractor did excellent work on the drainage project,POSITIVE,5,Public Safety,Ward 9
Electricity department working on transformer upgrade,NEUTRAL,3,Education,Ward 23
"Public toilet in horrible condition, very unhygienic",NEGATIVE,2,Construction,Ward 36
Water tanker supply continues until pipeline fixed,NEUTRAL,3,Transport,Ward 22
New hospital wing is a great addition to our area,POSITIVE,4,Parks,Ward 32
"Park facilities broken, children getting hurt",NEGATIVE,1,Water,Ward 28
"Road marking done properly, reduces accidents at night",POSITIVE,4,Electricity,Ward 40
Road widening project completed ahead of schedule,POSITIVE,4,Healthcare,Ward 30
Street light maintenance scheduled for this weekend,NEUTRAL,3,Parks,Ward 12
Project completion date extended by two months,NEUTRAL,3,Parks,Ward 48
"The road repair was completed on time, very happy with the work",POSITIVE,5,Sanitation,Ward 37
"Contractor used substandard materials, work failing",NEGATIVE,1,Transport,Ward 8
Garbage collection timings have been changed to morning,NEUTRAL,3,Electricity,Ward 18
Environmental clearance received for park project,NEUTRAL,3,Electricity,Ward 3
"Street lights broken since 2 months, no action taken",NEGATIVE,2,Sanitation,Ward 48
"Footpath occupied by vendors, pedestrians on road",NEGATIVE,1,Public Safety,Ward 34
"Street lights are working perfectly now, feel safe at night",POSITIVE,4,Education,Ward 5
"Water pipe burst causing damage, no immediate action",NEGATIVE,2,Roads,Ward 41
"Public toilet in horrible condition, very unhygienic",NEGATIVE,2,Education,Ward 36
Pothole on main road not fixed even after 3 complaints,NEGATIVE,1,Education,Ward 32
Hospital renovation work started last month,NEUTRAL,3,Construction,Ward 22
"Garbage not collected for a week, health hazard",NEGATIVE,2,Water,Ward 22
Hospital renovation work started last month,NEUTRAL,3,Electricity,Ward 33
New project for park development announced for our ward,NEUTRAL,3,Construction,Ward 27
Construction of new school building underway,NEUTRAL,3,Construction,Ward 7
Road marking work will start after monsoon,NEUTRAL,3,Education,Ward 26
Road dug up for pipeline but not restored for months,NEGATIVE,1,Water,Ward 47
"Bus route cancelled without notice, people suffering",NEGATIVE,2,Healthcare,Ward 24
Happy with the prompt response from civic authorities,POSITIVE,5,Transport,Ward 38
"Park renovation looks beautiful, children love it",POSITIVE,5,Public Safety,Ward 46
"Water quality has improved, no more complaints from residents",POSITIVE,5,Electricity,Ward 33
New bus route announcement expected soon,NEUTRAL,3,Parks,Ward 32
Street light maintenance scheduled for this weekend,NEUTRAL,3,Public Safety,Ward 21
Water supply will be interrupted tomorrow for maintenance,NEUTRAL,3,Healthcare,Ward 11
New traffic signals have reduced accidents in our area,POSITIVE,5,Roads,Ward 6
"Drainage overflowing, sewage on streets, disgusting",NEGATIVE,1,Parks,Ward 3
Environmental clearance received for park project,NEUTRAL,3,Parks,Ward 39
"Drainage work done excellently, no more waterlogging",POSITIVE,5,Roads,Ward 25
Solar street lights are a wonderful initiative,POSITIVE,5,Electricity,Ward 28
The sanitation team is doing a commendable job,POSITIVE,4,Parks,Ward 6
"Water pipe burst causing damage, no immediate action",NEGATIVE,1,Healthcare,Ward 23
"Public toilet in horrible condition, very unhygienic",NEGATIVE,1,Construction,Ward 38
Road marking work will start after monsoon,NEUTRAL,3,Healthcare,Ward 36
"Street lights are working perfectly now, feel safe at night",POSITIVE,4,Sanitation,Ward 33
New project for park development announced for our ward,NEUTRAL,3,Roads,Ward 29
"Sewage line blocked for months, unbearable smell",NEGATIVE,1,Electricity,Ward 14
Road repair work is ongoing in our sector,NEUTRAL,3,Healthcare,Ward 15
New bus route announcement expected soon,NEUTRAL,3,Electricity,Ward 2
Traffic signal upgrade project is under review,NEUTRAL,3,Sanitation,Ward 48
Road widening project completed ahead of schedule,POSITIVE,5,Parks,Ward 36
Solar street lights are a wonderful initiative,POSITIVE,4,Transport,Ward 45
Bridge inspection scheduled for next week,NEUTRAL,3,Electricity,Ward 46
New school building construction is progressing well,POSITIVE,5,Parks,Ward 1
"Electricity outages have reduced significantly, great work",POSITIVE,4,Roads,Ward 30
Project started but no updates for 6 months,NEGATIVE,2,Electricity,Ward 36
"Drainage overflowing, sewage on streets, disgusting",NEGATIVE,1,Education,Ward 6
"Traffic signals not working, accidents happening daily",NEGATIVE,2,Parks,Ward 12
"Street lights are working perfectly now, feel safe at night",POSITIVE,5,Roads,Ward 38
Traffic signal upgrade project is under review,NEUTRAL,3,Electricity,Ward 42
"Contractor used substandard materials, work failing",NEGATIVE,2,Sanitation,Ward 38
"Contractor used substandard materials, work failing",NEGATIVE,2,Parks,Ward 15
"Street lights are working perfectly now, feel safe at night",POSITIVE,5,Roads,Ward 46
The construction work was neat and professional,POSITIVE,5,Transport,Ward 11
Street light maintenance scheduled for this weekend,NEUTRAL,3,Parks,Ward 50
Project started but no updates for 6 months,NEGATIVE,1,Construction,Ward 50
Survey completed for new drainage line,NEUTRAL,3,Transport,Ward 15
Project completion date extended by two months,NEUTRAL,3,Transport,Ward 25
"No street lights on dark lane, women feel unsafe",NEGATIVE,1,Electricity,Ward 42
"Road repair done poorly, breaking again within weeks",NEGATIVE,1,Roads,Ward 8
Road widening project expected to complete next month,NEUTRAL,3,Parks,Ward 17
"The government responded quickly to our complaint, well done",POSITIVE,4,Water,Ward 17
"Water tank cleaning done thoroughly, water quality improved",POSITIVE,4,Parks,Ward 2
"Water quality has improved, no more complaints from residents",POSITIVE,4,Parks,Ward 6
Road widening project expected to complete next month,NEUTRAL,3,Healthcare,Ward 43
New contractor assigned for road repair work,NEUTRAL,3,Sanitation,Ward 8
"Construction work stopped midway, area looks terrible",NEGATIVE,1,Roads,Ward 45
"Bus route cancelled without notice, people suffering",NEGATIVE,2,Healthcare,Ward 42
The sanitation team is doing a commendable job,POSITIVE,4,Roads,Ward 26
Water supply will be interrupted tomorrow for maintenance,NEUTRAL,3,Roads,Ward 13
"Electricity outages have reduced significantly, great work",POSITIVE,5,Healthcare,Ward 9
Public toilet construction tender has been floated,NEUTRAL,3,Roads,Ward 3
"Construction noise at midnight, residents suffering",NEGATIVE,1,Parks,Ward 29
New project for park development announced for our ward,NEUTRAL,3,Transport,Ward 49
Solar street lights are a wonderful initiative,POSITIVE,4,Roads,Ward 16
Water supply will be interrupted tomorrow for maintenance,NEUTRAL,3,Sanitation,Ward 19
Traffic signal upgrade project is under review,NEUTRAL,3,Parks,Ward 16
Electricity cut for 3 days without any information,NEGATIVE,1,Public Safety,Ward 20
Drainage cleaning drive happening next week,NEUTRAL,3,Water,Ward 37
"Water supply erratic, pressure very low",NEGATIVE,1,Transport,Ward 32
"The government responded quickly to our complaint, well done",POSITIVE,5,Water,Ward 33
New bus route announcement expected soon,NEUTRAL,3,Water,Ward 49
"Footpath construction completed, senior citizens are happy",POSITIVE,4,Transport,Ward 3
Road widening project completed ahead of schedule,POSITIVE,4,Transport,Ward 37
Road dug up for pipeline but not restored for months,NEGATIVE,2,Transport,Ward 23
Construction of new school building underway,NEUTRAL,3,Parks,Ward 12
"Drainage work done excellently, no more waterlogging",POSITIVE,5,Transport,Ward 17
Environmental clearance received for park project,NEUTRAL,3,Sanitation,Ward 7
"Drainage work done excellently, no more waterlogging",POSITIVE,4,Water,Ward 46
New traffic signals have reduced accidents in our area,POSITIVE,4,Sanitation,Ward 35
Committee formed to review delayed projects,NEUTRAL,3,Water,Ward 16
Authorities not responding to any complaints,NEGATIVE,2,Construction,Ward 39
"Water quality has improved, no more complaints from residents",POSITIVE,5,Healthcare,Ward 17
New traffic signals have reduced accidents in our area,POSITIVE,4,Parks,Ward 33
Project completion date extended by two months,NEUTRAL,3,Water,Ward 4
Road widening project expected to complete next month,NEUTRAL,3,Healthcare,Ward 19
Project completion date extended by two months,NEUTRAL,3,Electricity,Ward 20
Hospital renovation work started last month,NEUTRAL,3,Electricity,Ward 21
Survey completed for new drainage line,NEUTRAL,3,Public Safety,Ward 39
"Street lights broken since 2 months, no action taken",NEGATIVE,2,Education,Ward 1
Garbage collection timings have been changed to morning,NEUTRAL,3,Sanitation,Ward 35
The sanitation team is doing a commendable job,POSITIVE,5,Water,Ward 9
Environmental clearance received for park project,NEUTRAL,3,Public Safety,Ward 50
New traffic signals have reduced accidents in our area,POSITIVE,5,Roads,Ward 46
Authorities not responding to any complaints,NEGATIVE,1,Water,Ward 43
Solar street lights are a wonderful initiative,POSITIVE,5,Parks,Ward 44
"Footpath occupied by vendors, pedestrians on road",NEGATIVE,1,Public Safety,Ward 18
Water supply will be interrupted tomorrow for maintenance,NEUTRAL,3,Parks,Ward 13
The bridge repair was done with high quality materials,POSITIVE,5,Transport,Ward 36
"Road marking done properly, reduces accidents at night",POSITIVE,5,Transport,Ward 49
Electricity cut for 3 days without any information,NEGATIVE,1,Education,Ward 35
"Water supply erratic, pressure very low",NEGATIVE,2,Parks,Ward 48
"Sewage line blocked for months, unbearable smell",NEGATIVE,1,Transport,Ward 25
Solar street lights are a wonderful initiative,POSITIVE,4,Electricity,Ward 10
Pothole on main road not fixed even after 3 complaints,NEGATIVE,1,Sanitation,Ward 25
Hospital renovation work started last month,NEUTRAL,3,Parks,Ward 47
Authorities not responding to any complaints,NEGATIVE,2,Parks,Ward 40
Survey completed for new drainage line,NEUTRAL,3,Construction,Ward 7
"Garbage not collected for a week, health hazard",NEGATIVE,2,Education,Ward 34
"Quick action taken on our pothole complaint, impressed",POSITIVE,5,Construction,Ward 15
"Park renovation looks beautiful, children love it",POSITIVE,5,Parks,Ward 38
"Sewage line blocked for months, unbearable smell",NEGATIVE,2,Transport,Ward 50
"Sewage line blocked for months, unbearable smell",NEGATIVE,2,Construction,Ward 10
Road widening project completed ahead of schedule,POSITIVE,5,Water,Ward 32
Committee formed to review delayed projects,NEUTRAL,3,Sanitation,Ward 9
Garbage collection timings have been changed to morning,NEUTRAL,3,Public Safety,Ward 6
"Park facilities broken, children getting hurt",NEGATIVE,2,Electricity,Ward 5
"Public toilet in horrible condition, very unhygienic",NEGATIVE,1,Public Safety,Ward 43
Garbage collection timings have been changed to morning,NEUTRAL,3,Sanitation,Ward 9
Committee formed to review delayed projects,NEUTRAL,3,Water,Ward 20
Authorities not responding to any complaints,NEGATIVE,2,Water,Ward 42
The bridge repair was done with high quality materials,POSITIVE,5,Roads,Ward 7
Pothole on main road not fixed even after 3 complaints,NEGATIVE,1,Sanitation,Ward 47
"The government responded quickly to our complaint, well done",POSITIVE,5,Transport,Ward 21
Public toilet construction tender has been floated,NEUTRAL,3,Public Safety,Ward 27
Great improvement in garbage collection frequency,POSITIVE,4,Roads,Ward 42
Water pipeline replacement work in progress,NEUTRAL,3,Transport,Ward 44
"Water supply has improved a lot in our area, thank you",POSITIVE,5,Transport,Ward 45
Water pipeline replacement work in progress,NEUTRAL,3,Parks,Ward 36
"Bridge cracks visible, no action from authorities",NEGATIVE,1,Electricity,Ward 22
"Bus frequency has increased, commuting is easier",POSITIVE,4,Roads,Ward 48
"Electricity outages have reduced significantly, great work",POSITIVE,4,Education,Ward 5
New contractor assigned for road repair work,NEUTRAL,3,Water,Ward 18
Electricity cut for 3 days without any information,NEGATIVE,1,Transport,Ward 33
Great improvement in garbage collection frequency,POSITIVE,5,Healthcare,Ward 25
"Sewage line blocked for months, unbearable smell",NEGATIVE,2,Education,Ward 8
Water supply will be interrupted tomorrow for maintenance,NEUTRAL,3,Education,Ward 49
The contractor did excellent work on the drainage project,POSITIVE,5,Roads,Ward 3
Survey completed for new drainage line,NEUTRAL,3,Electricity,Ward 8
Road widening project expected to complete next month,NEUTRAL,3,Sanitation,Ward 48
"Quick action taken on our pothole complaint, impressed",POSITIVE,4,Healthcare,Ward 6
Bridge inspection scheduled for next week,NEUTRAL,3,Public Safety,Ward 5
Road widening project expected to complete next month,NEUTRAL,3,Sanitation,Ward 5
"Bus route cancelled without notice, people suffering",NEGATIVE,1,Transport,Ward 38
Public toilet construction tender has been floated,NEUTRAL,3,Transport,Ward 33
"Water supply erratic, pressure very low",NEGATIVE,2,Water,Ward 11
"Water tank cleaning done thoroughly, water quality improved",POSITIVE,4,Transport,Ward 24
"Electricity outages have reduced significantly, great work",POSITIVE,4,Education,Ward 46
New school building construction is progressing well,POSITIVE,4,Construction,Ward 25
New contractor assigned for road repair work,NEUTRAL,3,Public Safety,Ward 13
"The road repair was completed on time, very happy with the work",POSITIVE,5,Healthcare,Ward 1
"Sewage line blocked for months, unbearable smell",NEGATIVE,1,Healthcare,Ward 9
"Construction work stopped midway, area looks terrible",NEGATIVE,1,Electricity,Ward 12
"No water supply for the past 5 days, very frustrated",NEGATIVE,1,Construction,Ward 38
Power outage scheduled for maintenance work,NEUTRAL,3,Transport,Ward 45
Committee formed to review delayed projects,NEUTRAL,3,Roads,Ward 4
Survey completed for new drainage line,NEUTRAL,3,Parks,Ward 14
Happy with the prompt response from civic authorities,POSITIVE,4,Parks,Ward 19
Authorities not responding to any complaints,NEGATIVE,2,Healthcare,Ward 29
"Drainage work done excellently, no more waterlogging",POSITIVE,4,Education,Ward 50
"Traffic signals not working, accidents happening daily",NEGATIVE,1,Public Safety,Ward 15
"The government responded quickly to our complaint, well done",POSITIVE,4,Sanitation,Ward 34
Project started but no updates for 6 months,NEGATIVE,2,Education,Ward 12
"No water supply for the past 5 days, very frustrated",NEGATIVE,2,Education,Ward 10
Street light maintenance scheduled for this weekend,NEUTRAL,3,Public Safety,Ward 8
Great improvement in garbage collection frequency,POSITIVE,4,Construction,Ward 15
New traffic signals have reduced accidents in our area,POSITIVE,4,Roads,Ward 16
"Electricity outages have reduced significantly, great work",POSITIVE,5,Education,Ward 8
New bus route announcement expected soon,NEUTRAL,3,Public Safety,Ward 35
New project for park development announced for our ward,NEUTRAL,3,Public Safety,Ward 30
"Park renovation looks beautiful, children love it",POSITIVE,5,Transport,Ward 24
Work order issued for pothole repair,NEUTRAL,3,Sanitation,Ward 22
"The road repair was completed on time, very happy with the work",POSITIVE,4,Electricity,Ward 41
Road marking work will start after monsoon,NEUTRAL,3,Transport,Ward 45
Hospital renovation work started last month,NEUTRAL,3,Sanitation,Ward 4
Work order issued for pothole repair,NEUTRAL,3,Parks,Ward 47
"No street lights on dark lane, women feel unsafe",NEGATIVE,1,Water,Ward 14
Bridge inspection scheduled for next week,NEUTRAL,3,Public Safety,Ward 29
Traffic signal upgrade project is under review,NEUTRAL,3,Public Safety,Ward 23
Road widening project completed ahead of schedule,POSITIVE,5,Water,Ward 38
Electricity cut for 3 days without any information,NEGATIVE,1,Water,Ward 15
"Contractor used substandard materials, work failing",NEGATIVE,2,Education,Ward 36
"No street lights on dark lane, women feel unsafe",NEGATIVE,2,Education,Ward 46
Road marking work will start after monsoon,NEUTRAL,3,Parks,Ward 29
"Contractor used substandard materials, work failing",NEGATIVE,1,Healthcare,Ward 11
Garbage collection timings have been changed to morning,NEUTRAL,3,Electricity,Ward 17
"Drainage work done excellently, no more waterlogging",POSITIVE,4,Water,Ward 22
Road repair work is ongoing in our sector,NEUTRAL,3,Water,Ward 26
Road repair work is ongoing in our sector,NEUTRAL,3,Parks,Ward 42
"Quick action taken on our pothole complaint, impressed",POSITIVE,5,Sanitation,Ward 8
"Traffic signals not working, accidents happening daily",NEGATIVE,2,Electricity,Ward 14
Garbage collection timings have been changed to morning,NEUTRAL,3,Transport,Ward 12
"Drainage overflowing, sewage on streets, disgusting",NEGATIVE,2,Education,Ward 39
Construction of new school building underway,NEUTRAL,3,Construction,Ward 49
Solar street lights are a wonderful initiative,POSITIVE,5,Parks,Ward 33
"Garbage not collected for a week, health hazard",NEGATIVE,1,Parks,Ward 42
Bridge inspection scheduled for next week,NEUTRAL,3,Electricity,Ward 5
New school building construction is progressing well,POSITIVE,5,Roads,Ward 9
"No street lights on dark lane, women feel unsafe",NEGATIVE,1,Public Safety,Ward 46
Water supply will be interrupted tomorrow for maintenance,NEUTRAL,3,Construction,Ward 41
"Quick action taken on our pothole complaint, impressed",POSITIVE,4,Construction,Ward 31
Street light maintenance scheduled for this weekend,NEUTRAL,3,Water,Ward 6
"Garbage not collected for a week, health hazard",NEGATIVE,2,Sanitation,Ward 39
"Footpath occupied by vendors, pedestrians on road",NEGATIVE,1,Roads,Ward 23
Committee formed to review delayed projects,NEUTRAL,3,Public Safety,Ward 50
"Street lights broken since 2 months, no action taken",NEGATIVE,2,Education,Ward 5
"Drainage overflowing, sewage on streets, disgusting",NEGATIVE,2,Water,Ward 9
"Water quality has improved, no more complaints from residents",POSITIVE,4,Electricity,Ward 49
"Drainage overflowing, sewage on streets, disgusting",NEGATIVE,1,Education,Ward 16
"Water tank cleaning done thoroughly, water quality improved",POSITIVE,5,Transport,Ward 36
"The road repair was completed on time, very happy with the work",POSITIVE,4,Roads,Ward 17
"The government responded quickly to our complaint, well done",POSITIVE,4,Healthcare,Ward 37
"Road repair done poorly, breaking again within weeks",NEGATIVE,2,Public Safety,Ward 20
"Bus frequency has increased, commuting is easier",POSITIVE,5,Water,Ward 5
Drainage cleaning drive happening next week,NEUTRAL,3,Sanitation,Ward 38
Work order issued for pothole repair,NEUTRAL,3,Construction,Ward 47
"Sewage line blocked for months, unbearable smell",NEGATIVE,2,Water,Ward 50
The bridge repair was done with high quality materials,POSITIVE,4,Education,Ward 23
The bridge repair was done with high quality materials,POSITIVE,4,Electricity,Ward 43
"Water quality has improved, no more complaints from residents",POSITIVE,4,Sanitation,Ward 20
"Street lights are working perfectly now, feel safe at night",POSITIVE,4,Transport,Ward 9
"Public toilet in horrible condition, very unhygienic",NEGATIVE,1,Transport,Ward 13
"Construction work stopped midway, area looks terrible",NEGATIVE,1,Education,Ward 6
"Park renovation looks beautiful, children love it",POSITIVE,4,Healthcare,Ward 7
Public toilets are now clean and well maintained,POSITIVE,4,Construction,Ward 45
The construction work was neat and professional,POSITIVE,4,Water,Ward 24
Happy with the prompt response from civic authorities,POSITIVE,4,Water,Ward 16
Road repair work is ongoing in our sector,NEUTRAL,3,Healthcare,Ward 33
"Electricity outages have reduced significantly, great work",POSITIVE,5,Construction,Ward 33
Road widening project completed ahead of schedule,POSITIVE,5,Healthcare,Ward 47
Committee formed to review delayed projects,NEUTRAL,3,Sanitation,Ward 36
Electricity department working on transformer upgrade,NEUTRAL,3,Electricity,Ward 10
Solar street lights are a wonderful initiative,POSITIVE,5,Sanitation,Ward 8
Electricity department working on transformer upgrade,NEUTRAL,3,Transport,Ward 45
Environmental clearance received for park project,NEUTRAL,3,Electricity,Ward 25
"Drainage overflowing, sewage on streets, disgusting",NEGATIVE,2,Sanitation,Ward 19
Pothole on main road not fixed even after 3 complaints,NEGATIVE,2,Water,Ward 35
Electricity department working on transformer upgrade,NEUTRAL,3,Parks,Ward 13
The construction work was neat and professional,POSITIVE,5,Electricity,Ward 32
Committee formed to review delayed projects,NEUTRAL,3,Education,Ward 5
Project completion date extended by two months,NEUTRAL,3,Water,Ward 43
"Drainage overflowing, sewage on streets, disgusting",NEGATIVE,2,Roads,Ward 16
Street light maintenance scheduled for this weekend,NEUTRAL,3,Parks,Ward 34
The sanitation team is doing a commendable job,POSITIVE,4,Parks,Ward 18
"Government hospital has no medicines, pathetic service",NEGATIVE,2,Healthcare,Ward 5
"Road repair done poorly, breaking again within weeks",NEGATIVE,1,Transport,Ward 49
"Water supply erratic, pressure very low",NEGATIVE,1,Construction,Ward 35
"Traffic signals not working, accidents happening daily",NEGATIVE,2,Construction,Ward 44
Pothole on main road not fixed even after 3 complaints,NEGATIVE,2,Public Safety,Ward 36
"Complained 10 times about potholes, zero response",NEGATIVE,1,Electricity,Ward 43
"The government responded quickly to our complaint, well done",POSITIVE,5,Roads,Ward 21
"Public toilet in horrible condition, very unhygienic",NEGATIVE,2,Water,Ward 47
Happy with the prompt response from civic authorities,POSITIVE,5,Construction,Ward 44
"Water quality has improved, no more complaints from residents",POSITIVE,4,Water,Ward 29
Power outage scheduled for maintenance work,NEUTRAL,3,Public Safety,Ward 28
"Construction noise at midnight, residents suffering",NEGATIVE,1,Roads,Ward 14
Road widening project completed ahead of schedule,POSITIVE,5,Parks,Ward 47
Water pipeline replacement work in progress,NEUTRAL,3,Water,Ward 22
Traffic signal upgrade project is under review,NEUTRAL,3,Transport,Ward 20
"Street lights are working perfectly now, feel safe at night",POSITIVE,4,Electricity,Ward 15
Pothole on main road not fixed even after 3 complaints,NEGATIVE,1,Construction,Ward 44
"The government responded quickly to our complaint, well done",POSITIVE,5,Transport,Ward 16
"Park facilities broken, children getting hurt",NEGATIVE,2,Public Safety,Ward 25
"Water pipe burst causing damage, no immediate action",NEGATIVE,2,Public Safety,Ward 44
"Footpath construction completed, senior citizens are happy",POSITIVE,4,Construction,Ward 41
Hospital renovation work started last month,NEUTRAL,3,Transport,Ward 1
"Complaint registered, under review by department",NEUTRAL,3,Electricity,Ward 32
The contractor did excellent work on the drainage project,POSITIVE,5,Electricity,Ward 13
Road dug up for pipeline but not restored for months,NEGATIVE,2,Construction,Ward 45
New hospital wing is a great addition to our area,POSITIVE,5,Electricity,Ward 23
Work order issued for pothole repair,NEUTRAL,3,Sanitation,Ward 6
"Electricity outages have reduced significantly, great work",POSITIVE,4,Construction,Ward 7
Committee formed to review delayed projects,NEUTRAL,3,Sanitation,Ward 40
Power outage scheduled for maintenance work,NEUTRAL,3,Electricity,Ward 19
"Traffic signals not working, accidents happening daily",NEGATIVE,1,Public Safety,Ward 5
Project completion date extended by two months,NEUTRAL,3,Public Safety,Ward 17
The construction work was neat and professional,POSITIVE,4,Roads,Ward 45
"Road repair done poorly, breaking again within weeks",NEGATIVE,1,Parks,Ward 10
Public toilets are now clean and well maintained,POSITIVE,5,Roads,Ward 24
"Bus frequency has increased, commuting is easier",POSITIVE,4,Water,Ward 43
Road dug up for pipeline but not restored for months,NEGATIVE,2,Transport,Ward 45
"Footpath occupied by vendors, pedestrians on road",NEGATIVE,1,Electricity,Ward 7
"Footpath construction completed, senior citizens are happy",POSITIVE,5,Education,Ward 2
Street light maintenance scheduled for this weekend,NEUTRAL,3,Water,Ward 20
Committee formed to review delayed projects,NEUTRAL,3,Transport,Ward 13
Great improvement in garbage collection frequency,POSITIVE,5,Education,Ward 45
Public toilets are now clean and well maintained,POSITIVE,4,Construction,Ward 45
New school building construction is progressing well,POSITIVE,4,Education,Ward 46
"Traffic signals not working, accidents happening daily",NEGATIVE,2,Construction,Ward 18
"Water pipe burst causing damage, no immediate action",NEGATIVE,1,Public Safety,Ward 28
"No water supply for the past 5 days, very frustrated",NEGATIVE,2,Parks,Ward 22
"Public toilet in horrible condition, very unhygienic",NEGATIVE,2,Public Safety,Ward 29
Work order issued for pothole repair,NEUTRAL,3,Public Safety,Ward 28
Public toilet construction tender has been floated,NEUTRAL,3,Roads,Ward 45
The construction work was neat and professional,POSITIVE,5,Education,Ward 8
Traffic signal upgrade project is under review,NEUTRAL,3,Electricity,Ward 8
"Complained 10 times about potholes, zero response",NEGATIVE,2,Roads,Ward 33
Road repair work is ongoing in our sector,NEUTRAL,3,Electricity,Ward 38
Water supply will be interrupted tomorrow for maintenance,NEUTRAL,3,Roads,Ward 1
"Street lights are working perfectly now, feel safe at night",POSITIVE,5,Water,Ward 33
Water tanker supply continues until pipeline fixed,NEUTRAL,3,Parks,Ward 5
Solar street lights are a wonderful initiative,POSITIVE,4,Healthcare,Ward 45
Road repair work is ongoing in our sector,NEUTRAL,3,Healthcare,Ward 23
Road widening project expected to complete next month,NEUTRAL,3,Sanitation,Ward 13
"Drainage overflowing, sewage on streets, disgusting",NEGATIVE,1,Sanitation,Ward 3
"The government responded quickly to our complaint, well done",POSITIVE,5,Roads,Ward 47
Electricity department working on transformer upgrade,NEUTRAL,3,Water,Ward 3
"Street lights are working perfectly now, feel safe at night",POSITIVE,4,Sanitation,Ward 39
"Construction noise at midnight, residents suffering",NEGATIVE,1,Water,Ward 14
Drainage cleaning drive happening next week,NEUTRAL,3,Roads,Ward 46
"Complained 10 times about potholes, zero response",NEGATIVE,2,Transport,Ward 38
The construction work was neat and professional,POSITIVE,5,Public Safety,Ward 34
Pothole on main road not fixed even after 3 complaints,NEGATIVE,2,Sanitation,Ward 19
The bridge repair was done with high quality materials,POSITIVE,4,Water,Ward 47
"Construction work stopped midway, area looks terrible",NEGATIVE,2,Sanitation,Ward 6
Happy with the prompt response from civic authorities,POSITIVE,4,Electricity,Ward 24
"Bus frequency has increased, commuting is easier",POSITIVE,5,Sanitation,Ward 40
Project started but no updates for 6 months,NEGATIVE,1,Healthcare,Ward 6
"Quick action taken on our pothole complaint, impressed",POSITIVE,5,Healthcare,Ward 42
"Traffic signals not working, accidents happening daily",NEGATIVE,1,Electricity,Ward 31
"Construction work stopped midway, area looks terrible",NEGATIVE,1,Parks,Ward 33
"Complaint registered, under review by department",NEUTRAL,3,Water,Ward 21
Happy with the prompt response from civic authorities,POSITIVE,5,Roads,Ward 32
"Footpath construction completed, senior citizens are happy",POSITIVE,4,Construction,Ward 48
Garbage collection timings have been changed to morning,NEUTRAL,3,Transport,Ward 48
"Public toilet in horrible condition, very unhygienic",NEGATIVE,2,Healthcare,Ward 35
Happy with the prompt response from civic authorities,POSITIVE,4,Education,Ward 2
Street light maintenance scheduled for this weekend,NEUTRAL,3,Transport,Ward 6
"Road repair done poorly, breaking again within weeks",NEGATIVE,2,Water,Ward 5
Garbage collection timings have been changed to morning,NEUTRAL,3,Construction,Ward 29
The sanitation team is doing a commendable job,POSITIVE,5,Electricity,Ward 50
Happy with the prompt response from civic authorities,POSITIVE,4,Education,Ward 28
Project started but no updates for 6 months,NEGATIVE,2,Electricity,Ward 40
"Government hospital has no medicines, pathetic service",NEGATIVE,2,Parks,Ward 44
Road repair work is ongoing in our sector,NEUTRAL,3,Electricity,Ward 25
Construction of new school building underway,NEUTRAL,3,Sanitation,Ward 47
"Complaint registered, under review by department",NEUTRAL,3,Healthcare,Ward 48
"Water pipe burst causing damage, no immediate action",NEGATIVE,2,Sanitation,Ward 49
"Complained 10 times about potholes, zero response",NEGATIVE,2,Roads,Ward 9
Garbage collection timings have been changed to morning,NEUTRAL,3,Roads,Ward 9
"Government hospital has no medicines, pathetic service",NEGATIVE,2,Education,Ward 30
Environmental clearance received for park project,NEUTRAL,3,Healthcare,Ward 36
Solar street lights are a wonderful initiative,POSITIVE,4,Parks,Ward 32
Solar street lights are a wonderful initiative,POSITIVE,4,Public Safety,Ward 3
"Government hospital has no medicines, pathetic service",NEGATIVE,1,Electricity,Ward 44
"Quick action taken on our pothole complaint, impressed",POSITIVE,5,Electricity,Ward 29
Water pipeline replacement work in progress,NEUTRAL,3,Transport,Ward 3
Authorities not responding to any complaints,NEGATIVE,1,Healthcare,Ward 11
"Garbage not collected for a week, health hazard",NEGATIVE,2,Transport,Ward 41
Electricity department working on transformer upgrade,NEUTRAL,3,Parks,Ward 2
The bridge repair was done with high quality materials,POSITIVE,5,Parks,Ward 25
"Public toilet in horrible condition, very unhygienic",NEGATIVE,2,Transport,Ward 20
"No street lights on dark lane, women feel unsafe",NEGATIVE,1,Electricity,Ward 21
Water tanker supply continues until pipeline fixed,NEUTRAL,3,Transport,Ward 4
Happy with the prompt response from civic authorities,POSITIVE,5,Electricity,Ward 13
Survey completed for new drainage line,NEUTRAL,3,Public Safety,Ward 38
Electricity cut for 3 days without any information,NEGATIVE,2,Healthcare,Ward 13
"Bridge cracks visible, no action from authorities",NEGATIVE,1,Water,Ward 17
Road marking work will start after monsoon,NEUTRAL,3,Electricity,Ward 21
"Street lights broken since 2 months, no action taken",NEGATIVE,1,Sanitation,Ward 31
Authorities not responding to any complaints,NEGATIVE,2,Electricity,Ward 2
"No water supply for the past 5 days, very frustrated",NEGATIVE,1,Construction,Ward 41
"Traffic signals not working, accidents happening daily",NEGATIVE,1,Education,Ward 8
Road widening project completed ahead of schedule,POSITIVE,4,Electricity,Ward 5
"Bus frequency has increased, commuting is easier",POSITIVE,5,Healthcare,Ward 10
"Bus route cancelled without notice, people suffering",NEGATIVE,1,Public Safety,Ward 42
Power outage scheduled for maintenance work,NEUTRAL,3,Electricity,Ward 31
Traffic signal upgrade project is under review,NEUTRAL,3,Water,Ward 44
"Footpath construction completed, senior citizens are happy",POSITIVE,4,Education,Ward 6
"Road repair done poorly, breaking again within weeks",NEGATIVE,2,Public Safety,Ward 1
"Water supply erratic, pressure very low",NEGATIVE,1,Roads,Ward 22
The bridge repair was done with high quality materials,POSITIVE,5,Public Safety,Ward 18
"Road marking done properly, reduces accidents at night",POSITIVE,5,Water,Ward 20
"Road repair done poorly, breaking again within weeks",NEGATIVE,2,Education,Ward 2
The construction work was neat and professional,POSITIVE,5,Electricity,Ward 12
"Water pipe burst causing damage, no immediate action",NEGATIVE,1,Roads,Ward 41
Bridge inspection scheduled for next week,NEUTRAL,3,Education,Ward 50
"Road repair done poorly, breaking again within weeks",NEGATIVE,1,Electricity,Ward 35
Traffic signal upgrade project is under review,NEUTRAL,3,Healthcare,Ward 46
"Construction noise at midnight, residents suffering",NEGATIVE,1,Electricity,Ward 16
"Water pipe burst causing damage, no immediate action",NEGATIVE,2,Sanitation,Ward 42
Road widening project expected to complete next month,NEUTRAL,3,Water,Ward 9
New project for park development announced for our ward,NEUTRAL,3,Education,Ward 26
"Construction work stopped midway, area looks terrible",NEGATIVE,2,Sanitation,Ward 21
"Water quality has improved, no more complaints from residents",POSITIVE,5,Healthcare,Ward 14
The contractor did excellent work on the drainage project,POSITIVE,5,Sanitation,Ward 49
"Construction noise at midnight, residents suffering",NEGATIVE,1,Parks,Ward 30
"Complained 10 times about potholes, zero response",NEGATIVE,1,Water,Ward 26
Work order issued for pothole repair,NEUTRAL,3,Construction,Ward 25
"Electricity outages have reduced significantly, great work",POSITIVE,4,Education,Ward 34
"The government responded quickly to our complaint, well done",POSITIVE,5,Public Safety,Ward 15
The sanitation team is doing a commendable job,POSITIVE,4,Education,Ward 1
"Water tank cleaning done thoroughly, water quality improved",POSITIVE,5,Electricity,Ward 44
"Construction work stopped midway, area looks terrible",NEGATIVE,2,Parks,Ward 37
"The government responded quickly to our complaint, well done",POSITIVE,5,Construction,Ward 13
Great improvement in garbage collection frequency,POSITIVE,5,Sanitation,Ward 21
"Footpath construction completed, senior citizens are happy",POSITIVE,5,Transport,Ward 41
Authorities not responding to any complaints,NEGATIVE,2,Education,Ward 39
Happy with the prompt response from civic authorities,POSITIVE,4,Roads,Ward 1
"Park renovation looks beautiful, children love it",POSITIVE,4,Education,Ward 34
Electricity department working on transformer upgrade,NEUTRAL,3,Transport,Ward 25
"Complaint registered, under review by department",NEUTRAL,3,Roads,Ward 46
Garbage collection timings have been changed to morning,NEUTRAL,3,Transport,Ward 10
Survey completed for new drainage line,NEUTRAL,3,Transport,Ward 40
"Bus frequency has increased, commuting is easier",POSITIVE,4,Parks,Ward 1
"Complaint registered, under review by department",NEUTRAL,3,Healthcare,Ward 6
Survey completed for new drainage line,NEUTRAL,3,Water,Ward 18
"The road repair was completed on time, very happy with the work",POSITIVE,4,Transport,Ward 34
"Park facilities broken, children getting hurt",NEGATIVE,1,Electricity,Ward 37
Environmental clearance received for park project,NEUTRAL,3,Roads,Ward 17
Water supply will be interrupted tomorrow for maintenance,NEUTRAL,3,Healthcare,Ward 26
"Drainage work done excellently, no more waterlogging",POSITIVE,4,Electricity,Ward 30
Water pipeline replacement work in progress,NEUTRAL,3,Healthcare,Ward 22
Street light maintenance scheduled for this weekend,NEUTRAL,3,Parks,Ward 34
Survey completed for new drainage line,NEUTRAL,3,Sanitation,Ward 26
"Government hospital has no medicines, pathetic service",NEGATIVE,1,Roads,Ward 43
"No street lights on dark lane, women feel unsafe",NEGATIVE,2,Parks,Ward 16
"Footpath occupied by vendors, pedestrians on road",NEGATIVE,2,Transport,Ward 41
"Drainage work done excellently, no more waterlogging",POSITIVE,5,Transport,Ward 24
"Water tank cleaning done thoroughly, water quality improved",POSITIVE,4,Construction,Ward 37
Water supply will be interrupted tomorrow for maintenance,NEUTRAL,3,Roads,Ward 12
Road marking work will start after monsoon,NEUTRAL,3,Construction,Ward 5
Traffic signal upgrade project is under review,NEUTRAL,3,Roads,Ward 40
Bridge inspection scheduled for next week,NEUTRAL,3,Roads,Ward 16
"Bus frequency has increased, commuting is easier",POSITIVE,5,Healthcare,Ward 32
Happy with the prompt response from civic authorities,POSITIVE,4,Construction,Ward 21
Pothole on main road not fixed even after 3 complaints,NEGATIVE,1,Construction,Ward 3
New hospital wing is a great addition to our area,POSITIVE,5,Water,Ward 9
"Quick action taken on our pothole complaint, impressed",POSITIVE,5,Electricity,Ward 49
"No water supply for the past 5 days, very frustrated",NEGATIVE,1,Electricity,Ward 2
Committee formed to review delayed projects,NEUTRAL,3,Parks,Ward 26
"Drainage overflowing, sewage on streets, disgusting",NEGATIVE,1,Public Safety,Ward 3
Electricity cut for 3 days without any information,NEGATIVE,1,Education,Ward 45
"No street lights on dark lane, women feel unsafe",NEGATIVE,1,Electricity,Ward 31
Hospital renovation work started last month,NEUTRAL,3,Water,Ward 28
"Street lights are working perfectly now, feel safe at night",POSITIVE,4,Construction,Ward 5
Solar street lights are a wonderful initiative,POSITIVE,5,Water,Ward 44
Road widening project expected to complete next month,NEUTRAL,3,Sanitation,Ward 44
Pothole on main road not fixed even after 3 complaints,NEGATIVE,1,Sanitation,Ward 19
Solar street lights are a wonderful initiative,POSITIVE,4,Healthcare,Ward 29
"Park facilities broken, children getting hurt",NEGATIVE,1,Education,Ward 36
"Drainage work done excellently, no more waterlogging",POSITIVE,5,Public Safety,Ward 46
Road widening project expected to complete next month,NEUTRAL,3,Sanitation,Ward 39
The construction work was neat and professional,POSITIVE,4,Roads,Ward 29
"Construction noise at midnight, residents suffering",NEGATIVE,2,Education,Ward 6
Solar street lights are a wonderful initiative,POSITIVE,4,Sanitation,Ward 36
Authorities not responding to any complaints,NEGATIVE,1,Education,Ward 36
Street light maintenance scheduled for this weekend,NEUTRAL,3,Transport,Ward 33
"Quick action taken on our pothole complaint, impressed",POSITIVE,5,Water,Ward 9
Road widening project completed ahead of schedule,POSITIVE,4,Roads,Ward 14
"Electricity outages have reduced significantly, great work",POSITIVE,5,Construction,Ward 9
Electricity cut for 3 days without any information,NEGATIVE,2,Roads,Ward 10
"Park facilities broken, children getting hurt",NEGATIVE,1,Transport,Ward 13
The contractor did excellent work on the drainage project,POSITIVE,5,Education,Ward 31
New hospital wing is a great addition to our area,POSITIVE,5,Construction,Ward 29
"Park renovation looks beautiful, children love it",POSITIVE,4,Transport,Ward 12
New project for park development announced for our ward,NEUTRAL,3,Construction,Ward 5
"Street lights broken since 2 months, no action taken",NEGATIVE,2,Education,Ward 34
New hospital wing is a great addition to our area,POSITIVE,4,Public Safety,Ward 47
Solar street lights are a wonderful initiative,POSITIVE,5,Electricity,Ward 39
Environmental clearance received for park project,NEUTRAL,3,Transport,Ward 24
New project for park development announced for our ward,NEUTRAL,3,Water,Ward 18
The contractor did excellent work on the drainage project,POSITIVE,5,Sanitation,Ward 44
Drainage cleaning drive happening next week,NEUTRAL,3,Education,Ward 40
"Water tank cleaning done thoroughly, water quality improved",POSITIVE,4,Sanitation,Ward 4
"Water tank cleaning done thoroughly, water quality improved",POSITIVE,4,Transport,Ward 29
"Public toilet in horrible condition, very unhygienic",NEGATIVE,1,Construction,Ward 25
Electricity department working on transformer upgrade,NEUTRAL,3,Electricity,Ward 47
Electricity department working on transformer upgrade,NEUTRAL,3,Education,Ward 35
"No street lights on dark lane, women feel unsafe",NEGATIVE,1,Education,Ward 42
Pothole on main road not fixed even after 3 complaints,NEGATIVE,2,Parks,Ward 15
"Road repair done poorly, breaking again within weeks",NEGATIVE,1,Transport,Ward 20
Construction of new school building underway,NEUTRAL,3,Water,Ward 27
New hospital wing is a great addition to our area,POSITIVE,5,Public Safety,Ward 33
"Water supply erratic, pressure very low",NEGATIVE,1,Roads,Ward 30
The bridge repair was done with high quality materials,POSITIVE,4,Parks,Ward 43
New contractor assigned for road repair work,NEUTRAL,3,Construction,Ward 9
"Electricity outages have reduced significantly, great work",POSITIVE,4,Parks,Ward 11
"Quick action taken on our pothole complaint, impressed",POSITIVE,5,Transport,Ward 14
"Water pipe burst causing damage, no immediate action",NEGATIVE,2,Roads,Ward 50
New contractor assigned for road repair work,NEUTRAL,3,Water,Ward 1
Work order issued for pothole repair,NEUTRAL,3,Public Safety,Ward 35
"Complained 10 times about potholes, zero response",NEGATIVE,1,Roads,Ward 45
"Road marking done properly, reduces accidents at night",POSITIVE,5,Public Safety,Ward 36
"Water supply has improved a lot in our area, thank you",POSITIVE,5,Education,Ward 3
"Construction noise at midnight, residents suffering",NEGATIVE,1,Parks,Ward 50
New bus route announcement expected soon,NEUTRAL,3,Education,Ward 41
"The government responded quickly to our complaint, well done",POSITIVE,5,Construction,Ward 27
Environmental clearance received for park project,NEUTRAL,3,Electricity,Ward 19
Road marking work will start after monsoon,NEUTRAL,3,Roads,Ward 10
Road widening project expected to complete next month,NEUTRAL,3,Roads,Ward 27
"The road repair was completed on time, very happy with the work",POSITIVE,4,Parks,Ward 22
The bridge repair was done with high quality materials,POSITIVE,5,Water,Ward 33
Public toilet construction tender has been floated,NEUTRAL,3,Education,Ward 24
Traffic signal upgrade project is under review,NEUTRAL,3,Electricity,Ward 31
"Drainage work done excellently, no more waterlogging",POSITIVE,5,Public Safety,Ward 39
Garbage collection timings have been changed to morning,NEUTRAL,3,Construction,Ward 32
"The government responded quickly to our complaint, well done",POSITIVE,5,Public Safety,Ward 27
"Bus frequency has increased, commuting is easier",POSITIVE,5,Education,Ward 8
"Quick action taken on our pothole complaint, impressed",POSITIVE,4,Electricity,Ward 49
Solar street lights are a wonderful initiative,POSITIVE,5,Sanitation,Ward 28
Authorities not responding to any complaints,NEGATIVE,1,Water,Ward 10
The bridge repair was done with high quality materials,POSITIVE,5,Construction,Ward 39
Garbage collection timings have been changed to morning,NEUTRAL,3,Transport,Ward 42
"Road repair done poorly, breaking again within weeks",NEGATIVE,1,Healthcare,Ward 47
New project for park development announced for our ward,NEUTRAL,3,Transport,Ward 20
"Drainage overflowing, sewage on streets, disgusting",NEGATIVE,1,Parks,Ward 20
Road marking work will start after monsoon,NEUTRAL,3,Roads,Ward 13
Traffic signal upgrade project is under review,NEUTRAL,3,Water,Ward 25
"Street lights are working perfectly now, feel safe at night",POSITIVE,5,Healthcare,Ward 20
Power outage scheduled for maintenance work,NEUTRAL,3,Construction,Ward 47
"Park renovation looks beautiful, children love it",POSITIVE,5,Electricity,Ward 11
Public toilet construction tender has been floated,NEUTRAL,3,Construction,Ward 33
"Water supply has improved a lot in our area, thank you",POSITIVE,5,Healthcare,Ward 5
"Water supply has improved a lot in our area, thank you",POSITIVE,4,Construction,Ward 25
"Road repair done poorly, breaking again within weeks",NEGATIVE,1,Roads,Ward 3
"Water supply has improved a lot in our area, thank you",POSITIVE,5,Transport,Ward 15
Road widening project expected to complete next month,NEUTRAL,3,Electricity,Ward 4
"Sewage line blocked for months, unbearable smell",NEGATIVE,1,Parks,Ward 9
"Construction work stopped midway, area looks terrible",NEGATIVE,1,Education,Ward 25
"Water tank cleaning done thoroughly, water quality improved",POSITIVE,4,Water,Ward 33
"Footpath occupied by vendors, pedestrians on road",NEGATIVE,1,Water,Ward 8
New contractor assigned for road repair work,NEUTRAL,3,Parks,Ward 11
"The road repair was completed on time, very happy with the work",POSITIVE,5,Public Safety,Ward 19
"Construction work stopped midway, area looks terrible",NEGATIVE,1,Roads,Ward 11
Road widening project expected to complete next month,NEUTRAL,3,Water,Ward 38
"Bus frequency has increased, commuting is easier",POSITIVE,4,Roads,Ward 36
"Sewage line blocked for months, unbearable smell",NEGATIVE,2,Transport,Ward 27
Environmental clearance received for park project,NEUTRAL,3,Sanitation,Ward 14
Public toilet construction tender has been floated,NEUTRAL,3,Electricity,Ward 14
The construction work was neat and professional,POSITIVE,4,Public Safety,Ward 11
"No water supply for the past 5 days, very frustrated",NEGATIVE,1,Education,Ward 37
Committee formed to review delayed projects,NEUTRAL,3,Transport,Ward 20
The sanitation team is doing a commendable job,POSITIVE,4,Parks,Ward 6
Road dug up for pipeline but not restored for months,NEGATIVE,2,Roads,Ward 19
Road widening project expected to complete next month,NEUTRAL,3,Roads,Ward 11
"Footpath construction completed, senior citizens are happy",POSITIVE,4,Roads,Ward 6
"Construction noise at midnight, residents suffering",NEGATIVE,2,Education,Ward 26
Pothole on main road not fixed even after 3 complaints,NEGATIVE,2,Public Safety,Ward 27
New contractor assigned for road repair work,NEUTRAL,3,Education,Ward 6
Survey completed for new drainage line,NEUTRAL,3,Parks,Ward 9
"Public toilet in horrible condition, very unhygienic",NEGATIVE,1,Sanitation,Ward 13
Happy with the prompt response from civic authorities,POSITIVE,5,Transport,Ward 37
"Drainage work done excellently, no more waterlogging",POSITIVE,5,Roads,Ward 12
"Water tank cleaning done thoroughly, water quality improved",POSITIVE,5,Water,Ward 16
"Water tank cleaning done thoroughly, water quality improved",POSITIVE,4,Water,Ward 19
Electricity department working on transformer upgrade,NEUTRAL,3,Healthcare,Ward 34
"Water quality has improved, no more complaints from residents",POSITIVE,5,Electricity,Ward 24
The bridge repair was done with high quality materials,POSITIVE,5,Electricity,Ward 4
Project completion date extended by two months,NEUTRAL,3,Education,Ward 20
"Road repair done poorly, breaking again within weeks",NEGATIVE,2,Water,Ward 22
"Contractor used substandard materials, work failing",NEGATIVE,1,Parks,Ward 24
"No water supply for the past 5 days, very frustrated",NEGATIVE,1,Education,Ward 1
Drainage cleaning drive happening next week,NEUTRAL,3,Roads,Ward 9
"Construction work stopped midway, area looks terrible",NEGATIVE,1,Construction,Ward 4
"Contractor used substandard materials, work failing",NEGATIVE,1,Public Safety,Ward 28
Road marking work will start after monsoon,NEUTRAL,3,Roads,Ward 6
"Street lights are working perfectly now, feel safe at night",POSITIVE,4,Healthcare,Ward 46
"Water supply erratic, pressure very low",NEGATIVE,2,Electricity,Ward 49
"Park renovation looks beautiful, children love it",POSITIVE,4,Parks,Ward 39
"Sewage line blocked for months, unbearable smell",NEGATIVE,2,Roads,Ward 6
Road marking work will start after monsoon,NEUTRAL,3,Transport,Ward 45
Work order issued for pothole repair,NEUTRAL,3,Electricity,Ward 21
"Garbage not collected for a week, health hazard",NEGATIVE,2,Transport,Ward 30
Road dug up for pipeline but not restored for months,NEGATIVE,1,Public Safety,Ward 41
"Bridge cracks visible, no action from authorities",NEGATIVE,2,Water,Ward 35
Great improvement in garbage collection frequency,POSITIVE,5,Transport,Ward 36
Electricity cut for 3 days without any information,NEGATIVE,1,Construction,Ward 47
"The government responded quickly to our complaint, well done",POSITIVE,4,Healthcare,Ward 50
The bridge repair was done with high quality materials,POSITIVE,5,Electricity,Ward 3
